id,answer
009001,ㄨㄛˇ ㄇㄣ˙ ㄔㄥˊ ㄕˋ ㄉㄜ˙ ㄈㄨˋ ㄙㄨ ㄧㄡˇ ㄌㄞˊ ㄧˊ ㄊㄚ ㄑㄧㄤˊ ㄧㄡˇ ㄌㄧˋ ㄉㄜ˙ ㄓㄥˋ ㄘㄜˋ
009002,ㄓㄜˋ ㄧㄤˋ ㄗㄨㄛˋ ㄉㄜ˙ ㄧ ㄐㄩˋ ㄐㄧㄡˋ ㄕˋ ㄙㄨ ㄖㄣˊ ㄊㄨㄥ ㄦˋ ㄙㄢ ㄑㄧ ㄏㄠˋ ㄨㄣˊ ㄐㄧㄢˋ
009003,ㄓㄜˋ ㄐㄧㄤ ㄏㄨㄟˋ ㄏㄣˇ ㄉㄚˋ ㄔㄥˊ ㄉㄨˋ ㄉㄜ˙ ㄏㄨㄢˊ ㄐㄧㄝˇ ㄧㄤˊ ㄌㄠˇ ㄐㄧㄣ ㄉㄜ˙ ㄑㄩㄜ ㄎㄠˇ
009004,ㄨㄟˋ ㄕㄣˊ ㄇㄜ˙ ㄐㄧˇ ㄈㄥ ㄨ ㄍㄠ ㄒㄧㄣˋ ㄐㄧㄡˋ ㄧㄥˇ ㄋㄚˋ ㄇㄜ˙ ㄉㄚˋ ㄉㄜ˙ ㄅㄛ ㄏㄨㄞˋ ㄌㄧˋ
009005,ㄍㄤ ㄇㄞˇ ㄉㄜ˙ ㄎㄨˋ ㄗ˙ ㄅㄨˊ ㄉㄠˋ ㄕˊ ㄈㄣ ㄓㄨㄥ ㄋㄧˇ ㄐㄧㄡˋ ㄋㄨㄥˋ ㄆㄛˋ ㄌㄜ˙
009006,ㄧㄣ ㄘˇ ㄓˇ ㄋㄥˊ ㄧˇ ㄗㄨㄟˋ ㄅㄣ ㄉㄜ˙ ㄈㄤ ㄕˋ ㄅㄨˊ ㄉㄨㄢˋ ㄧˊ ㄌㄨㄢˇ ㄐㄧ ㄕˊ
009007,ㄌㄧㄤˇ ㄖㄣˊ ㄘㄨㄛˋ ㄔㄜ ㄓ ㄐㄧˋ ㄇㄠˊ ㄉㄧㄝ ㄉㄧㄝ˙ ㄊㄨ ㄖㄢˊ ㄕㄨㄞ ㄉㄠˇ ㄕㄡˋ ㄕㄤ
009008,ㄊㄨㄥˊ ㄕˊ ㄇㄨˋ ㄇㄧㄣˊ ㄐㄧㄡˋ ㄧㄝˋ ㄑㄩˇ ㄉㄠˋ ㄓㄚˇ ㄕㄡ ㄖㄨˋ ㄗㄥ ㄓㄤˊ ㄏㄨㄢˇ ㄇㄢˋ
009009,ㄋㄩˇ ㄇㄧㄥˊ ㄒㄧㄥ ㄧㄝˇ ㄕ ㄆㄧㄥˊ ㄈㄢ ㄖㄣˊ ㄋㄧㄣˊ ㄧˇ ㄨㄟˊ ㄗㄞˋ ㄩˊ ㄌㄜ˙ ㄑㄨㄢ ㄆㄞ ㄒㄧˋ ㄍㄢˇ ㄊㄨㄥˊ ㄍㄠ ㄏㄣˇ ㄖㄨㄥˊ ㄧˋ ㄇㄚ˙
009010,ㄒㄩˇ ㄉㄨㄛ ㄉㄠˋ ㄌㄧˇ ㄖㄣˊ ㄇㄣ˙ ㄧˇ ㄐㄧㄥ ㄓㄥˋ ㄇㄧㄥˊ ㄍㄨㄛˋ ㄑㄧㄢ ㄅㄧㄢˋ ㄨㄢˋ ㄅㄧㄢˋ ㄨㄟˋ ㄕㄣ˙ ㄇㄜ˙ ㄏㄞˊ ㄧㄠˋ ㄉㄞˋ ㄓㄜ˙ ㄐㄧㄠˇ ㄒㄧㄥ ㄉㄜ˙ ㄒㄧㄣ ㄌㄧˇ ㄗㄞˋ ㄑㄩˋ ㄕˋ ㄧㄢˋ ㄧˋ ㄏㄨㄟˊ ㄋㄜ˙
009011,ㄗㄨㄛˊ ㄊㄧㄢ ㄊㄚ ㄒㄧㄤˋ ㄔㄥˊ ㄉㄨˋ ㄕㄤ ㄅㄠˋ ㄐㄧˋ ㄓㄜˇ ㄨㄟˊ ㄨㄟˇ ㄉㄠˋ ㄌㄞˊ
009012,ㄌㄧㄣˊ ㄈㄥ ㄩˇ ㄉㄨㄛ ㄨㄟˋ ㄋㄧㄢˊ ㄑㄧㄥ ㄇㄡˇ ㄊㄦˋ ㄋㄚˊ ㄑㄧˇ ㄉㄠˋ ㄐㄩˋ ㄉㄢˋ ㄍㄠ ㄏㄜˊ ㄓㄠˋ
009013,ㄉㄨㄟˋ ㄩˊ ㄨˊ ㄌㄧˇ ㄎㄜˇ ㄊㄨˊ ㄉㄜ˙ ㄎㄜˋ ㄏㄨˋ ㄑㄩˇ ㄉㄠˋ ㄧㄝˊ ㄅㄚˇ ㄊㄚ ㄇㄣ˙ ㄑㄧㄚ ㄉㄨㄢˋ ㄌㄜ˙
009014,ㄇㄟˇ ㄐㄩㄋ ㄨㄟˋ ㄏㄜˊ ㄏㄞˊ ㄆㄛˋ ㄅㄨˋ ㄐㄧˊ ㄉㄞˋ ㄉㄜ˙ ㄧㄠˋ ㄉㄨㄥˋ ㄩㄥˋ ㄉㄧˋ ㄙˋ ㄅㄨˇ ㄅㄧㄥ ㄕ
009015,ㄦˊ ㄧˊ ㄇㄧㄣˊ ㄩˇ ㄍㄨㄢ ㄑㄧㄚˇ ㄐㄩˊ ㄧˊ ㄓㄢˇ ㄎㄞ ㄉㄧㄠˋ ㄔㄚˊ ㄓㄤˇ ㄨㄛˋ ㄌㄧㄤˇ ㄖㄣˊ ㄉㄜ˙ ㄗㄨㄟˋ ㄓㄥˋ
009016,ㄨㄟˋ ㄌㄜ˙ ㄉㄨㄛ ㄓㄥˋ ㄐㄧˇ ㄍㄜ˙ ㄈㄚˇ ㄌㄤˊ ㄊㄚ ㄇㄟˇ ㄓㄡ ㄔㄠ ㄈㄨˋ ㄏㄜˋ ㄉㄜ˙ ㄍㄨㄥ ㄗㄨㄛˋ
009017,ㄨㄟˋ ㄌㄜ˙ ㄖㄤˋ ㄓㄤˋ ㄈㄨ˙ ㄑㄧㄥ ㄑㄧㄥ ㄕㄨㄤˊ ㄕㄨㄤˇ ㄔㄤˊ ㄋㄩˇ ㄏㄞˊ ㄒㄩㄜˊ ㄏㄨㄟˋ ㄌㄜ˙ ㄌㄧˇ ㄈㄚˋ
009018,ㄓˇ ㄓ ㄉㄠˋ ㄆㄧˊ ㄌㄨㄣˋ ㄔㄨㄥ ㄍㄨㄤ ㄉㄜ˙ ㄖㄣˊ ㄔㄨㄣ ㄍㄨㄤ ㄅㄨˊ ㄏㄨㄟˋ ㄩˇ ㄊㄚ ㄊㄨㄥˊ ㄒㄧㄥˊ
009019,ㄐㄩˋ ㄌㄧㄠˊ ㄐㄧㄝˇ ㄩˇ ㄩㄢˊ ㄍㄨㄥ ㄍㄨㄢˇ ㄕˋ ㄇㄧㄣˊ ㄍㄨㄥˊ ㄋㄧㄥˊ ㄧ ㄌㄧㄡˊ ㄐㄧㄢˋ ㄒㄩㄋ ㄉㄜ˙ ㄐㄧㄡˋ ㄐㄩ
009020,ㄏㄡˋ ㄇㄧㄢˋ ㄉㄜ˙ ㄏㄨㄚˋ ㄊㄚ ㄧˇ ㄐㄧㄥ ㄊㄧㄥ ㄅㄨ˙ ㄉㄠˋ ㄌㄜ˙ ㄅㄨˋ ㄐㄧㄢˇ ㄈㄟˊ ㄋㄧㄥˋ ㄎㄜˊ ㄙˇ
009021,ㄐㄧㄣ ㄏㄨㄣˊ ㄧˊ ㄎㄜˋ ㄍㄨㄛˋ ㄏㄡˋ ㄊㄚ ㄏㄨㄟˊ ㄒㄧㄤˊ ㄑㄧˇ ㄕˋ ㄉㄥ ㄕㄢ ㄓㄤˋ ㄇㄟˊ ㄋㄧㄥˊ ㄐㄧㄣˇ
009022,ㄒㄧ ㄕㄨㄟˇ ㄒㄧ ㄔㄣˊ ㄒㄩˋ ㄨ ㄊㄜˊ ㄧㄣ ㄅㄠˇ ㄏㄨˋ ㄓㄨˇ ㄐㄧ ㄊㄢˊ ㄉㄥˇ ㄍㄨㄥ ㄋㄥˊ
009023,ㄅㄟˋ ㄕㄜˋ ㄕㄚ ㄉㄨㄥ ㄅㄟˊ ㄏㄨˊ ㄉㄜ˙ ㄌㄠˇ ㄍㄨㄥ ㄐㄧˋ ㄇㄛˋ ㄉㄜ˙ ㄆㄚ ㄗㄞˋ ㄊㄧˇ ㄌㄨㄥˊ ㄋㄟˋ
009024,ㄧㄡˇ ㄕˊ ㄇㄤˊ ㄑㄧˊ ㄌㄞˊ ㄌㄜ˙ ㄇㄟˊ ㄌㄧㄥˊ ㄑㄧㄢˊ ㄧˋ ㄌㄧㄢˊ ㄐㄧˇ ㄊㄧㄢ ㄉㄡ ㄅㄨˋ ㄕㄡ ㄨㄛˇ ㄑㄧㄢˊ
009025,ㄔㄥˊ ㄑㄧ ㄙˋ ㄧ ㄌㄨˋ ㄍㄢˊ ㄏㄨㄛˇ ㄔㄜ ㄉㄜ˙ ㄔㄥˊ ㄎㄜˋ ㄗㄨㄟˋ ㄏㄠˇ ㄊㄧˊ ㄙㄠˇ ㄔㄨ ㄈㄚ
009026,ㄧㄡˇ ㄒㄧㄝ ㄐㄧㄚ ㄖㄨˋ ㄌㄜ˙ ㄅㄤˋ ㄅㄤˇ ㄐㄩㄋ ㄐㄧㄣ ㄐㄧㄢ ㄊㄧㄠˇ ㄓㄨˊ ㄍㄢ ㄘㄨㄥˊ ㄕˋ ㄏㄡˋ ㄨˋ ㄩㄣˋ ㄙㄨㄥˋ
009027,ㄉㄢˋ ㄊㄚ ㄇㄜ˙ ㄏㄣˇ ㄓ ㄔˊ ㄩㄣˊ ㄒㄩˊ ㄨㄛˊ ㄅㄚˇ ㄓㄜˋ ㄐㄩˋ ㄏㄨㄚˋ ㄈㄤˋ ㄉㄠˋ ㄨㄤˇ ㄓㄢˋ ㄕㄤˋ
009028,ㄧˇ ㄑㄧㄢˊ ㄙㄨㄛˇ ㄅㄢˋ ㄉㄜ˙ ㄓㄢˊ ㄌㄢˊ ㄉㄥˇ ㄅㄨˋ ㄕㄨˇ ㄩˊ ㄍㄨˋ ㄍㄨㄥ ㄍㄨㄢˊ ㄌㄧˇ
009029,ㄉㄢˋ ㄕˋ ㄐㄧㄚ ㄅㄠˋ ㄨㄚ˙ ㄊㄚ ㄧㄝˊ ㄧㄡˊ ㄋㄩˇ ㄉㄜ˙ ㄉㄢˇ ㄋㄢˊ ㄉㄜ˙ ㄉㄜ˙ ㄕˊ ㄏㄡˋ
009030,ㄑㄧ ㄐㄧㄢ ㄋㄧㄡ ㄋㄧㄡ˙ ㄧˋ ㄓˊ ㄉㄚˋ ㄎㄨ ㄉㄢˇ ㄉㄢ ㄇㄠˇ ㄇㄟˊ ㄧㄡˇ ㄊㄧㄥˊ ㄕㄡˇ
009031,ㄅㄧㄥ ㄒㄩㄜˇ ㄕㄤˋ ㄨㄟˋ ㄖㄨㄥˊ ㄏㄨㄚˋ ㄔㄨㄥˊ ㄐㄧㄢˋ ㄉㄧㄢˋ ㄨㄤˇ ㄉㄜ˙ ㄅㄨˋ ㄈㄚˊ ㄧˇ ㄎㄞ ㄑㄧˇ
009032,ㄈㄚ ㄒㄧㄢˋ ㄍㄨㄥ ㄗㄨㄛˋ ㄖㄣˊ ㄩㄢˊ ㄊㄞˋ ㄉㄨˋ ㄇㄢˊ ㄏㄥˋ ㄉㄜ˙ ㄧㄠˋ ㄧㄢˊ ㄐㄧㄚ ㄔㄥˊ ㄔㄨˇ
009033,ㄋㄚˋ ㄒㄧㄝ ㄒㄧˇ ㄏㄨㄢ ㄊㄧㄠ ㄉㄧㄢˇ ㄇㄠˊ ㄅㄧㄥˋ ㄕㄨㄛ ㄉㄧㄢˇ ㄒㄧㄢˊ ㄏㄨㄚˋ ㄉㄜ˙ ㄖㄣˊ ㄧㄝˇ ㄏㄨㄚˋ ㄅㄨˋ ㄉㄨㄛ
009034,ㄧㄡˊ ㄩˊ ㄏㄨㄛˊ ㄔㄤˇ ㄕㄤˋ ㄈㄥ ㄌㄧˋ ㄅㄨˊ ㄉㄨㄢˋ ㄐㄧㄚ ㄉㄚˋ ㄧㄡˋ ㄐㄧㄚ ㄙㄨㄛ˙ ㄌㄜ˙ ㄎㄜˇ ㄖㄢˊ ㄨˋ ㄖㄣˊ ㄕㄠ
009035,ㄎㄨㄞˋ ㄗㄡˇ ㄉㄠˋ ㄉㄧˋ ㄅㄧㄢ ㄕˊ ㄩㄢˊ ㄩㄢˇ ㄎㄢˋ ㄉㄠˋ ㄉㄧˋ ㄌㄥˊ ㄏㄡˋ ㄍㄜ ㄓㄜˇ ㄧˊ ㄐㄧㄢˋ ㄏㄨㄚ ㄧ ㄕㄤˋ
009036,ㄈㄟˋ ㄑㄧˋ ㄓㄨ ㄖㄡˋ ㄗㄞˋ ㄊㄨˇ ㄍㄨㄛ ㄌㄧˇ ㄠˊ ㄌㄧㄢˋ ㄏㄟ ㄙㄜˋ ㄉㄜ˙ ㄓㄨ ㄧㄡˊ ㄌㄧㄡˊ ㄉㄠˋ ㄊㄨㄥˊ ㄌㄧˇ
009037,ㄖㄨˊ ㄐㄧㄝ ㄍㄜˊ ㄑㄧˇ ㄧˋ ㄉㄜ˙ ㄓㄨㄤ ㄕˋ ㄉㄨㄥ ㄙ ㄗㄡˇ ㄖㄨˋ ㄌㄜ˙ ㄓㄥˋ ㄍㄨㄟˇ ㄕㄥ ㄐㄧˋ ㄨˊ ㄧㄡ
009038,ㄌㄨㄢˊ ㄗˇ ㄕˋ ㄘㄨㄥˊ ㄐㄧˋ ㄧㄣ ㄎㄨˋ ㄊㄧㄠ ㄒㄨㄢˇ ㄉㄜ˙ ㄌㄞˊ ㄗ˙ ㄧˊ ㄍㄜ˙ ㄋㄧˋ ㄇㄧㄥˊ ㄉㄜ˙ ㄋㄩˇ ㄗ˙
009039,ㄉㄢˋ ㄖㄨˊ ㄍㄨㄛˇ ㄑㄩㄜ ㄈㄚˊ ㄗ ㄐㄧㄣ ㄑㄩㄜˋ ㄏㄣˇ ㄋㄢˊ ㄒㄧˋ ㄧㄣˇ ㄧㄡ ㄒㄧㄡˋ ㄉㄜ˙ ㄖㄨㄢˇ ㄐㄧㄢˋ ㄖㄣˊ ㄘㄞˊ
009040,ㄦˋ ㄧㄤˋ ㄏㄨㄚˋ ㄌㄧㄡˊ ㄊㄧㄢ ㄐㄧㄚ ㄗㄞˋ ㄕˊ ㄆㄧㄣˇ ㄓㄨㄥ ㄓㄨㄛˇ ㄑㄧˊ ㄆㄧㄠˇ ㄅㄞˊ ㄏㄜˊ ㄈㄤˊ ㄈㄨˇ ㄗㄨㄛˋ ㄩㄥˋ
009041,ㄧˊ ㄨㄟˋ ㄕˋ ㄇㄧㄣˊ ㄕㄨㄛ ㄐㄧㄥ ㄒㄧㄥˇ ㄏㄡˋ ㄊㄧㄥ ㄐㄧㄢˋ ㄌㄜ˙ ㄈㄤˊ ㄨ ㄅㄟˋ ㄧㄠˊ ㄉㄨㄥˋ ㄉㄜ˙ ㄓ ㄓ ㄕㄥ
009042,ㄐㄧㄝˊ ㄍㄨㄛˇ ㄧㄣ ㄘˇ ㄇㄟˊ ㄔㄡˇ ㄐㄧㄢˋ ㄑㄧㄢˊ ㄇㄧㄣˋ ㄉㄜ˙ ㄉㄧㄢˋ ㄒㄧㄢˋ ㄍㄢ ㄗ˙ ㄧˋ ㄊㄡˊ ㄗㄞ ㄕㄤˋ ㄌㄜ˙
009043,ㄘㄜˋ ㄐㄧㄥˇ ㄐㄧˋ ㄕㄨˋ ㄉㄨㄟˋ ㄕˊ ㄧㄡˊ ㄎㄢ ㄊㄢ˙ ㄉㄜ˙ ㄒㄧㄠˋ ㄌㄩˋ ㄏㄜˊ ㄓˋ ㄌㄧㄤˋ ㄓˊ ㄍㄨㄢ ㄓㄨㄥˋ ㄧㄠˋ
009044,ㄧㄡˇ ㄖㄣˊ ㄈㄚ ㄔㄨ ㄓㄜˋ ㄧㄤˋ ㄉㄜ˙ ㄧˊ ㄨㄣˋ ㄈㄢˋ ㄉㄨˊ ㄓˋ ㄗㄠˋ ㄐㄧㄚˇ ㄧㄠˋ ㄇㄟˊ ㄧㄡˇ ㄖㄣˊ ㄍㄨㄢˇ ㄇㄚ˙
009045,ㄇㄟˇ ㄊㄧㄢ ㄉㄚˋ ㄅㄨˋ ㄈㄣ˙ ㄕˇ ㄐㄧㄢ ㄊㄚ ㄉㄡ ㄉㄞˋ ㄗㄞˋ ㄒㄧㄡˋ ㄐㄧㄚˋ ㄑㄧㄢˊ ㄇㄞˊ ㄊㄡˊ ㄒㄧㄡˋ ㄏㄨㄚ
009046,ㄦˊ ㄉㄠˋ ㄒㄧㄚˋ ㄐㄧˋ ㄏㄡˋ ㄋㄧㄠˊ ㄅㄟˇ ㄈㄟ ㄧㄡˋ ㄎㄜˇ ㄋㄥˊ ㄗㄞˋ ㄧㄚˋ ㄓㄡ ㄅㄟˇ ㄅㄨˋ ㄉㄞˋ ㄌㄞˊ ㄧˋ ㄑㄧㄥˊ
009047,ㄅㄧ ㄗㄜˋ ㄉㄜ˙ ㄏㄤˋ ㄉㄠˋ ㄌㄧㄤˇ ㄆㄤˊ ㄌㄧㄣˊ ㄌㄧˋ ㄓㄜ˙ ㄒㄧㄠˊ ㄕㄡˇ ㄍㄨㄥ ㄗㄨㄛ ㄈㄤ˙ ㄉㄜ˙ ㄓㄠ ㄆㄞ˙
009048,ㄉㄢˋ ㄕˋ ㄒㄧㄢˋ ㄕ˙ ㄓㄨㄥ ㄗㄨㄟˋ ㄓㄨㄥ ㄧˋ ㄅㄢ ㄉㄡ ㄋㄢˊ ㄧˇ ㄏㄨㄛˋ ㄉㄜˊ ㄎㄨㄢ ㄩˋ ㄉㄜ˙ ㄆㄟˊ ㄔㄤˊ
009049,ㄕㄥ ㄏㄞˊ ㄗ˙ ㄧㄝˊ ㄏㄣˇ ㄌㄟˋ ㄧㄚ˙ ㄅㄨˊ ㄧㄠˋ ㄗㄞˋ ㄧˋ ㄕˋ ㄕㄟˊ ㄉㄜ˙ ㄌㄜ˙ ㄏㄠˇ ㄇㄚ˙
009050,ㄓㄥˋ ㄕˋ ㄓㄜˋ ㄓㄨㄥˋ ㄇㄧㄥˊ ㄉㄜ˙ ㄈㄥ ㄓㄥˋ ㄕˇ ㄧㄢˋ ㄔㄥˊ ㄐㄧㄡˋ ㄌㄜ˙ ㄊㄚ ㄉㄧㄢˋ ㄒㄩㄜˇ ㄓ ㄈㄨˋ ㄉㄜ˙ ㄉㄧˋ ㄨㄟˋ
009051,ㄓㄨㄥ ㄒㄧㄢˋ ㄧㄡˊ ㄌㄧㄤˇ ㄑㄧㄢ ㄙㄢ ㄅㄢˇ ㄋㄧㄢˊ ㄌㄧˋ ㄕˇ ㄕˋ ㄅㄚ ㄨㄣˊ ㄏㄨㄚˋ ㄈㄚ ㄒㄧㄤˊ ㄉㄧˋ
009052,ㄧㄡˇ ㄕˊ ㄓㄨㄛ ㄗ˙ ㄕㄤˋ ㄕㄨ ㄏㄥˊ ㄌㄜ˙ ㄧㄢˇ ㄩˊ ㄌㄜˋ ㄔㄥˊ ㄌㄡ˙ ㄑㄧˋ ㄧㄝˇ ㄅㄨˋ ㄏㄠˇ
009053,ㄨㄛˇ ㄏㄞˊ ㄇㄧㄢˊ ㄧㄤˇ ㄍㄨㄛˋ ㄔㄨㄥˇ ㄨˋ ㄋㄜ˙ ㄅㄨˊ ㄍㄨㄛˋ ㄉㄠˋ ㄕˋ ㄏㄣˊ ㄒㄧㄤˇ ㄔㄤˊ ㄕˋ ㄧˊ ㄒㄧㄚˋ
009054,ㄐㄩˋ ㄒㄧ ㄌㄠˇ ㄊㄞˋ ㄊㄞ˙ ㄉㄨˊ ㄗˋ ㄧˋ ㄖㄣˊ ㄐㄩ ㄓㄨˋ ㄕㄣ ㄅㄧㄝ ㄨˊ ㄖㄣˊ ㄓㄠˋ ㄍㄨˋ
009055,ㄅㄞˇ ㄇㄧㄥˊ ㄐㄧㄤ ㄐㄩㄋ˙ ㄓˊ ㄕㄨˋ ㄧˇ ㄔㄥˊ ㄨㄟˊ ㄧˋ ㄨˋ ㄓˊ ㄕㄨˋ ㄏㄨㄛˊ ㄉㄨㄥˋ ㄉㄜ˙ ㄉㄧㄢˇ ㄈㄢˋ
009056,ㄏㄢˊ ㄐㄧㄚˋ ㄗㄨㄛˋ ㄧㄝˋ ㄅㄧㄢˋ ㄌㄜ˙ ㄨㄟˋ ㄉㄡ ㄕˋ ㄍㄨㄥ ㄌㄧ˙ ㄕˊ ㄩㄥˋ ㄓㄨˇ ㄧˋ ㄖㄜˇ ㄉㄜ˙ ㄏㄨㄛˋ
009057,ㄧㄡˇ ㄘˋ ㄆㄥˊ ㄧㄡ˙ ㄧˋ ㄐㄧˊ ㄉㄚˇ ㄇㄚˊ ㄐㄧㄤˋ ㄙㄢ ㄑㄩㄜ ㄧ ㄧㄡˇ ㄍㄜ˙ ㄆㄥˊ ㄧㄡ˙ ㄉㄞˋ ㄍㄜ˙ ㄅㄨˊ ㄖㄣˋ ㄕ˙ ㄉㄜ˙ ㄆㄥˊ ㄧㄡ˙ ㄌㄞˊ ㄨㄛˇ ㄇㄜ˙ ㄨㄣˋ ㄊㄚ ㄏㄨㄟˋ ㄨㄢˊ ㄇㄚ˙
009058,ㄌㄧㄡˊ ㄒㄧㄢ ㄕㄥ˙ ㄐㄩㄜˊ ㄉㄜ˙ ㄅㄨˊ ㄉㄨㄟˋ ㄐㄧㄣㄖˋ ㄒㄧㄢˋ ㄎㄞˋ ㄅㄟˋ ㄗˇ ㄧˊ ㄎㄢˋ ㄨㄤˊ ㄏㄨㄟˋ ㄧˇ ㄐㄧㄥ ㄉㄨㄢˋ ㄑㄧˋ ㄙㄨㄟˊ ㄐㄧˊ ㄅㄠˋ ㄐㄧㄥˇ
009059,ㄗˋ ㄐㄧˇ ㄎㄢˋ ㄎㄢ˙ ㄋㄧˇ ㄓㄜˋ ㄉㄨˋ ㄗ˙ ㄋㄚˇ ㄒㄧㄤ ㄦˋ ㄕˋ ㄐㄧˇ ㄙㄨㄟˋ ㄙˋ ㄨˋ ㄕˊ ㄙㄨㄟˋ ㄉㄡ ㄅㄨˋ ㄓˇ ㄅㄚ˙
009060,ㄅㄧㄝˊ ㄐㄩˇ ㄙㄤˋ ㄏㄨㄛˊ ㄔㄨ ㄐㄧㄥ ㄘㄞˇ ㄘㄞˊ ㄕˋ ㄉㄨㄟˋ ㄈㄥˇ ㄘˋ ㄗㄨㄟˋ ㄏㄠˇ ㄉㄜ˙ ㄏㄨㄢˊ ㄐㄧ ㄉㄨㄣ ㄒㄧㄚˋ ㄌㄞˋ ㄍㄟˇ ㄗˋ ㄐㄧˇ ㄧˊ ㄍㄜ˙ ㄩㄥ ㄅㄠˋ
009061,ㄗㄨㄛˊ ㄖˋ ㄅㄟˇ ㄐㄧㄥ ㄠˋ ㄩㄣˋ ㄏㄨㄟˋ ㄎㄞ ㄇㄨˋ ㄕˋ ㄉㄠˊ ㄧㄢˇ ㄓ ㄧ ㄉㄜ˙ ㄨㄤˊ ㄔㄠˊ ㄍㄜ ㄊㄡˋ ㄌㄨˋ ㄌㄜ˙ ㄓㄜˋ ㄧˋ ㄒㄧㄠ ㄒㄧ˙
009062,ㄖㄨˊ ㄐㄧㄤ ㄈㄨˋ ㄩˋ ㄉㄜ˙ ㄉㄧㄢˋ ㄌㄧˋ ㄇㄞˋ ㄍㄟˇ ㄍㄨㄛˊ ㄐㄧㄚ ㄉㄧㄢˋ ㄈㄤˇ ㄅㄧˇ ㄓㄨㄥˋ ㄉㄧˋ ㄉㄜ˙ ㄒㄧㄠˋ ㄧˇ ㄧㄠˋ ㄊㄧˊ ㄍㄠ ㄏㄠˇ ㄉㄨㄛ ㄅㄟˋ
009063,ㄊㄧㄥ ㄉㄠˋ ㄘˇ ㄏㄨㄚˋ ㄐㄧㄝˊ ㄇㄡˇ ㄏㄜˊ ㄏㄢˊ ㄋㄠˊ ㄏㄣˇ ㄑㄧˋ ㄈㄢ˙
009064,ㄖㄣˊ ㄇㄣ˙ ㄏㄜˋ ㄨㄛˇ ㄇㄣ˙ ㄏㄞˊ ㄋㄥˊ ㄗㄞˋ ㄎㄞ ㄉㄚˋ ㄌㄨㄥˊ ㄊㄡˊ ㄖㄤˋ ㄑㄧㄥ ㄌㄧㄥˊ ㄌㄧㄥˊ ㄉㄜ˙ ㄗˋ ㄌㄞˊ ㄕㄨㄟˇ ㄓㄡˋ ㄧㄝˋ ㄔㄤˊ ㄌㄧㄡˊ ㄇㄚ˙
009065,ㄑㄧˋ ㄐㄧㄣ ㄨㄟˊ ㄓˇ ㄊㄚ ㄖㄥˊ ㄖㄢˊ ㄅㄧˇ ㄍㄥ ㄅㄨˊ ㄔㄨㄛˋ
009066,ㄨㄛˇ ㄍㄨㄟ ㄋㄩ˙ ㄖㄤˋ ㄨㄛˊ ㄍㄟˇ ㄊㄚ ㄇㄢˊ ㄏㄠˇ ㄔ ㄉㄜ˙ ㄋㄜ˙
009067,ㄔㄠ ㄕˋ ㄌㄧˇ ㄑㄩㄜˋ ㄔㄠˊ ㄇㄧˊ ㄈㄣˇ ㄇㄞˋ ㄉㄜ˙ ㄅㄨˊ ㄘㄨㄛˋ
009068,ㄓㄨ ㄖㄨㄥˊ ㄐㄧ ㄊㄨㄥˊ ㄓˋ ㄍㄢˇ ㄉㄠˋ ㄧㄡˊ ㄏㄣˇ ㄉㄚˋ ㄧㄚ ㄌㄧˋ
009069,ㄍㄨㄥ ㄋㄟˋ ㄓㄥˇ ㄐㄧㄝˊ ㄌㄧˋ ㄙㄨㄛ˙ ㄌㄤˊ ㄓㄨㄥˋ ㄇㄣˊ ㄔㄨㄤ ㄧㄢˊ ㄙㄜˋ ㄒㄧㄢ ㄧㄢˋ ㄐㄧˇ ㄇㄧㄥˊ ㄉㄧㄢˋ ㄍㄨㄥ ㄓㄥˋ ㄗㄞˋ ㄨㄟˊ ㄒㄧㄡ ㄒㄧㄢˋ ㄌㄨˋ
009070,ㄉㄥ ㄕㄤˋ ㄇㄛˊ ㄊㄧㄢ ㄌㄨㄣˊ ㄧㄡˊ ㄎㄜˋ ㄇㄣ˙ ㄋㄥˊ ㄈㄨˇ ㄎㄢˋ ㄗˋ ㄧㄡˊ ㄋㄩˇ ㄕㄣˊ ㄒㄧㄤˋ ㄊㄧㄠˋ ㄨㄤˋ ㄇㄢˋ ㄏㄚ ㄉㄨㄣˋ ㄊㄧㄢ ㄐㄧˋ ㄒㄧㄢˋ
009071,ㄓㄜˋ ㄕˋ ㄗㄤˋ ㄇㄧㄣˊ ㄉㄜ˙ ㄉㄧㄥˊ ㄌㄧˇ
009072,ㄗㄞˋ ㄕㄨㄛ ㄌㄜ˙ ㄨㄛˇ ㄅㄚ ㄕㄡˇ ㄐㄧㄝ ㄏㄨㄢˊ ㄍㄟˊ ㄋㄧˇ ㄨㄛˇ ㄅㄨˋ ㄐㄧㄡˋ ㄕˋ ㄗˋ ㄊㄡˊ ㄌㄨㄛˊ ㄨㄤˇ ㄨㄛˊ ㄕㄚˇ ㄧㄚ˙
009073,ㄉㄨㄟˋ ㄩˊ ㄕㄤˋ ㄕㄨˋ ㄊㄡˊ ㄗ ㄊㄧㄢ ㄌㄞˋ ㄙˋ ㄉㄜ˙ ㄙㄥ ㄖㄣˊ ㄇㄣ˙ ㄅㄧㄠˇ ㄕˋ ㄧˋ ㄨˊ ㄙㄨㄛˇ ㄓ
009074,ㄓˇ ㄕˋ ㄙㄢ ㄧ ㄈㄤ ㄇㄧㄢˋ ㄎㄨˇ ㄩˊ ㄇㄟˊ ㄧㄡˇ ㄑㄩㄜˋ ㄗㄠˊ ㄓㄥˋ ㄐㄩˋ
009075,ㄓㄤ ㄧㄥˇ ㄑㄧㄥ ㄔㄨㄤˋ ㄌㄧˋ ㄉㄜ˙ ㄒㄩㄜˊ ㄎㄜ ㄕㄡˋ ㄍㄠ ㄉㄨㄥˋ ㄆㄧㄥˊ ㄐㄧㄚˋ
009076,ㄇㄞˇ ㄧㄥˊ ㄧㄣˇ ㄌㄧㄠˋ ㄆㄧㄥˊ ㄍㄞˋ ㄕㄤˋ ㄒㄧㄝˇ ㄉㄜ˙ ㄗㄞˋ ㄌㄞˊ ㄧˋ ㄆㄧㄥˊ
009077,ㄧㄠˊ ㄖㄤˇ ㄅㄢˋ ㄋㄧㄢˊ ㄗㄨㄟˇ ㄓㄨㄥ ㄅㄟˋ ㄆㄢˋ ㄈㄚˊ ㄎㄨㄢˇ ㄌㄧㄠˇ ㄕˋ
009078,ㄨㄛˇ ㄉㄜ˙ ㄙㄨㄟ ㄋㄩ˙ ㄕㄨㄛ ㄊㄚ ㄒㄧㄢˋ ㄗㄞˋ ㄅㄨˊ ㄩㄢˋ ㄧˋ ㄑㄩˋ ㄕㄤˋ ㄒㄩㄜˊ
009079,ㄊㄚ ㄕㄣ ㄘㄞˊ ㄞˊ ㄒㄧㄠˇ ㄑㄨㄢˊ ㄍㄨˇ ㄊㄨ ㄔㄨ ㄌㄧㄡˊ ㄖㄜ˙ ㄒㄧㄠˇ ㄏㄨˊ ㄗ˙ ㄕㄨㄛ ㄏㄨㄚˋ ㄧˋ ㄎㄡˇ ㄋㄨㄥˊ ㄓㄨㄥˋ ㄉㄜ˙ ㄈㄨˊ ㄐㄧㄢˋ ㄎㄡˇ ㄧㄣ
009080,ㄑㄧˊ ㄕˊ ㄊㄧㄢˊ ㄒㄧㄥ ㄐㄧㄡˋ ㄕˋ ㄓˋ ㄓㄤˋ ㄓㄜˊ ㄌㄩˇ ㄊㄧㄢ ㄒㄧˇ
009081,ㄩˇ ㄧˋ ㄒㄧㄥˋ ㄐㄧㄝ ㄔㄨˋ ㄉㄜ˙ ㄐㄧˊ ㄏㄨㄟˋ ㄉㄨㄛ ㄔ ㄘㄨˋ ㄌㄜ˙ ㄇㄟˊ
009082,ㄏㄣˇ ㄎㄨㄞˋ ㄓㄤ ㄇㄡˇ ㄦˊ ㄗ˙ ㄉㄜ˙ ㄍㄨㄥ ㄗㄨㄛˋ ㄢ ㄆㄞˊ ㄊㄨㄛˇ ㄉㄤˋ
009083,ㄉㄚˋ ㄇㄛˊ ㄕㄡˇ ㄒㄧˊ ㄐㄧㄥ ㄐㄧˋ ㄒㄩㄜˊ ㄐㄧㄚ ㄨㄤˊ ㄑㄧㄥˋ ㄗㄜˊ ㄖㄣˋ ㄨㄟˊ ㄇㄨˋ ㄑㄧㄢˊ ㄉㄜ˙ ㄑㄧㄢˊ ㄗㄞˋ ㄔㄨㄥ ㄐㄧ ㄕˋ ㄎㄜˊ ㄧˋ ㄎㄨㄥˋ ㄓ˙ ㄉㄜ˙
009084,ㄨㄛˊ ㄒㄧˇ ㄏㄨㄢ ㄩㄣˋ ㄉㄨㄥˋ ㄉㄢˋ ㄕˇ ㄏㄣˊ ㄕㄠˊ ㄉㄚˇ ㄌㄢˊ ㄑㄧㄡˊ ㄋㄜ˙
009085,ㄌㄧㄣˊ ㄐㄧㄣˋ ㄋㄧㄢˊ ㄉㄧˇ ㄍㄜˋ ㄓㄨㄥˊ ㄅㄨˇ ㄊㄧㄝ ㄈㄣ ㄓˋ ㄊㄚˋ ㄌㄞˊ
009086,ㄊㄨㄥˊ ㄧㄤˋ ㄉㄜ˙ ㄏㄡˋ ㄒㄨㄢˊ ㄔˇ ㄘㄨㄣˋ ㄧㄝˇ ㄐㄧㄣˋ ㄒㄧㄥˊ ㄌㄜ˙ ㄙㄨㄛ ㄉㄨㄢˇ
009087,ㄅㄟˋ ㄅㄨˋ ㄉㄜ˙ ㄐㄩˋ ㄓˋ ㄧㄣ ㄘˇ ㄅㄟˋ ㄘㄥˋ ㄌㄢˋ ㄏㄠˇ ㄉㄨㄛ ㄏㄨㄟˊ
009088,ㄨㄛˊ ㄊㄧㄥˇ ㄗㄞˋ ㄏㄨˋ ㄈㄣˇ ㄙ ㄉㄜ˙ ㄡˊ ㄦˊ ㄧㄝˇ ㄏㄨㄟˋ ㄈㄚ ㄍㄜ˙ ㄊㄧㄝˇ
009089,ㄧˋ ㄓ ㄘㄢ ㄗㄞˋ ㄍㄨㄥ ㄐㄧ ㄓㄨㄚˇ ㄗ˙ ㄕㄤˋ ㄓㄨㄤ ㄓㄜ˙ ㄒㄧㄠˇ ㄉㄠ
009090,ㄑㄧㄢˊ ㄒㄧㄢ ㄋㄧㄢˊ ㄔㄨ ㄒㄧㄢˋ ㄌㄜ˙ ㄒㄧˊ ㄗㄠˇ ㄒㄧㄝˋ ㄊㄡˋ ㄑㄧˋ ㄒㄧㄝˋ ㄉㄥˇ ㄍㄜˋ ㄌㄟˇ ㄉㄚˇ ㄓㄜ˙ ㄧㄤˊ ㄔㄥˊ ㄏㄨˊ ㄓㄠ ㄆㄞˊ ㄉㄜ˙ ㄏㄨˊ ㄒㄧㄝˋ
009091,ㄋㄧˇ ㄖㄢˊ ㄊㄧˇ ㄧㄢˋ ㄓㄜ˙ ㄊㄨㄥˋ ㄎㄨˇ ㄦˊ ㄒㄧㄥˋ ㄈㄨˊ ㄉㄜ˙ ㄕˊ ㄎㄜˋ
009092,ㄨˊ ㄑㄧˊ ㄌㄨㄥˊ ㄔㄥ ㄉㄤ ㄓˋ ㄗㄨㄛˋ ㄖㄣˊ ㄔ ㄌㄧˋ ㄅㄨˋ ㄊㄠˊ ㄏㄠˇ
009093,ㄗㄞˋ ㄍㄢ ㄌㄚˋ ㄐㄧ ㄊㄨㄥˇ ㄋㄟˋ ㄑㄩㄜˋ ㄈㄤˋ ㄓㄜ˙ ㄐㄧ ㄉㄢˋ ㄎㄜˊ
009094,ㄉㄢˋ ㄕˋ ㄙˋ ㄩㄝˋ ㄈㄨˊ ㄌㄟˊ ㄗㄞˋ ㄘˋ ㄉㄤ ㄒㄨㄢˇ ㄗㄨㄥˊ ㄊㄨㄥˇ ㄅㄧㄥˋ ㄧㄣˇ ㄈㄚ ㄌㄜ˙ ㄍㄨㄛˊ ㄋㄟˋ ㄉㄜ˙ ㄅㄠˋ ㄌㄩˋ ㄔㄨㄥ ㄊㄨ˙ ㄕˋ ㄐㄧㄢˋ
009095,ㄓㄢˊ ㄌㄢˇ ㄐㄧㄤ ㄉㄨㄟˋ ㄑㄨㄢˊ ㄊㄧˇ ㄍㄨㄢ ㄓㄨㄥˋ ㄕˊ ㄒㄧㄥˊ ㄇㄧㄢˇ ㄈㄟˋ ㄖㄨˋ ㄔㄤˇ ㄊㄧˊ ㄍㄨㄥ ㄧˋ ㄨˋ ㄐㄧㄤˊ ㄐㄧㄝˇ
009096,ㄏㄨㄟˋ ㄏㄡˋ ㄌㄩˋ ㄙㄣˋ ㄌㄧˋ ㄇㄟˊ ㄅㄧㄠˇ ㄕˋ ㄒㄧㄤ ㄒㄧㄣˋ ㄗㄨㄥˊ ㄊㄨㄥˇ ㄏㄜˊ ㄏㄨㄣ ㄌㄨㄛˊ ㄐㄧˋ ㄉㄜ˙ ㄕㄨㄛ ㄈㄚˇ
009097,ㄐㄧㄡˋ ㄍㄤ ㄍㄤ ㄑㄩˋ ㄔㄠ ㄕˋ ㄇㄞˇ ㄧㄢ ㄇㄨˋ ㄘㄜˋ ㄧㄡˇ ㄧˊ ㄍㄜˋ ㄓㄥˋ ㄊㄞˋ ㄙˋ ㄨˇ ㄙㄨㄟˋ ㄉㄜ˙ ㄧㄤˋ ㄗ˙
009098,ㄔㄨ ㄕˋ ㄏㄡˋ ㄍㄞ ㄗㄚˇ ㄍㄨㄢˊ ㄌㄧˇ ㄋㄨㄥˊ ㄘㄨㄣ ㄙㄢˊ ㄧㄤˇ ㄉㄜ˙ ㄑㄨㄢˇ ㄓ ㄨㄛˇ ㄇㄣ˙ ㄧㄝˋ ㄏㄣˇ ㄊㄡˊ ㄊㄥˊ
009099,ㄘˇ ㄨㄞˋ ㄔ ㄈㄢˋ ㄏㄞˊ ㄉㄧㄢˇ ㄏㄨㄚ ㄑㄧㄢˊ ㄗㄢˊ ㄏㄜˊ ㄅㄟˇ ㄖㄣˊ ㄐㄧㄡˋ ㄊㄨˇ ㄉㄡˋ ㄑㄧㄝˊ ㄗ˙ ㄒㄧ ㄏㄨㄥˊ ㄕˋ ㄑㄧ ㄘㄞˋ ㄌㄠˇ ㄙㄢ ㄧㄤˋ
009100,ㄎㄜ ㄆㄨˇ ㄏㄨㄛˊ ㄉㄨㄥˋ ㄐㄧㄝˊ ㄕㄨˋ ㄏㄡˋ ㄐㄧㄥ ㄒㄨㄢˇ ㄔㄨ ㄅㄢˇ ㄌㄜ˙ ㄖㄣˊ ㄨㄣˊ ㄓ ㄔㄨㄤ ㄧˋ ㄕㄨ ㄕㄡˋ ㄉㄠˋ ㄍㄨㄤˇ ㄉㄚˋ ㄉㄨˋ ㄓㄜˋ ㄉㄜ˙ ㄏㄨㄢ ㄧㄥˊ
009101,ㄗㄞˋ ㄨㄟˋ ㄌㄞˊ ㄨˇ ㄊㄧㄢ ㄌㄧˇ ㄉㄡ ㄧㄡˇ ㄐㄧㄠˋ ㄩˇ ㄨㄞˋ ㄔㄨ ㄐㄧˋ ㄉㄜ˙ ㄉㄞˋ ㄏㄠˊ ㄩˇ ㄐㄩˋ
009102,ㄗㄞˋ ㄑㄧˊ ㄑㄧˋ ㄏㄚ ㄦˇ ㄌㄧㄤˊ ㄏㄠˇ ㄉㄜ˙ ㄕㄥ ㄊㄞˋ ㄏㄨㄢˊ ㄐㄧㄥˋ ㄖㄤˋ ㄉㄢ ㄉㄧㄥˇ ㄏㄜˋ ㄌㄞˊ ㄓㄜˋ ㄌㄧˇ ㄒㄧㄥ ㄧㄤˇ ㄕㄥ ㄒㄧ
009103,ㄒㄧㄢˋ ㄔㄥˊ ㄌㄧˋ ㄧㄝˇ ㄇㄟˊ ㄧㄡˇ ㄔㄨ ㄒㄧㄢˋ ㄑㄧㄤˇ ㄍㄨㄥˋ ㄕˊ ㄆㄧㄣˊ ㄉㄥˇ ㄒㄧㄢˋ ㄒㄧㄤˋ
009104,ㄕˊ ㄋㄧㄢˊ ㄕˋ ㄧˊ ㄔㄨㄢˋ ㄔㄨㄢˋ ㄐㄧㄠˇ ㄧㄣˋ ㄕˊ ㄋㄧㄢˊ ㄕˋ ㄧˊ ㄍㄜ˙ ㄓㄤ ㄐㄧㄝˊ
009105,ㄕㄨㄤ ㄧㄤˊ ㄕㄨㄟˇ ㄉㄜ˙ ㄩㄥˋ ㄊㄨˊ ㄕˋ ㄍㄟˇ ㄋㄧㄡˊ ㄊㄧˊ ㄋㄧˊ ㄦˇ ㄉㄨㄛ˙ ㄆㄧㄠˇ ㄅㄞˊ
009106,ㄧㄢˇ ㄔㄨ ㄐㄧㄝˊ ㄕㄨˋ ㄏㄡˋ ㄓㄨˊ ㄖㄨㄥˊ ㄐㄧ ㄐㄧㄝ ㄐㄧㄢˋ ㄑㄨㄢˊ ㄊㄧˊ ㄧㄢˇ ㄓˊ ㄩㄢˊ
009107,ㄠˋ ㄅㄚ ㄇㄚˇ ㄗㄨㄥˊ ㄊㄨㄥˇ ㄅㄛˊ ㄔˋ ㄓㄜ˙ ㄧˋ ㄕㄨㄛ ㄈㄚˇ ㄕˊ ㄕㄨˇ ㄏㄨㄤ ㄎㄤˇ
009108,ㄆㄛˋ ㄕˇ ㄌㄧㄣˊ ㄘㄨㄟˋ ㄌㄨˋ ㄔㄤˊ ㄍㄥˊ ㄗㄨˇ ㄉㄜ˙ ㄈㄤˊ ㄨ ㄧˇ ㄅㄟˋ ㄔㄞ ㄔㄨˊ
009109,ㄧˋ ㄒㄧㄝ ㄧㄢ ㄘㄨㄥ ㄅㄟˋ ㄒㄧㄠ ㄉㄧㄠˋ ㄌㄜ˙ ㄍㄥˋ ㄉㄨㄛ ㄧㄢ ㄘㄨㄥ ㄌㄧˋ ㄑㄧˇ ㄌㄞˊ
009110,ㄇㄟˊ ㄅㄢˋ ㄈㄚˇ ㄓˇ ㄋㄥˊ ㄒㄨㄢˇ ㄗㄜ˙ ㄔㄨ ㄒㄧㄥˊ ㄉㄨㄛˊ ㄉㄨㄛˇ ㄈㄥ ㄊㄡ˙
009111,ㄈㄤˋ ㄆㄧˋ ㄋㄧˇ ㄍㄠˋ ㄙㄨˋ ㄌㄠˇ ㄋㄧㄤˊ ㄋㄚˊ ㄌㄧˇ ㄆㄧˊ ㄑㄧ˙ ㄅㄠˋ ㄌㄜ˙
009112,ㄩㄢˊ ㄌㄞˊ ㄊㄚ ㄉㄨㄛˊ ㄑㄧˇ ㄌㄞˊ ㄨㄢˊ ㄨㄟ ㄅㄛˊ ㄩˊ ㄧㄡˇ ㄖㄣˊ ㄉㄚˋ ㄊㄢˊ ㄒㄧㄥ ㄗㄨㄛˋ
009113,ㄖㄢˊ ㄏㄡˋ ㄊㄚ ㄔㄨㄢ ㄕㄤˋ ㄧˊ ㄐㄧㄢˋ ㄑㄨㄢˊ ㄕㄣ ㄅㄞˊ ㄙㄜˋ ㄉㄜ˙ ㄙㄤ ㄈㄨˊ
009114,ㄒㄧㄠˇ ㄓㄥˋ ㄅㄧㄠˊ ㄐㄧㄝˇ ㄐㄧㄡˋ ㄗㄞˋ ㄓㄨㄥ ㄑㄧㄡ ㄐㄧㄝˊ ㄓㄠˇ ㄉㄠˋ ㄆㄛˊ ㄐㄧㄚ ㄉㄜ˙
009115,ㄍㄥˋ ㄐㄧˊ ㄕㄡˇ ㄉㄜ˙ ㄕˋ ㄋㄧㄡ ㄋㄧㄡˊ ㄉㄜ˙ ㄈㄨˋ ㄑㄧㄤ ㄍㄢˊ ㄖㄢˇ ㄧㄢˊ ㄓㄨㄥˋ
009116,ㄨㄛˇ ㄗㄨㄟˋ ㄐㄧㄣˋ ㄓㄨˋ ㄧˋ ㄉㄠˋ ㄨㄤˇ ㄕㄤˋ ㄉㄨㄟˋ ㄈㄚ ㄍㄞˊ ㄨㄟˇ ㄧ ㄌㄨㄣˋ ㄆㄛ ㄉㄨㄛ
009117,ㄅㄨˊ ㄍㄨㄛˋ ㄓㄜˋ ㄍㄜ˙ ㄇㄥˋ ㄒㄧㄤˇ ㄧˋ ㄕˋ ㄅㄢˋ ㄏㄨㄟㄖˋ ㄧㄝˊ ㄏㄣˇ ㄋㄢˊ ㄕˊ ㄒㄧㄢˋ
009118,ㄖㄨˊ ㄍㄨㄛˇ ㄗㄞˋ ㄒㄧㄣˋ ㄒㄧ ㄏㄣˇ ㄋㄢˊ ㄔㄨㄢˊ ㄉㄚˊ ㄉㄠˋ ㄉㄜ˙ ㄕㄢ ㄑㄩ ㄋㄜ˙
009119,ㄘˇ ㄕˊ ㄇㄧㄣˊ ㄐㄧㄥˇ ㄍㄨㄛ ㄍㄥ ㄐㄩㄋ ㄉㄜ˙ ㄎㄨˋ ㄗ˙ ㄧㄡˇ ㄌㄜ˙ ㄍㄨㄚˇ ㄘㄥˋ
009120,ㄑㄧㄥˊ ㄎㄠˇ ㄌㄩˋ ㄗㄞˋ ㄓㄨㄥ ㄑㄩㄥˊ ㄐㄩˊ ㄉㄜ˙ ㄑㄨㄢˊ ㄑㄧㄡˊ ㄖㄣˋ ㄓˊ ㄐㄧ ㄏㄨㄟˋ
009121,ㄙˋ ㄋㄧㄢˊ ㄓ ㄏㄡˋ ㄊㄚ ㄇㄣ˙ ㄉㄜ˙ ㄐㄩˋ ㄒㄧㄥ ㄉㄧˋ ㄨㄟˋ ㄧ ㄐㄧㄡˋ ㄨㄣˇ ㄍㄨˋ
009122,ㄒㄧㄣ ㄧˋ ㄌㄨㄣˊ ㄊㄡˊ ㄗ ㄕㄥˋ ㄧㄢˋ ㄒㄧ ㄒㄧ ㄖㄤˊ ㄖㄤˇ ㄐㄧㄝ ㄨㄟˊ ㄌㄧˋ ㄌㄞˊ
009123,ㄐㄧㄝ ㄈㄤˋ ㄇㄣ˙ ㄈㄣ ㄈㄣ ㄘㄞ ㄘㄜˋ ㄐㄧㄥˇ ㄈㄤ ㄎㄜˇ ㄋㄥˊ ㄧㄠˋ ㄑㄧㄤˊ ㄍㄨㄥ
009124,ㄙㄨㄟˊ ㄏㄡˋ ㄔㄨㄢ ㄕㄤ˙ ㄨㄚˋ ㄗ˙ ㄏㄜˊ ㄒㄧㄝˊ ㄏㄜˊ ㄆㄥˊ ㄧㄡ˙ ㄔㄨ ㄇㄣˊ ㄌㄜ˙
009125,ㄅㄨˋ ㄎㄨㄚ ㄓㄤ ㄉㄜ˙ ㄕㄨㄛ ㄊㄚ ㄐㄧㄤˋ ㄍㄨㄢ ㄒㄧ˙ ㄧ ㄍㄞˇ ㄉㄜ˙ ㄔㄥˊ ㄅㄞˋ
009126,ㄑㄩˋ ㄅㄚ˙ ㄑㄩˋ ㄅㄚ˙ ㄇㄧㄥˊ ㄊㄧㄢ ㄐㄧˋ ㄉㄜ˙ ㄗㄞˋ ㄌㄞˊ ㄓㄠˊ ㄨㄛˇ ㄅㄠˋ ㄉㄠˋ
009127,ㄨㄛˇ ㄅㄨˊ ㄧㄠˋ ㄈㄣˇ ㄙ ㄌㄜ˙ ㄓ ㄔˊ ㄨㄛˇ ㄐㄧㄡˋ ㄉㄨㄛ ㄓㄨㄢˇ ㄈㄚ ㄘˊ ㄊㄧㄝˇ
009128,ㄓㄜˋ ㄌㄧˋ ㄅㄧˇ ㄐㄧㄠ ㄧㄣˇ ㄅㄧˋ ㄧㄡˋ ㄔㄡˋ ㄏㄣˊ ㄕㄠˇ ㄖㄢˊ ㄌㄞˊ ㄓㄜˋ ㄌㄧˇ
009129,ㄒㄩㄜˊ ㄉㄠˋ ㄔㄥˊ ㄔㄨˊ ㄈㄚˇ ㄕˊ ㄐㄧㄡˋ ㄏㄨㄟˋ ㄅㄟˋ ㄐㄧㄡˊ ㄐㄧㄡˇ ㄔㄥˊ ㄈㄚˊ ㄅㄧㄠˇ
009130,ㄙㄢ ㄕˋ ㄍㄠˊ ㄏㄠˇ ㄓㄞˊ ㄐㄧˋ ㄉㄧˋ ㄊㄨㄟˋ ㄔㄨ ㄉㄜ˙ ㄗ ㄐㄧㄣ ㄔㄡˊ ㄘㄨㄛˋ
009131,ㄧㄡˇ ㄨㄤˊ ㄧㄡˇ ㄨㄣˋ ㄋㄥˊ ㄅㄨˋ ㄋㄥˊ ㄏㄨㄟˊ ㄧˋ ㄐㄧˇ ㄐㄧㄢˋ ㄌㄧㄡˊ ㄧㄤˊ ㄗㄞˋ ㄒㄩˊ ㄒㄧㄤˋ ㄌㄧˇ ㄉㄜ˙ ㄑㄩˋ ㄕˋ ㄏㄨㄛˋ ㄑㄧㄡˇ ㄕˋ
009132,ㄗˋ ㄌㄧㄠˋ ㄒㄧㄢˇ ㄕˋ ㄐㄧㄥ ㄏㄨˋ ㄍㄠ ㄊㄧㄢˇ ㄌㄤˊ ㄈㄤˊ ㄉㄨㄢˋ ㄑㄨㄢˊ ㄔㄤˊ ㄙㄢ ㄕˋ ㄉㄧㄢˇ ㄙㄢ ㄙˋ ㄦˋ ㄍㄨㄥ ㄌㄧˇ
009133,ㄌㄠˇ ㄗ˙ ㄔㄨ ㄑㄧˋ ㄦˊ ㄗ˙ ㄒㄧㄝˋ ㄑㄧˋ ㄌㄧㄥˇ ㄌㄧㄢ ㄕㄢ ㄕㄨㄛ ㄨㄛˊ ㄈㄢˇ ㄓㄥˋ ㄅㄨˊ ㄩㄥˋ ㄍㄨㄥ ㄨㄛˇ ㄅㄨˊ ㄋㄧㄢˋ ㄌㄜ˙
009134,ㄊㄚ ㄖㄨˋ ㄏㄨㄚ ㄊㄢˊ ㄓㄜˇ ㄈㄚˊ ㄎㄨㄢˇ ㄙㄢ ㄩㄢˊ
009135,ㄉㄧˋ ㄙㄢ ㄊㄧㄢ ㄒㄧㄠˇ ㄉㄨㄥ ㄈㄚ ㄖㄜˋ ㄎㄜˊ ㄙㄡˋ ㄇㄚˊ ㄇㄚ˙ ㄍㄢˊ ㄐㄧㄣˇ ㄉㄞˋ ㄊㄚ ㄑㄩˋ ㄉㄤ ㄉㄧˋ ㄉㄜ˙ ㄓㄣˋ ㄧ ㄩㄢˋ ㄐㄧㄡˋ ㄓㄣˇ
009136,ㄙ ㄌㄧˋ ㄧㄠˊ ㄍㄠˋ ㄙㄨˋ ㄐㄧˋ ㄓㄜˇ ㄉㄧㄢˋ ㄉㄨㄥˋ ㄙㄢ ㄌㄨㄣˊ ㄔㄜ ㄗㄞˋ ㄎㄨㄞˋ ㄉㄧㄢˋ ㄕˋ ㄔㄤˇ ㄉㄜ˙ ㄕㄥ ㄇㄧㄥˋ ㄌㄧˋ ㄈㄟ ㄔㄤˊ ㄨㄤˋ ㄕㄥˋ
009137,ㄘˇ ㄨㄞˋ ㄉㄚ ㄕㄡˋ ㄅㄟˋ ㄐㄧㄠˋ ㄊㄧㄥˊ ㄌㄧˊ ㄩㄥˋ ㄌㄧˇ ㄘㄞˊ ㄔㄢˊ ㄆㄧㄣˇ ㄍㄠ ㄒㄧ ㄌㄢˊ ㄔㄨˇ ㄉㄜ˙ ㄒㄧㄢˋ ㄒㄧㄤˋ ㄧㄝˇ ㄐㄧㄤ ㄅㄟˋ ㄜˋ ㄓˋ
009138,ㄌㄧㄡˋ ㄕˋ ㄔㄨㄤˋ ㄒㄧㄣ ㄙ ㄨㄟˊ ㄊㄨㄟ ㄔㄨ ㄔㄤˊ ㄍㄨㄟˋ ㄉㄜ˙ ㄐㄧㄝˊ ㄕˋ ㄏㄨㄛˊ ㄉㄨㄥˋ ㄗㄥ ㄑㄧㄤˊ ㄊㄧˇ ㄩˊ ㄙㄞˋ ㄕˋ ㄉㄜ˙ ㄔㄨㄤˋ ㄧˋ ㄏㄜˊ ㄕㄜˋ ㄐㄧˇ
009139,ㄘㄨˋ ㄅㄨˋ ㄐㄧˊ ㄈㄤˊ ㄉㄜ˙ ㄊㄚ ㄐㄧˊ ㄊㄨㄟˋ ㄌㄧㄤˇ ㄅㄨˋ
009140,ㄖㄨˊ ㄍㄨㄛˇ ㄅㄨˋ ㄋㄥˊ ㄘㄨㄥˊ ㄓㄜˋ ㄧˊ ㄐㄧㄢˋ ㄎㄢˋ ㄉㄠˋ ㄌㄧㄝˋ ㄖㄣˊ ㄉㄜ˙ ㄧㄥˊ ㄨˇ ㄋㄚˋ ㄓㄜˋ ㄊㄡˊ ㄕ ㄗ˙ ㄐㄧㄡˋ ㄅㄣˋ ㄉㄢˋ ㄉㄠˋ ㄐㄧㄚ ㄌㄜ˙
009141,ㄓㄜˋ ㄧㄤˋ ㄉㄜ˙ ㄊㄧㄠˊ ㄓㄥˇ ㄈㄤ ㄕˋ ㄅㄧˇ ㄐㄧㄠˋ ㄨㄣˊ ㄊㄨㄛˇ
009142,ㄕㄨㄛ ㄧㄥ ㄩˊ ㄏㄠˇ ㄋㄢˊ ㄛ˙ ㄨㄛˇ ㄓㄥˋ ㄗㄞˋ ㄒㄩㄜˊ ㄒㄧˊ ㄓㄨㄥ
009143,ㄅㄢˋ ㄈㄚˇ ㄍㄨㄟ ㄉㄧㄥˋ ㄌㄜ˙ ㄋㄨㄥˊ ㄔㄢˊ ㄆㄧㄣˇ ㄗㄥ ㄓˊ ㄕㄨㄟˋ ㄐㄧㄣˋ ㄒㄧㄤˋ ㄕㄨㄣˋ ㄜˊ ㄏㄜˊ ㄉㄧㄥˋ ㄈㄤ ㄈㄚˇ
009144,ㄗㄨㄟˋ ㄏㄡˋ ㄏㄢˊ ㄓㄜˋ ㄌㄟˋ ㄨㄣˋ ㄌㄜ˙ ㄐㄩˋ ㄕㄨㄟˊ ㄐㄧㄚ ㄉㄜ˙ ㄒㄩㄥˊ ㄏㄞˊ ㄗ˙ ㄐㄧㄤˋ ㄒㄧ ㄗㄠˇ ㄅㄨˊ ㄉㄚˋ ㄙㄢ ㄍㄜ˙ ㄊㄨˇ
009145,ㄉㄨㄟˋ ㄩˊ ㄩˇ ㄧㄥˋ ㄘㄞˇ ㄦˊ ㄉㄜ˙ ㄏㄨㄣ ㄧㄣ ㄊㄚ ㄏㄣˊ ㄧㄡˇ ㄗˋ ㄒㄧㄣˋ ㄉㄜ˙ ㄕㄨㄛ ㄐㄧㄝˊ ㄏㄨㄣ ㄐㄧㄡˋ ㄕˋ ㄧˊ ㄅㄟˋ ㄗˇ ㄉㄜ˙ ㄕˋ
009146,ㄚˇ ㄇㄢˊ ㄙㄢ ㄋㄧㄢˊ ㄉㄚˋ ㄒㄩㄜˊ ㄐㄧㄥˋ ㄙㄨㄢˋ ㄕㄨˋ ㄒㄩㄜˊ ㄊㄧˊ ㄌㄜ˙
009147,ㄒㄧㄢˋ ㄗㄞˋ ㄌㄧㄢˊ ㄐㄧ ㄑㄧˋ ㄖㄣˊ ㄧㄝˇ ㄧㄠˋ ㄅㄟˋ ㄘㄨㄟ ㄏㄨㄣ ㄌㄜ˙ ㄇㄚ˙
009148,ㄍㄤ ㄋㄨㄥˋ ㄌㄜ˙ ㄍㄜ˙ ㄈㄟ ㄔㄤˊ ㄏㄠˇ ㄔ ㄉㄜ˙ ㄖㄡˋ ㄅㄠ ㄗ˙
009149,ㄓㄜˋ ㄓㄨㄥˇ ㄉㄢ ㄐㄧㄥ ㄕㄨㄛˋ ㄆㄚˋ ㄉㄜ˙ ㄖˋ ㄗ˙ ㄏㄜˊ ㄕˊ ㄌㄧㄠˇ
009150,ㄗㄨㄟˋ ㄏㄡˋ ㄏㄞˊ ㄧㄠˋ ㄐㄧㄥ ㄍㄨㄛˋ ㄕㄨㄚ ㄒㄧˇ ㄩˇ ㄘㄞˊ ㄋㄥˊ ㄆㄥ ㄖㄣˋ
009151,ㄉㄤ ㄖㄢˊ ㄕˋ ㄇㄤˊ ㄓㄜˋ ㄒㄩㄜˊ ㄒㄧˊ ㄅㄧㄢˋ ㄉㄜ˙ ㄍㄥˋ ㄅㄤˋ ㄌㄡ˙
009152,ㄊㄚ ㄕㄨㄟˋ ㄌㄧˇ ㄅㄧㄢ ㄉㄜ˙ ㄨ ㄨㄛˇ ㄕㄨㄟˋ ㄨㄞˋ ㄅㄧㄢ ㄉㄜ˙ ㄕㄚ ㄈㄚ
009153,ㄓㄥˋ ㄏㄠˇ ㄑㄩ ㄨㄟˊ ㄌㄧˇ ㄉㄜ˙ ㄧˊ ㄍㄜ˙ ㄋㄟˋ ㄅㄨˋ ㄎㄢ ㄨˊ ㄧㄠˋ ㄖㄣˊ ㄌㄧㄣˊ ㄈㄨˋ ㄖㄨㄥˊ ㄕㄥ ㄅㄧㄢ ㄐㄧˋ ㄅㄧㄢˋ ㄐㄩˇ ㄐㄧㄚ ㄅㄢ ㄑㄧㄢ
009154,ㄉㄠˋ ㄏㄨㄣˊ ㄔㄨㄣ ㄕㄡˇ ㄒㄧㄢ ㄍㄢˇ ㄕㄡˋ ㄉㄠˋ ㄉㄜ˙ ㄕˋ ㄏㄨㄣˊ ㄔㄨㄣ ㄖㄣˊ ㄉㄜ˙ ㄋㄚˋ ㄈㄣˋ ㄗˋ ㄏㄠˊ ㄍㄢˇ ㄕˇ ㄇㄧㄥˋ ㄍㄢˇ
009155,ㄓㄜˋ ㄐㄧㄡˋ ㄧˋ ㄨㄟˋ ㄓㄜ˙ ㄐㄧㄣ ㄏㄡˋ ㄍㄨㄥ ㄇㄧㄣˊ ㄎㄜˊ ㄧˇ ㄅㄨˋ ㄘㄢ ㄐㄧㄚ ㄐㄧㄚˋ ㄒㄧㄠˋ ㄆㄟˊ ㄒㄩㄋˋ ㄦˊ ㄓˊ ㄐㄧㄝˋ ㄌㄨㄛˊ ㄎㄠˇ ㄐㄧㄚˋ ㄓㄠˋ
009156,ㄊㄚ ㄕㄜˇ ㄅㄨˋ ㄉㄜˊ ㄏㄨㄚ ㄧˋ ㄈㄣ ㄑㄧㄢˊ ㄉㄡ ㄅㄚˇ ㄑㄧㄢˊ ㄗㄢˊ ㄑㄧㄣˇ ㄌㄞˊ ㄍㄟˊ ㄇㄨˇ ㄑㄧㄣ ㄓˋ ㄅㄧㄥˋ
009157,ㄉㄤ ㄖㄢˊ ㄓㄜˋ ㄅㄨˋ ㄋㄥˊ ㄑㄨㄢˊ ㄍㄨㄞˋ ㄓㄤ ㄧˋ ㄇㄡˊ ㄓˇ ㄍㄨㄞˋ ㄗˋ ㄐㄧˇ ㄓ ㄕˋ ㄊㄞˋ ㄆㄧㄣˊ ㄈㄚˇ
009158,ㄓㄜˋ ㄐㄩㄜˊ ㄉㄨㄟˋ ㄕˋ ㄕㄡˋ ㄉㄠˋ ㄌㄜ˙ ㄊㄚ ㄆㄞ ㄕㄜˋ ㄉㄜ˙ ㄐㄧㄥ ㄙㄨㄥˇ ㄆㄧㄢ ㄗˇ ㄓㄞˊ ㄉㄜ˙ ㄧㄥˊ ㄒㄧㄤˇ
009159,ㄗㄞˋ ㄈㄨˋ ㄕˋ ㄎㄤ ㄧˇ ㄊㄧㄢˊ ㄎㄞ ㄏㄨㄟˋ ㄍㄨㄥ ㄓㄤˇ ㄨㄣˋ ㄊㄚ ㄨㄟˋ ㄕㄣˊ ㄇㄜ˙ ㄗㄨㄥˇ ㄕˋ ㄒㄧㄠˋ ㄇㄧ ㄇㄧ ㄉㄜ˙
009160,ㄧㄣ ㄨㄟˋ ㄏㄨㄥˊ ㄈㄢ ㄑㄧㄝˊ ㄨㄞˋ ㄇㄧㄢˋ ㄕˋ ㄏㄨㄥˊ ㄉㄜ˙ ㄖㄖˇ ㄏㄡˋ ㄑㄧˊ ㄕˊ ㄈㄢ ㄑㄧㄢˊ ㄌㄧˇ ㄇㄧㄢˋ ㄧㄝˇ ㄕ ㄏㄨㄥˊ ㄉㄜ˙
009161,ㄔㄢˊ ㄕ ㄋㄚˊ ㄔㄨˋ ㄌㄜ˙ ㄧˊ ㄍㄜ˙ ㄔㄚ ㄗ˙ ㄕㄣˊ ㄇㄜ˙ ㄧㄝˇ ㄅㄨˊ ㄕㄨㄛ ㄋㄧㄢˊ ㄑㄧㄥ ㄖㄣˊ ㄏㄨㄤˇ ㄖㄢˊ ㄉㄚˋ ㄨˋ
009162,ㄐㄧㄣ ㄨㄢˊ ㄋㄧˇ ㄗㄞˋ ㄓㄜ˙ ㄧㄤ˙ ㄕㄨㄟˋ ㄕㄚ ㄈㄚ ㄑㄩˋ
009163,ㄕㄜˋ ㄗㄞˋ ㄏㄜˊ ㄉㄠˋ ㄓㄨㄥ ㄧㄤ ㄉㄜ˙ ㄕㄞ ㄒㄧ ㄉㄧㄢˇ
009164,ㄅㄨˋ ㄈㄚ ㄅㄧㄠˇ ㄧˋ ㄐㄧㄢˋ ㄐㄧㄣˊ ㄅㄧㄠˇ ㄕˋ ㄓ ㄔˊ
009165,ㄊㄚ ㄍㄤ ㄘㄞˊ ㄏㄞˊ ㄒㄧㄥˋ ㄗㄞˋ ㄌㄜˋ ㄏㄨㄛˋ ㄒㄧㄢˋ ㄗㄞˋ ㄗˋ ㄐㄧˊ ㄧㄝˇ ㄗㄠ ㄉㄠˋ ㄊㄨㄥˊ ㄧㄤˋ ㄉㄨˇ ㄒㄧㄥˋ ㄉㄜ˙ ㄇㄧㄥˋ ㄩㄣˋ ㄌㄜ˙
009166,ㄏㄣˇ ㄎㄨㄞˋ ㄚ ㄔㄥˊ ㄍㄨㄥ ㄍㄨㄥˊ ㄢ ㄑㄨㄢˊ ㄓㄨㄢ ㄐㄧㄚ ㄐㄩˊ ㄏㄨㄟˋ ㄋㄧㄥˊ ㄆㄞˋ ㄔㄨ ㄙㄨㄛˇ ㄇㄧㄣˊ ㄐㄧㄥˇ ㄐㄧㄡˋ ㄍㄢˇ ㄉㄠˋ ㄌㄜ˙
009167,ㄓㄠˋ ㄆㄧㄢˋ ㄓㄨㄥ ㄌㄧˇ ㄏㄨㄥˊ ㄐㄧ ㄏㄜˊ ㄓㄤ ㄍㄢ ㄕㄨㄛˋ ㄌㄧㄤˇ ㄖㄣˊ ㄓㄢˋ ㄗㄞˋ ㄓㄨㄥ ㄐㄧㄢ ㄗㄨㄛˋ ㄎㄜˇ ㄞˋ ㄌㄧㄝˊ ㄗㄨㄟˇ ㄓㄨㄤˋ
009168,ㄅㄨˋ ㄕㄠˋ ㄨㄟˊ ㄍㄨㄢ ㄓㄜˊ ㄏㄠˇ ㄧㄢˊ ㄒㄧㄤ ㄑㄨㄢˋ ㄒㄧㄠˇ ㄏㄨㄛˇ ㄅㄨˊ ㄉㄢˋ ㄅㄨˋ ㄊㄧㄥ ㄗㄨㄟˊ ㄌㄧˇ ㄏㄢˊ ㄇㄚˋ ㄇㄚˇ ㄌㄧㄝˋ ㄌㄧㄝ
009169,ㄩˇ ㄨˊ ㄌㄨㄣˊ ㄘˋ ㄕㄨㄛ ㄔㄨ ㄒㄧㄠˇ ㄌㄧˋ ㄘㄢˊ ㄙˇ ㄒㄧㄠ ㄒㄧˋ ㄙㄨㄟˊ ㄐㄧˊ ㄒㄧㄤˋ ㄙㄨㄥ ㄊㄠˊ ㄒㄧㄢˋ ㄍㄨㄥˋ ㄢ ㄐㄩˊ ㄅㄠˋ ㄐㄧㄥˇ
009170,ㄋㄚˋ ㄊㄧㄢ ㄕˋ ㄧˋ ㄋㄧㄢˊ ㄧˊ ㄉㄨˋ ㄉㄜ˙ ㄍㄠ ㄎㄠˇ ㄕㄠˇ ㄨˊ ㄎㄠˇ ㄨㄢˊ ㄏㄡˋ ㄒㄧㄠˇ ㄇㄧㄥˊ ㄕㄨㄛ ㄎㄠˇ ㄉㄜ˙ ㄈㄟ ㄔㄤˊ ㄌㄢˋ
009171,ㄅㄨˋ ㄍㄨㄢˇ ㄒㄧㄢˋ ㄕˊ ㄉㄨㄛ ㄇㄜ˙ ㄈㄢˊ ㄈㄨˋ ㄏㄜˊ ㄖㄨㄥˇ ㄇㄣ˙ ㄊㄚ ㄉㄥ ㄧㄠˋ ㄕˊ ㄔㄤˊ ㄑㄩˋ ㄨㄤˇ ㄌㄧㄥˋ ㄧˇ ㄍㄜ˙ ㄕˋ ㄐㄧㄝˋ
009172,ㄩˊ ㄘˇ ㄊㄨㄥˊ ㄕˊ ㄒㄧㄠ ㄕㄡˋ ㄏㄨㄟˊ ㄋㄨㄢˇ ㄕˋ ㄈㄤˊ ㄑㄧˇ ㄉㄜ˙ ㄗ ㄐㄧㄣ ㄧㄚˊ ㄌㄧˋ ㄉㄜˊ ㄉㄠˋ ㄐㄧˊ ㄉㄚˋ ㄏㄨㄢˊ ㄐㄧㄝˇ
009173,ㄓㄨㄢˇ ㄋㄧㄢˋ ㄒㄧㄤˇ ㄓㄜˋ ㄓㄨㄥˇ ㄒㄧㄤˊ ㄈㄚˇ ㄅㄨˋ ㄇㄧㄢˇ ㄆㄧㄢ ㄐㄧ ㄕㄤˋ ㄏㄞˇ ㄉㄜ˙ ㄐㄧㄠˋ ㄩˋ ㄅㄨˊ ㄉㄞˋ ㄅㄧㄠˇ ㄓㄨㄥ ㄍㄨㄛˊ ㄉㄜ˙
009174,ㄧㄤˊ ㄇㄧˋ ㄉㄤ ㄓ ㄨˊ ㄎㄨㄟˋ ㄉㄜ˙ ㄖㄣˊ ㄑㄧˋ ㄋㄩˇ ㄒㄧㄥ ㄘㄨㄢ ㄏㄨㄥˊ ㄙㄨˋ ㄉㄨˋ ㄏㄜˊ ㄉㄚˇ ㄐㄧㄣ ㄇㄧㄢˋ ㄋㄢˊ ㄧˊ ㄑㄧˇ ㄐㄧˊ
009175,ㄉㄧˊ ㄈㄨˋ ㄕㄨㄢ ㄉㄤ ㄐㄧˊ ㄐㄧㄡˋ ㄓㄠˇ ㄉㄠˋ ㄌㄜ˙ ㄊㄨㄥˊ ㄘㄨㄣ ㄉㄜ˙ ㄍㄨㄤ ㄍㄨㄣ ㄏㄢˋ ㄈㄥˊ ㄇㄡˇ ㄈㄥˊ ㄇㄡˊ ㄅㄧㄠˇ ㄕˋ ㄊㄨㄥˊ ㄧˋ
009176,ㄇㄧㄢˋ ㄉㄨㄟˋ ㄩㄝˋ ㄇㄧˇ ㄉㄜ˙ ㄖㄜˋ ㄑㄧㄥˊ ㄙˋ ㄏㄨ ㄧㄡˇ ㄒㄧㄝ ㄆㄧˊ ㄅㄟˋ ㄉㄜ˙ ㄌㄧˊ ㄩˇ ㄔㄨㄣ ㄅㄧㄠˇ ㄑㄧㄥˊ ㄧˋ ㄓˊ ㄧㄡˇ ㄒㄧㄢ ㄇㄨˋ ㄋㄜˋ
009177,ㄇㄨˋ ㄑㄧㄢˊ ㄓㄡ ㄅㄧㄢ ㄍㄜˋ ㄕㄥˇ ㄕˋ ㄉㄜ˙ ㄔㄤˊ ㄊㄨˊ ㄔㄜ ㄓㄢˋ ㄧˇ ㄕˊ ㄒㄧㄥˊ ㄕˊ ㄇㄧㄥˊ ㄍㄡˋ ㄆㄧㄠˋ ㄐㄧㄣˋ ㄓㄚˋ ㄢ ㄐㄧㄢˇ
009178,ㄧㄡˊ ㄩˊ ㄨˊ ㄈㄚˇ ㄐㄧㄣˋ ㄖㄨˋ ㄓˇ ㄏㄨㄟ ㄅㄨˋ ㄊㄚ ㄇㄣ˙ ㄕㄣˋ ㄓˋ ㄏㄜˊ ㄓㄚˋ ㄌㄢˊ ㄉㄨㄟˋ ㄇㄧㄢˋ ㄉㄜ˙ ㄅㄠˇ ㄢ ㄉㄧㄥˊ ㄑㄧˇ ㄌㄜ˙ ㄋㄧㄡˊ
009179,ㄨㄤˊ ㄧㄡˇ ㄒㄧㄠˊ ㄊㄠˇ ㄧㄢˋ ㄓㄡ ㄕㄨㄛ ㄏㄞˊ ㄏㄠˇ ㄨㄛˇ ㄇㄣ˙ ㄉㄜ˙ ㄇㄟˇ ㄘˋ ㄐㄧㄚˋ ㄑㄧㄣ ㄏㄨㄟˊ ㄌㄞ˙ ㄉㄡ ㄏㄨㄟˋ ㄔㄞ ㄒㄧㄚˋ ㄌㄞˊ ㄒㄧˇ ㄛ˙
009180,ㄓㄜˋ ㄘˋ ㄠˋ ㄩㄣˋ ㄍㄨㄥ ㄔㄥˊ ㄐㄧㄢˋ ㄕㄜˋ ㄎㄜˊ ㄧˇ ㄕㄨㄛˋ ㄕˋ ㄨㄛˇ ㄇㄣ˙ ㄍㄜˋ ㄒㄧㄤˋ ㄏㄨㄢˊ ㄅㄠˇ ㄒㄧㄣ ㄐㄧˋ ㄕㄨ ㄧㄥˋ ㄩㄥˋ ㄉㄜ˙ ㄉㄚˋ ㄑㄨㄢˊ
009181,ㄕˋ ㄏㄡˋ ㄓㄤ ㄐㄧㄢˋ ㄅㄟˋ ㄓㄣˇ ㄉㄨㄢˋ ㄧㄡˋ ㄍㄨˊ ㄍㄨˊ ㄐㄧㄥˇ ㄔㄨ ㄍㄨˇ ㄓㄜˊ ㄗㄞˋ ㄧ ㄩㄢˋ ㄐㄧㄣˋ ㄒㄧㄥˊ ㄌㄜ˙ ㄕㄡˇ ㄕㄨˋ ㄓˋ ㄌㄧㄠˇ
009182,ㄋㄧˇ ㄓㄜˋ ㄍㄜˋ ㄩㄝˋ ㄍㄨㄥ ㄗ ㄉㄡ ㄇㄣ˙ ㄕㄤˋ ㄐㄧㄠ ㄋㄧˇ ㄕˋ ㄅㄨ˙ ㄕˋ ㄧㄤˊ ㄒㄧㄠˇ ㄙㄢ ㄌㄜ˙
009183,ㄨㄛˇ ㄇㄣ˙ ㄌㄠˇ ㄅㄢ ㄇㄟˊ ㄋㄤˋ ㄇㄜ˙ ㄧㄢˊ ㄏㄞ ㄊㄜˋ ㄅㄧㄝˊ ㄏㄠˇ ㄊㄚ ㄏㄨㄟˋ ㄅㄤ ㄋㄧˇ ㄒㄧㄚˋ ㄧˊ ㄒㄧㄝ ㄈㄨˋ ㄧㄡˇ ㄐㄧㄠˋ ㄩˋ ㄧˋ ㄧˊ ㄉㄜ˙ ㄉㄧㄢˋ ㄧㄥˇ
009184,ㄨㄛˇ ㄇㄣ˙ ㄌㄧㄢˊ ㄒㄧㄣˋ ㄏㄠˇ ㄌㄜ˙ ㄌㄚ ㄙㄚˋ ㄋㄚˋ ㄅㄧㄢ ㄧㄡˊ ㄌㄧㄤˇ ㄍㄜ˙ ㄌㄩˊ ㄧㄡˇ ㄏㄨㄟˋ ㄗㄨㄛˋ ㄏㄠˇ ㄐㄧㄝ ㄧㄥˋ
009185,ㄊㄚ ㄉㄥˋ ㄉㄚˋ ㄧㄢˇ ㄐㄧㄥ˙ ㄆㄠˊ ㄒㄧㄠˋ ㄓㄜ˙ ㄈㄚ ㄔㄨ ㄨ ㄨ ㄕㄥ ㄩㄥˋ ㄓㄨㄚˇ ㄗ˙ ㄅㄠˇ ㄏㄨˋ ㄕˊ ㄨˋ
009186,ㄧㄡˇ ㄨㄢˊ ㄇㄟˊ ㄨㄢˊ ㄎㄞ ㄓㄜ˙ ㄔㄜ ㄋㄜ˙ ㄅㄧㄝˊ ㄖㄨㄣˊ ㄨㄛˇ ㄧㄠˋ ㄔㄨ ㄌㄨ˙ ㄕˋ ㄍㄨˋ ㄗㄣˇ ㄇㄜ˙ ㄅㄢˋ
009187,ㄗㄨㄛˊ ㄗㄠˇ ㄕㄤˋ ㄌㄧㄡˊ ㄓˋ ㄇㄧㄣˇ ㄅㄧㄢˋ ㄒㄧㄢˋ ㄕㄣ ㄌㄧㄥˊ ㄊㄤˊ ㄉㄚˊ ㄉㄧㄢˇ ㄦˊ ㄗ˙ ㄩˇ ㄒㄧˊ ㄈㄨˋ ㄧㄝˇ ㄉㄠˋ ㄔㄤˇ
009188,ㄗㄞˋ ㄒㄧㄣ ㄋㄧㄢˊ ㄉㄜ˙ ㄉㄧ ㄧ ㄔㄤˇ ㄍㄠ ㄎㄠˇ ㄐㄧㄠˋ ㄌㄧㄤˇ ㄓㄨㄥ ㄎㄠˇ ㄕㄥ ㄐㄧㄤ ㄧㄥˊ ㄌㄞˊ ㄧˋ ㄔㄤˇ ㄏㄢ ㄓㄢˋ
009189,ㄓㄨˋ ㄇㄧㄥˊ ㄉㄜ˙ ㄆㄧㄥ ㄊㄢˊ ㄌㄠˇ ㄐㄧㄤˋ ㄓㄨㄤ ㄗㄜˊ ㄉㄨㄥˋ ㄕˋ ㄉㄤ ㄋㄧㄢˊ ㄆㄧㄥ ㄆㄤ ㄨㄞˋ ㄐㄧㄠ ㄉㄜ˙ ㄍㄨㄥ ㄔㄣˊ
009190,ㄋㄧㄣˊ ㄏㄞˊ ㄐㄧˋ ㄉㄜ˙ ㄋㄚˋ ㄒㄧㄝˋ ㄅㄟˋ ㄊㄧㄢˊ ㄔㄨㄢ ㄔㄥ ㄨㄟˊ ㄑㄧㄣ ㄒㄩㄥ ㄉㄧˋ ㄉㄜ˙ ㄈㄤˊ ㄅㄠˋ ㄉㄨㄟˋ ㄩㄢˇ ㄇㄚ˙
009191,ㄔㄨㄥ ㄊㄨ ㄓㄨㄥ ㄑㄧˊ ㄓㄨㄥ ㄧˋ ㄈㄤ ㄉㄜ˙ ㄅㄤ ㄕㄡˇ ㄨˇ ㄐㄧㄤ ㄧˋ ㄇㄧㄥˊ ㄎㄢˋ ㄖㄜˋ ㄋㄠ˙ ㄉㄜ˙ ㄕˋ ㄇㄧㄣˊ ㄉㄚˇ ㄕㄤ
009192,ㄉㄢˋ ㄨㄛˇ ㄇㄣ˙ ㄗㄨㄥˇ ㄅㄨˋ ㄋㄥˊ ㄌㄩˇ ㄧㄡˊ ㄉㄜ˙ ㄕˊ ㄏㄡˋ ㄧㄝˇ ㄔㄨㄞ ㄍㄜ˙ ㄏㄨˋ ㄎㄡˇ ㄅㄨˋ ㄅㄚ˙ ㄊㄞˋ ㄇㄚˊ ㄈㄢˋ ㄌㄜ˙
009193,ㄓㄠˋ ㄆㄧㄢˋ ㄓㄨㄥ ㄌㄧㄥˊ ㄉㄠˇ ㄓㄢˋ ㄗㄞˋ ㄕˊ ㄊㄡ˙ ㄧㄣ ㄧㄥˇ ㄒㄧㄚˋ ㄉㄢˋ ㄌㄧㄢˇ ㄕㄤˋ ㄍㄨㄤ ㄒㄧㄢˋ ㄖㄥˊ ㄇㄧㄥˊ ㄏㄨㄤˊ ㄏㄨㄤˇ ㄉㄜ˙
009194,ㄐㄧㄝˋ ㄕˊ ㄋㄢˊ ㄐㄧㄥ ㄐㄧㄤ ㄔㄥˊ ㄨㄟˊ ㄑㄨㄢˊ ㄍㄨㄛˊ ㄗㄨㄟˋ ㄉㄚˋ ㄉㄜ˙ ㄅㄟˊ ㄉㄡˊ ㄔㄢˇ ㄧㄢˊ ㄧㄥˋ ㄩㄥˋ ㄈㄚ ㄓㄢˇ ㄐㄧ ㄉㄧˋ
009195,ㄊㄚ ㄅㄧㄥˋ ㄅㄨˋ ㄓ ㄉㄠˋ ㄧˇ ㄐㄧㄥ ㄏㄨㄞˊ ㄩㄣˋ ㄧˋ ㄓˊ ㄧˇ ㄨㄟˊ ㄕˋ ㄓㄤˇ ㄆㄤˋ ㄌㄜ˙
009196,ㄐㄩˋ ㄇㄧㄣˊ ㄐㄧㄥˇ ㄐㄧㄝˋ ㄕㄠˋ ㄐㄧˊ ㄏㄨㄛˇ ㄉㄧˋ ㄉㄧㄢˇ ㄨㄟˊ ㄌㄢˊ ㄎㄠˇ ㄖㄣˊ ㄩㄢˊ ㄌㄧˋ ㄏㄞˋ ㄐㄧㄚ
009197,ㄘㄨㄥˊ ㄉㄧˋ ㄦˋ ㄊㄧㄢ ㄎㄞ ㄕˇ ㄊㄚ ㄊㄧㄢ ㄊㄧㄢ ㄕㄤˋ ㄕㄢ ㄆㄟˊ ㄋㄩˇ ㄦˊ ㄕㄨㄛ ㄏㄨㄢ˙ ㄏㄨㄚˋ
009198,ㄓㄜˋ ㄧˋ ㄨㄟˋ ㄓㄜ˙ ㄐㄧㄡˋ ㄙㄨㄢˋ ㄍㄨㄛˊ ㄇㄟˇ ㄉㄧㄢˋ ㄑㄧˋ ㄗㄥ ㄈㄚ ㄏㄨㄛˋ ㄉㄜˊ ㄊㄨㄥˊ ㄧˋ ㄏㄨㄤˊ ㄐㄧㄚ ㄧㄝˊ ㄧㄡˇ ㄑㄧㄢˊ ㄎㄤˇ ㄍㄨㄛˋ ㄑㄩˋ
009199,ㄔㄨˊ ㄌㄜ˙ ㄓㄤˋ ㄆㄥ˙ ㄒㄧㄠˊ ㄉㄢˇ ㄉㄥˋ ㄩˊ ㄙㄢˇ ㄇㄧㄢˊ ㄠˇ ㄕㄡˇ ㄊㄠˋ ㄧˇ ㄐㄧˊ ㄇㄧㄢˊ ㄇㄠˋ ㄉㄥˇ ㄧㄝˇ ㄉㄡ ㄈㄣ ㄈㄣ ㄕㄤˋ ㄓㄣˋ
009200,ㄓㄜˋ ㄏㄞˊ ㄗ˙ ㄙㄨㄟˊ ㄕㄡˇ ㄘㄨㄥˊ ㄉㄡ ㄌㄧˇ ㄋㄚˊ ㄔㄨ ㄧˋ ㄩㄢˊ ㄑㄧㄢˊ ㄕㄨㄛ ㄨㄛˇ ㄍㄟˊ ㄋㄧˇ ㄧˋ ㄩㄢˊ ㄑㄧㄢˊ ㄋㄧˇ ㄗㄞˋ ㄧㄠˋ ㄨㄛˇ ㄎㄢˋ ㄏㄨㄞㄖˋ ㄒㄧㄥˊ ㄇㄚ˙
009201,ㄦˊ ㄑㄧㄝˇ ㄅㄠˋ ㄇㄧㄥˊ ㄉㄨㄥˋ ㄗㄨㄛˋ ㄧㄠˋ ㄎㄨㄞˋ ㄧˋ ㄉㄧㄢˇ ㄉㄜ˙ ㄓㄜˋ ㄍㄜ˙ ㄅㄢ ㄏㄣˇ ㄉㄨㄛ ㄖㄣˊ ㄅㄠˋ ㄉㄠ˙
009202,ㄨㄤˊ ㄔㄠˊ ㄓㄨˋ ㄔㄨㄣˊ ㄆㄨˇ ㄉㄜ˙ ㄐㄧㄣˋ ㄏㄨ ㄇㄨˋ ㄋㄜˋ ㄑㄧㄣˊ ㄈㄢˋ ㄉㄜ˙ ㄗㄨˊ ㄅㄨˋ ㄔㄨ ㄏㄨˋ
009203,ㄈㄚ ㄙㄨㄢˋ ㄨㄢˊ ㄅㄧˋ ㄏㄡˋ ㄗˇ ㄒㄧˋ ㄉㄨˊ ㄌㄜ˙ ㄧˊ ㄅㄧㄝˋ ㄍㄢˇ ㄐㄩㄜˊ ㄇㄧㄥˊ ㄋㄧㄢˊ ㄨㄛˊ ㄎㄜˇ ㄋㄥˊ ㄧㄡˋ ㄧㄠˋ ㄧˊ ㄍㄜˋ ㄖㄣˊ ㄍㄨㄛˋ ㄑㄧㄥˊ ㄖㄣˊ ㄐㄧㄝˊ ㄌㄜ˙
009204,ㄧㄠˋ ㄏㄨㄟˊ ㄉㄚˇ ㄓㄜˋ ㄍㄜ˙ ㄨㄣˋ ㄊㄧ˙ ㄕㄡˇ ㄒㄧㄢ ㄅㄧˋ ㄒㄩ ㄌㄨㄥˋ ㄑㄧㄥ ㄔㄨˇ ㄆㄧㄥˊ ㄓㄨㄣˇ ㄐㄧㄝ ㄐㄧㄣ ㄖㄨˋ ㄕˋ ㄍㄢ ㄩˋ ㄉㄜ˙ ㄇㄨˋ ㄉㄧˋ
009205,ㄐㄧㄥ ㄐㄧㄣ ㄍㄠ ㄙㄨˋ ㄗㄨㄟˋ ㄊㄨ ㄔㄨ ㄉㄜ˙ ㄧㄡ ㄕˋ ㄏㄜˊ ㄌㄧㄤˋ ㄉㄧㄢˇ ㄗㄞˋ ㄩˊ ㄓˊ ㄊㄨㄥ ㄊㄧㄢ ㄐㄧㄣ ㄍㄤˇ ㄐㄧˊ ㄓㄨㄤ ㄒㄧㄤ ㄇㄚˇ ㄊㄡˊ
009206,ㄨㄛˇ ㄋㄥˊ ㄍㄠˋ ㄙㄨˋ ㄋㄧˇ ㄇㄣ˙ ㄗㄠˇ ㄔㄣˊ ㄨㄛˇ ㄅㄚˇ ㄔㄨ ㄇㄣˊ ㄍㄣ ㄨㄛˇ ㄕㄨㄛ ㄖㄤˋ ㄨㄛˇ ㄓㄨㄥ ㄨˇ ㄗˋ ㄐㄧˇ ㄔ ㄆㄠˋ ㄇㄧㄢˋ ㄇㄚ˙
009207,ㄨㄤ ㄧㄤˊ ㄑㄧㄤˊ ㄉㄧㄠˋ ㄧㄠˋ ㄗㄞˋ ㄉㄨㄟˋ ㄨˊ ㄅㄠˇ ㄓㄤˋ ㄕㄤˋ ㄍㄨㄥ ㄍㄨㄢ
009208,ㄋㄚˋ ㄌㄜ˙ ㄅㄢˋ ㄊㄧㄢ ㄋㄧㄣˊ ㄍㄢˇ ㄑㄧㄥˊ ㄕˋ ㄧㄝˋ ㄔㄚ
009209,ㄅㄚ ㄕˊ ㄖㄣˊ ㄉㄜ˙ ㄨㄟ ㄈㄥ ㄌㄨㄛˊ ㄅㄨˇ ㄅㄧㄠˊ ㄧㄢˇ ㄓㄢˇ ㄕˋ ㄌㄜ˙ ㄘㄠˇ ㄩㄢˊ ㄖㄣˊ ㄇㄧㄣˊ ㄉㄜ˙ ㄈㄥ ㄘㄞˇ
009210,ㄨㄛˇ ㄌㄩㄝˋ ㄉㄨㄥˇ ㄉㄢˋ ㄕˋ ㄏㄞˊ ㄅㄨˊ ㄊㄞˋ ㄏㄨㄟˋ
009211,ㄎㄜˇ ㄐㄧㄢˋ ㄏㄠˊ ㄏㄠˇ ㄒㄩㄜˊ ㄕㄥ ㄧㄝˇ ㄅㄨˋ ㄋㄥˊ ㄧㄠˋ
009212,ㄐㄧㄥˇ ㄔㄚˊ ㄐㄧㄤ ㄐㄧㄣˊ ㄒㄧˇ ㄙㄨㄥˋ ㄏㄨㄟ ㄐㄧㄚ ㄉㄢˋ ㄐㄩㄜˊ ㄐㄧㄤˋ ㄉㄜ˙ ㄨˊ ㄏㄞˇ ㄋㄢˊ ㄅㄨˊ ㄩㄢˋ ㄧˋ ㄎㄞˊ ㄇㄣˊ
009213,ㄗㄞˋ ㄌㄧㄢˊ ㄆㄨˇ ㄙㄨㄛˊ ㄧㄡˇ ㄩㄢˊ ㄍㄨㄥ ㄓㄨㄥ ㄍㄨㄥ ㄔㄥˊ ㄕ ㄏㄨㄛˋ ㄉㄜˊ ㄉㄜ˙ ㄏㄨㄟˇ ㄅㄠˋ ㄗㄨㄟˋ ㄨㄟˊ ㄈㄥ ㄏㄡˋ
009214,ㄨㄛˇ ㄇㄣ˙ ㄕˋ ㄌㄧㄣ ㄕㄨㄟˇ ㄉㄠˋ ㄓㄜˋ ㄌㄞˊ ㄒㄧˊ ㄗㄠˇ
009215,ㄐㄩㄜˊ ㄐㄧㄤˋ ㄉㄜ˙ ㄈㄨˋ ㄑㄧㄣ˙ ㄧ ㄖㄢˊ ㄗㄞˋ ㄌㄨˋ ㄕㄤˋ
009216,ㄔㄨㄣ ㄌㄟˇ ㄏㄥ ㄧˋ ㄕㄥ ㄕㄨㄛ ㄘㄞˊ ㄈㄨˋ ㄉㄜ˙
009217,ㄦˊ ㄑㄧㄡ ㄧˊ ㄎㄜˇ ㄔㄣˊ ㄑㄧˊ ㄉㄥˇ ㄌㄠˊ ㄓㄨˇ ㄌㄧˋ ㄍㄥ ㄕˋ ㄒㄧㄢˇ ㄉㄜ˙ ㄘㄨㄛ ㄊㄨㄛˊ ㄌㄜ˙ ㄒㄩˇ ㄉㄨㄛ
009218,ㄧㄡˊ ㄒㄧㄥˊ ㄗˋ ㄧ ㄐㄧㄡˇ ㄦˋ ㄙˋ ㄋㄧㄢˊ ㄐㄩˇ ㄅㄢˋ ㄧˇ ㄌㄞˊ ㄐㄧㄣ ㄋㄧㄢˊ ㄧˇ ㄕˋ ㄉㄧˋ ㄅㄚ ㄕ˙ ㄌㄧㄡˋ ㄐㄧㄝˋ
009219,ㄛˋ ㄓㄜˋ ㄎㄜˇ ㄕˋ ㄍㄜ˙ ㄋㄢˊ ㄠˊ ㄉㄜ˙ ㄖˋ ㄗ˙
009220,ㄧㄣ ㄨㄟˋ ㄨㄛˇ ㄓㄣ ㄐㄧˋ ㄅㄨˋ ㄑㄧㄥ ㄔㄨˇ ㄕㄨㄟˊ ㄗㄞˋ ㄋㄚㄖˋ
009221,ㄑㄧㄤˇ ㄐㄧㄝˊ ㄉㄜ˙ ㄓㄨˊ ㄧˋ ㄕˋ ㄉㄨㄥˊ ㄇㄡˇ ㄔㄨ ㄉㄜ˙
009222,ㄏㄨㄛˋ ㄓㄜˇ ㄉㄧㄢˋ ㄉㄨㄥˋ ㄔㄜ ㄧㄝˇ ㄎㄜˊ ㄧˇ ㄖㄠˋ ㄒㄧㄥˊ
009223,ㄨㄛˊ ㄧㄝˇ ㄕˋ ㄧˊ ㄍㄜ˙ ㄨˊ ㄔˇ ㄉㄜ˙ ㄊㄞˊ ㄨㄢ ㄩㄢˊ ㄋㄚ˙
009224,ㄊㄚ ㄓˇ ㄔㄥ ㄊㄞˋ ㄊㄞ˙ ㄧˋ ㄏㄣˇ ㄒㄧㄣ ㄖㄣˊ ㄊㄚ
009225,ㄏㄡˋ ㄌㄞˊ ㄋㄩˇ ㄑㄧㄥ ㄋㄧㄢˊ ㄅㄟˋ ㄇㄧㄣˊ ㄐㄧㄥˇ ㄌㄚ ㄕㄤˋ ㄐㄧㄥˇ ㄔㄜ ㄉㄞˋ ㄨㄤˇ ㄆㄞˋ ㄔㄨ ㄙㄨㄛˇ ㄒㄧㄥˊ ㄐㄧㄡˇ
009226,ㄓ ㄉㄠˋ ㄨㄛˊ ㄗㄡˇ ㄉㄠˋ ㄌㄜ˙ ㄊㄚ ㄇㄣ˙ ㄎㄞ ㄕˇ ㄎㄜˊ ㄙㄡˋ ㄉㄜ˙ ㄉㄧˋ ㄈㄤ˙ ㄨㄛˊ ㄧㄝˇ ㄎㄜˇ ㄙㄡˋ ㄌㄜ˙
009227,ㄌㄨㄥˊ ㄏㄨˊ ㄨㄤˇ ㄐㄧˋ ㄓㄜˇ ㄐㄧㄤ ㄐㄧˋ ㄒㄩˋ ㄍㄨㄢ ㄓㄨˋ
009228,ㄨㄤˊ ㄈㄟ ㄉㄠˋ ㄒㄧㄤ ㄍㄤˇ ㄉㄚˋ ㄔㄨ ㄒㄧㄝˇ ㄗㄞˋ ㄇㄧㄥˊ ㄉㄧㄢˋ ㄎㄨㄤˊ ㄙㄠˊ ㄌㄧㄤˇ ㄉㄚˋ ㄉㄞˋ ㄓㄢˋ ㄌㄧˋ ㄆㄧㄣˇ
009229,ㄋㄧˊ ㄅㄛˊ ㄦˇ ㄈㄚ ㄕㄥ ㄒㄩㄜˇ ㄅㄥ ㄉㄜ˙ ㄉㄧˋ ㄉㄧㄢˇ
009230,ㄨㄛˇ ㄇㄣ˙ ㄔㄨ ㄌㄞ˙ ㄎㄢˋ ㄊㄚ ㄏㄞˊ ㄏㄡˊ ㄨㄛˇ ㄇㄣ˙
009231,ㄐㄧㄠˇ ㄕㄤˋ ㄕˋ ㄇㄧㄢˊ ㄅㄨˋ ㄨㄚˋ ㄗ˙ ㄏㄜˊ ㄆㄧˊ ㄒㄧㄝˊ
009232,ㄞ ㄈㄨˋ ㄌㄨㄥˊ ㄉㄜ˙ ㄦˊ ㄗ˙ ㄕㄨㄛ ㄊㄚ ㄉㄜ˙ ㄇㄨˇ ㄑㄧㄣ ㄧㄣ ㄈㄟˋ ㄧㄢˊ ㄅㄧㄥˋ ㄕˋ ㄗㄞˋ ㄇㄢˋ ㄏㄚ ㄉㄨㄣˋ
009233,ㄒㄩㄥ ㄇㄟˋ ㄌㄧㄚˇ ㄕㄡ ㄕˋ ㄏㄠˇ ㄆㄨ ㄍㄞˋ ㄩㄥˋ ㄐㄧㄚˋ ㄗˇ ㄔㄜ ㄌㄚˋ ㄓㄜ˙ ㄈㄨˋ ㄑㄧㄣ ㄑㄩˋ ㄕㄤˋ ㄒㄩㄜˊ
009234,ㄅㄨˊ ㄕˋ ㄌㄟˋ ㄌㄜ˙ ㄅㄨˊ ㄕˋ ㄍㄡˋ ㄌㄜ˙ ㄕˋ ㄓ ㄉㄠˋ ㄈㄨˋ ㄇㄨˊ ㄧㄡˇ ㄉㄨㄛ ㄅㄨˋ ㄖㄨㄥˊ ㄧˋ ㄌㄜ˙
009235,ㄕㄣ ㄓㄣˋ ㄕˋ ㄖㄣˊ ㄉㄞˋ ㄉㄞˋ ㄅㄧㄠˇ ㄨㄥ ㄒㄧㄠˇ ㄅㄛ ㄗㄜˊ ㄅㄧㄠˇ ㄉㄚˇ ㄌㄜ˙ ㄅㄨˋ ㄊㄨㄥˊ ㄉㄜ˙ ㄍㄨㄢ ㄉㄧㄢˇ
009236,ㄆㄧㄠˊ ㄗ ㄐㄧㄡˋ ㄕˋ ㄕㄜˋ ㄏㄨㄟˋ ㄕㄨˋ ㄜˊ ㄉㄚˋ ㄒㄧㄠˇ
009237,ㄨㄟˋ ㄏㄜˊ ㄇㄟˊ ㄧㄡˇ ㄧˋ ㄐㄧㄚ ㄓㄨㄥ ㄍㄨㄛˊ ㄑㄧˇ ㄧㄝˋ ㄗㄨㄛ ㄨㄟˊ ㄅㄣˇ ㄐㄧㄝ ㄧㄚˊ ㄩㄣˇ ㄏㄨㄟˋ ㄉㄜ˙ ㄗㄢˋ ㄓㄨˋ ㄕㄤ ㄋㄜ˙
009238,ㄍㄞˊ ㄗㄨˇ ㄍㄨㄟ ㄇㄛˊ ㄩˋ ㄐㄧˋ ㄐㄧㄣˇ ㄒㄧㄢˋ ㄕㄨˋ ㄖㄣˊ
009239,ㄉㄚˊ ㄙㄠˇ ㄨ ㄗ˙ ㄕˋ ㄉㄨㄟˋ ㄗˋ ㄐㄧˇ ㄈㄨˋ ㄗㄜˊ ㄖㄨˊ ㄍㄨㄛˇ ㄧㄡˊ ㄕㄡˇ ㄨㄛˇ ㄧˊ ㄉㄧㄥˋ ㄌㄞˊ ㄅㄤ ㄋㄧˇ
009240,ㄍㄨㄥˇ ㄌㄧˋ ㄓㄤ ㄍㄨㄛˊ ㄖㄨㄥˊ ㄍㄚ ㄋㄚˋ ㄐㄧㄡˋ ㄓㄠˋ
009241,ㄉㄚˋ ㄖㄣˊ ㄇㄣ˙ ㄅㄨˋ ㄉㄨㄥˊ ㄨㄛˇ ㄇㄣ˙ ㄉㄜ˙ ㄕˋ ㄐㄧㄝˋ
009242,ㄅㄧㄝˊ ㄨㄛˊ ㄒㄧㄥˇ ㄌㄜ˙ ㄓㄡ ㄗˇ ㄖㄨㄟˋ ㄐㄧˊ ㄉㄠˋ
009243,ㄓㄜˋ ㄌㄧˇ ㄗ ㄩㄢˊ ㄈㄨˋ ㄖㄠˊ ㄐㄧㄥˇ ㄙㄜˋ ㄧˊ ㄖㄣˊ
009244,ㄐㄧㄡˋ ㄕˋ ㄍㄨㄛˋ ㄧˋ ㄅㄞˇ ㄋㄨㄥˋ ㄕˋ ㄍㄨˋ ㄧˋ ㄩㄢ ㄨㄤˋ
009245,ㄅㄧㄥ ㄇㄧㄢˋ ㄕㄤˋ ㄧㄝˇ ㄓㄨˊ ㄐㄧㄢˋ ㄖㄜˋ ㄋㄠ˙ ㄑㄧˇ ㄌㄞˊ
009246,ㄧㄝˊ ㄒㄩˇ ㄕˋ ㄐㄩㄜˊ ㄉㄜ˙ ㄋㄚˋ ㄍㄜ˙ ㄍㄨ ㄋㄧㄤ˙ ㄅㄧˇ ㄐㄧㄠˋ ㄞˊ ㄒㄧㄠˇ ㄌㄧㄣˊ ㄩㄥˇ ㄧㄢˋ ㄖㄥˊ ㄇㄟˊ ㄧㄡˇ ㄏㄨㄟˊ ㄒㄧㄣˋ
009247,ㄨㄛˇ ㄕㄨㄛ ㄨㄛˇ ㄑㄩˋ ㄘㄜˋ ㄙㄨㄛˊ ㄌㄥˇ ㄐㄧㄥ ㄌㄤˇ ㄐㄧㄥˋ
009248,ㄓㄨˇ ㄧㄠˋ ㄩㄥˋ ㄗㄨㄛˋ ㄆㄧㄠˇ ㄅㄞˊ ㄐㄧˋ ㄈㄤˊ ㄈㄨˇ ㄐㄧˋ
009249,ㄅㄨˋ ㄊㄨㄛˇ ㄉㄤˋ ㄔㄨˋ ㄍㄜˋ ㄨㄟˋ ㄆㄥˊ ㄧㄡ˙ ㄏㄞˇ ㄏㄢˊ
009250,ㄓㄜˋ ㄇㄜ˙ ㄐㄧㄢˇ ㄉㄢ ㄧㄡˇ ㄕㄣˊ ㄇㄜ˙ ㄅㄨˊ ㄏㄨㄟˋ ㄉㄜ˙
009251,ㄑㄩˇ ㄉㄧㄠˋ ㄕˋ ㄒㄧㄢˋ ㄔㄥˊ ㄉㄜ˙ ㄉㄨㄥ ㄅㄟˇ ㄖㄣˊ ㄉㄡ ㄋㄥˊ ㄏㄣ ㄏㄥˋ ㄐㄧˇ ㄐㄩˋ ㄉㄜ˙ ㄦˋ ㄖㄣˊ ㄓㄨㄢˋ
009252,ㄕㄤˋ ㄏㄞˇ ㄉㄜ˙ ㄏㄨˊ ㄆㄛ ㄉㄚˇ ㄉㄨㄛ ㄓㄢ ㄖㄢˇ ㄌㄜ˙ ㄕㄤˋ ㄏㄞˇ ㄖㄣˊ ㄉㄜ˙ ㄒㄧㄠˇ ㄑㄧˋ ㄏㄜˊ ㄒㄧㄚˊ ㄞˋ
009253,ㄍㄨㄟˋ ㄗㄨˊ ㄔㄠˊ ㄊㄧㄥˊ ㄇㄧㄥˋ ㄍㄨㄢ ㄉㄜ˙ ㄙˇ ㄒㄧㄥˊ ㄔㄨˊ ㄈㄚˇ ㄗㄜˊ ㄉㄨㄛ ㄕˋ ㄘˋ ㄙˊ ㄋㄧㄢˇ ㄒㄧㄥˊ
009254,ㄓㄜˋ ㄎㄜˇ ㄕˋ ㄎㄞ ㄊㄧㄢ ㄆㄧˋ ㄉㄧˋ ㄊㄡˊ ㄧˋ ㄏㄨㄟˊ
009255,ㄏㄨㄢˋ ㄓㄜ˙ ㄕㄨˋ ㄏㄡˋ ㄕㄤˋ ㄕˊ ㄊㄧㄢ ㄖㄣˊ ㄗㄢˋ ㄌㄧㄡˊ ㄒㄧㄝˇ ㄧㄥ ㄍㄞ ㄕˋ ㄑㄧˊ ㄓˋ ㄔㄨㄤ ㄙㄨㄛˇ ㄓˋ
009256,ㄉㄢˋ ㄩㄢˋ ㄊㄚ ㄉㄜ˙ ㄔㄢˋ ㄏㄨㄟˇ ㄕˋ ㄓㄣ ㄔㄥˊ ㄉㄜ˙
009257,ㄋㄧˊ ㄓㄤˇ ㄍㄜˋ ㄧㄢˇ ㄐㄧㄥ˙ ㄕˋ ㄔㄨ ㄑㄧˋ ㄉㄜ˙ ㄇㄚ˙
009258,ㄏㄣˊ ㄞˇ ㄉㄜ˙ ㄉㄞˋ ㄓˇ ㄧˊ ㄍㄜ˙ ㄒㄧㄠˇ ㄏㄞˊ ㄗ˙
009259,ㄍㄞ ㄔㄜ ㄑㄧㄢˊ ㄏㄡˋ ㄔㄜ ㄆㄞˊ ㄧˇ ㄅㄟˋ ㄓㄞ ㄉㄧㄠˋ ㄐㄧㄠ ㄐㄧㄥˇ ㄓㄥˋ ㄐㄧㄢˇ ㄔㄚˊ ㄔㄜ ㄌㄧㄤˋ ㄑㄧㄥˊ ㄎㄨㄤˋ
009260,ㄓㄣ ㄕˋ ㄉㄜ˙ ㄈㄟ ㄧㄠˋ ㄨㄛˇ ㄈㄤˋ ㄒㄧㄚˋ ㄕㄣ ㄉㄨㄢˋ
009261,ㄍㄨㄟˊ ㄕˇ ㄕㄣˊ ㄔㄞ ㄓㄜˋ ㄙˋ ㄚ ㄅㄧㄥ ㄋㄚˊ ㄔㄨ ㄌㄜ˙ ㄓㄢ ㄕ˙ ㄕㄣ ㄈㄣˋ ㄓㄥˋ ㄩㄥˋ ㄩˊ ㄉㄥ ㄐㄧˋ
009262,ㄑㄧˊ ㄓㄨㄥ ㄗㄨㄟˋ ㄎㄨㄞˋ ㄒㄧㄥˊ ㄉㄨㄥˋ ㄉㄜ˙ ㄉㄤ ㄕㄨˇ ㄊㄧㄢ ㄇㄠ ㄉㄜ˙ ㄌㄠˇ ㄩㄢ ㄐㄧㄚ˙ ㄐㄧㄥ ㄉㄨㄥ ㄕㄤ ㄔㄥˊ
009263,ㄓㄥˇ ㄍㄜˋ ㄔㄜ ㄒㄧㄤ ㄉㄡ ㄕˋ ㄋㄚˋ ㄍㄜˋ ㄨㄢㄖˋ ㄢˊ ㄓˇ ㄗㄨㄛˋ ㄌㄜ˙ ㄧˊ ㄓㄢˋ ㄍㄢˊ ㄐㄧㄣˇ ㄏㄨㄢˋ ㄔㄜ ㄌㄜ˙
009264,ㄇㄨˇ ㄏㄜˊ ㄇㄚˇ ㄗㄞˋ ㄕㄨㄟˇ ㄓㄨㄥ ㄌㄧㄝˇ ㄓㄜ˙ ㄉㄚˋ ㄗㄨㄟˇ ㄏㄠˇ ㄒㄧㄤˋ ㄗㄞˋ ㄒㄧㄠˇ ㄧㄡˊ ㄎㄜˋ ㄇㄣ˙ ㄆㄠˊ ㄒㄧㄠˋ
009265,ㄉㄞˋ ㄔㄜ ㄙ ㄐㄧ ㄕˋ ㄒㄧ ㄢ ㄖㄣˊ ㄌㄩˊ ㄇㄡˇ
009266,ㄧㄢˊ ㄐㄧㄣˋ ㄐㄧˇ ㄓㄢˋ ㄋㄨㄛˊ ㄩㄥˋ ㄐㄧㄠˋ ㄕ ㄅㄧㄢ ㄓˋ
009267,ㄓㄜˋ ㄉㄜ˙ ㄈㄣ ㄒㄧ ㄐㄧ ㄅㄣˇ ㄍㄨㄥ ㄩㄣˇ ㄓㄨㄥ ㄌㄧˋ
009268,ㄨㄛˇ ㄇㄣ˙ ㄕˋ ㄒㄧㄥ ㄒㄧㄤˋ ㄧㄡˋ ㄦˊ ㄩㄢˊ ㄉㄜ˙ ㄒㄧㄠˇ ㄆㄥˊ ㄧㄡ˙
009269,ㄔㄨㄢˊ ㄕㄨㄛ ㄕˋ ㄨㄣˊ ㄕㄨ ㄆㄨˇ ㄙㄚˋ ㄉㄜ˙ ㄅㄧㄢˋ ㄕㄣ
009270,ㄉㄧˋ ㄦˋ ㄊㄧㄢ ㄕㄡ ㄕㄤˋ ㄗㄨㄛˋ ㄧㄝˋ ㄌㄠˇ ㄕˋ ㄉㄧㄥ ㄓㄜ˙ ㄊㄚ ㄉㄜ˙ ㄗㄨㄛˋ ㄨㄣˊ ㄐㄧㄡˊ ㄐㄧㄡˇ ㄅㄨˋ ㄋㄥˊ ㄧㄢˊ ㄩˇ
009271,ㄇㄟˊ ㄒㄧㄤˇ ㄉㄠˋ ㄋㄢˊ ㄈㄤ ㄉㄜ˙ ㄓㄜˋ ㄐㄩˋ ㄏㄨㄚˋ ㄧˊ ㄒㄧㄚˋ ㄗ˙ ㄖㄜˇ ㄋㄨˋ ㄌㄜ˙ ㄋㄩˇ ㄈㄤ
009272,ㄊㄨㄥˊ ㄕˊ ㄏㄞˊ ㄎㄜˊ ㄧˇ ㄍㄨㄢ ㄎㄢˋ ㄒㄧㄣ ㄅㄢˇ ㄉㄜ˙ ㄉㄧㄢˋ ㄧㄥˇ ㄌㄨˊ ㄕㄢ ㄌㄧㄢˋ ㄦˋ ㄌㄧㄥˊ ㄧ ㄌㄧㄥˊ
009273,ㄨㄛˇ ㄅㄨˊ ㄕˋ ㄏㄣˇ ㄕㄤˋ ㄒㄧㄤˋ ㄅㄨˊ ㄍㄨㄛˋ ㄨㄛˇ ㄗㄨㄟˋ ㄇㄢˇ ㄧˋ ㄨㄛˇ ㄉㄜ˙ ㄧㄢˇ ㄐㄧㄥ ㄌㄚ˙ ㄋㄧˇ ㄋㄜ˙
009274,ㄌㄥˇ ㄇㄛˋ ㄍㄨㄛˋ ㄏㄜˊ ㄔㄞ ㄑㄧㄠˊ ㄒㄧㄣ ㄨㄣˊ ㄘㄨㄥˊ ㄏㄨㄟˊ ㄧˋ ㄌㄧˇ ㄓㄨㄞˋ ㄔㄨ ㄓㄜˋ ㄒㄧㄝ ㄗˋ ㄧㄢˇ
009275,ㄧㄡˇ ㄨㄟ ㄒㄧㄢˇ ㄉㄜ˙ ㄉㄧˋ ㄈㄤ ㄅㄨˊ ㄧㄠˋ ㄖㄤˋ ㄒㄩㄜˊ ㄕㄥ ㄑㄧㄥ ㄙㄠˇ ㄅㄧˇ ㄖㄨˊ ㄘㄚ ㄔㄨㄤ ㄏㄨˋ
009276,ㄩㄢˊ ㄌㄧˇ ㄧㄡˊ ㄖㄣˊ ㄒㄧ ㄕㄠˇ ㄗㄨㄟˋ ㄉㄚˋ ㄉㄜ˙ ㄘㄢ ㄍㄨㄢ ㄊㄨㄢˊ ㄐㄧㄡˋ ㄕˋ ㄓㄤ ㄏㄨㄚˊ ㄙㄢ ㄖㄣˊ
009277,ㄔㄣˊ ㄏㄨㄥˊ ㄓˊ ㄏㄠˊ ㄑㄧㄥˇ ㄌㄜ˙ ㄌㄧㄤˇ ㄍㄜ˙ ㄅㄤˋ ㄅㄤ˙ ㄅㄚˊ ㄇㄨˇ ㄑㄧㄣ ㄊㄞˊ ㄏㄨㄟˊ ㄌㄜ˙ ㄐㄧㄚ
009278,ㄒㄧㄝˋ ㄇㄡˇ ㄏㄜˊ ㄩㄢˊ ㄇㄡˇ ㄐㄧㄥ ㄒㄧㄥˇ ㄇㄥˇ ㄉㄜ˙ ㄓㄢˋ ㄑㄧˇ ㄌㄞˊ ㄍㄨㄛˋ ㄌㄞˊ ㄑㄧㄤˇ ㄆㄧㄥˊ ㄗㄜˋ
009279,ㄑㄧㄥˊ ㄒㄧㄝˇ ㄒㄧㄚˋ ㄋㄧㄣˊ ㄉㄜ˙ ㄒㄧㄥˋ ㄇㄧㄥˊ ㄒㄧㄤˊ ㄒㄧˋ ㄊㄨㄥˊ ㄒㄩㄋˋ ㄉㄧˋ ㄓˇ ㄧㄡˊ ㄓㄥˋ ㄅㄧㄢ ㄇㄚˇ
009280,ㄆㄧㄣˊ ㄍㄨㄢˇ ㄅㄨˋ ㄉㄨㄟˋ ㄕㄥ ㄔㄢˇ ㄅㄨˋ ㄇㄣ˙ ㄉㄜ˙ ㄔㄢˊ ㄆㄧㄣˇ ㄐㄩˋ ㄧㄡˇ ㄧˊ ㄆㄧㄠˋ ㄈㄡˇ ㄐㄩㄜˊ ㄑㄨㄢˊ
009281,ㄏㄞˊ ㄗㄞˋ ㄏㄣˋ ㄐㄧㄚˋ ㄉㄜ˙ ㄋㄩˇ ㄊㄨㄥˊ ㄒㄩㄜˊ ㄇㄣ˙ ㄕˋ ㄕˊ ㄏㄡˋ ㄒㄩㄜˊ ㄉㄧㄢˇ ㄐㄧˋ ㄋㄥˊ ㄌㄜ˙
009282,ㄇㄛˋ ㄇㄧㄥˊ ㄅㄟˋ ㄘˋ ㄕㄤ ㄉㄠˇ ㄇㄟˊ ㄉㄜ˙ ㄒㄩˇ ㄎㄨㄟˊ ㄓㄣ ㄓㄥˋ ㄕˋ ㄊㄤˇ ㄓㄜ˙ ㄧㄝˇ ㄞ ㄉㄠ
009283,ㄅㄟˋ ㄓˊ ㄅㄞˇ ㄆㄞ ㄉㄜ˙ ㄊㄧㄠ ㄕˊ ㄌㄠˇ ㄖㄣˊ ㄍㄨㄟˋ ㄑㄧㄡˊ ㄓㄥˋ ㄈㄨˇ ㄒㄧㄡ ㄌㄨˋ ㄏㄨㄚˋ ㄇㄧㄢˋ
009284,ㄐㄧˋ ㄓㄜˇ ㄌㄧㄠˊ ㄐㄧㄝˇ ㄉㄠˋ ㄐㄧㄡˊ ㄅㄞˇ ㄅㄚ ㄕˋ ㄐㄧㄡˇ ㄏㄠˋ ㄑㄧˇ ㄧㄝˋ ㄨㄟˊ ㄍㄨㄟˋ ㄓㄡ ㄇㄠˊ ㄊㄞˊ
009285,ㄧㄡˇ ㄅㄠˋ ㄉㄠˋ ㄕㄨㄛ ㄊㄨㄛ ㄉㄜˊ ㄏㄞˊ ㄕˋ ㄎㄣˊ ㄊㄚˇ ㄐㄧ ㄓㄡ ㄉㄜ˙ ㄧˋ ㄇㄧㄥˊ ㄊㄨㄥ ㄐㄧ ㄈㄢˋ
009286,ㄚ ㄐㄧㄝˊ ㄖㄤˋ ㄚ ㄩㄝˋ ㄎㄢˋ ㄒㄧㄚˋ ㄕㄥˋ ㄒㄧㄚˋ ㄉㄜ˙ ㄏㄜˊ ㄈㄢˋ ㄏㄜˊ ㄅㄨˋ ㄏㄜˊ ㄊㄚ ㄉㄜ˙ ㄨㄟˋ ㄎㄡˇ
009287,ㄐㄧㄢˋ ㄐㄧㄢˋ ㄉㄜ˙ ㄌㄧˇ ㄑㄧㄤˊ ㄉㄜ˙ ㄆㄧㄥˊ ㄐㄧㄚˋ ㄅㄧㄢˋ ㄔㄥˊ ㄌㄜ˙ ㄅㄨˋ ㄎㄞ ㄑㄧㄠˋ ㄨㄛ ㄋㄤ˙ ㄈㄟˋ
009288,ㄓㄨ ㄖㄨㄥˊ ㄐㄧ ㄘㄢ ㄐㄧㄚ ㄑㄧㄥ ㄏㄨㄚˊ ㄉㄚˋ ㄒㄩㄜˊ ㄅㄞˇ ㄋㄧㄢˊ ㄒㄧㄠˋ ㄑㄧㄥˋ ㄕˊ ㄘㄥˊ ㄒㄧㄤˋ ㄍㄨㄤˇ ㄉㄚˋ ㄊㄨㄥˊ ㄒㄩㄜˊ ㄊㄨㄟ ㄐㄧㄢˋ ㄍㄨㄛˋ ㄘˇ ㄕㄨ
009289,ㄍㄨㄛˊ ㄑㄧㄤˊ ㄘㄞˊ ㄋㄥˊ ㄍㄨㄛˊ ㄋㄧㄥˊ ㄗㄟˊ ㄘㄞˊ ㄅㄨˇ ㄍㄨㄢˇ ㄉㄧㄢˋ ㄐㄧ˙
009290,ㄧㄣ ㄨㄟˋ ㄐㄧㄚ ㄊㄧㄥˊ ㄅㄨˋ ㄎㄜˇ ㄋㄥˊ ㄍㄜ ㄕㄜˇ ㄕˋ ㄧㄝˋ ㄎㄜˊ ㄧˊ ㄉㄥˇ ㄉㄞˋ ㄒㄧㄚˋ ㄧˋ ㄅㄛ
009291,ㄊㄚ ㄕㄨㄛ ㄨㄞˋ ㄉㄧˋ ㄖㄨˊ ㄑㄧˇ ㄎㄜˊ ㄧˇ ㄉㄠˋ ㄕㄨㄤ ㄔㄥˊ ㄐㄧㄥ ㄧㄥˊ ㄘㄢ ㄩˋ ㄐㄧㄥˋ ㄓㄥ
009292,ㄧㄡˇ ㄖㄣˊ ㄕㄣˋ ㄓˋ ㄎㄤˊ ㄌㄞˊ ㄌㄡˊ ㄊㄧ ㄉㄚˋ ㄗㄞˋ ㄨㄟˊ ㄑㄧㄤˊ ㄕㄤˋ ㄙˋ ㄔㄨˇ ㄓㄤ ㄨㄤˋ
009293,ㄉㄧˋ ㄙˋ ㄐㄧㄡˋ ㄕˋ ㄒㄨㄢˇ ㄗㄜˊ ㄊㄨㄟˊ ㄈㄟˋ
009294,ㄧㄡˇ ㄦˊ ㄧㄡˊ ㄋㄩˇ ㄌㄜ˙ ㄏㄣˊ ㄇㄢˋ ㄗㄨˊ ㄌㄜ˙
009295,ㄗㄡˇ ㄅㄚ˙ ㄉㄞˋ ㄕㄤˋ ㄨㄛˇ ㄆㄚˊ ㄕㄢ ㄑㄩˋ
009296,ㄍㄞ ㄒㄧㄠ ㄒㄧ˙ ㄧˋ ㄔㄨ ㄔㄥˊ ㄊㄡˊ ㄓㄞˋ ㄕˋ ㄔㄤˇ ㄙㄨㄟˊ ㄐㄧˊ ㄐㄧㄣˋ ㄖㄨˋ ㄍㄨㄞˊ ㄉㄧㄢˇ
009297,ㄋㄢˊ ㄉㄠˋ ㄋㄧˇ ㄧㄠˋ ㄆㄠ ㄑㄧˋ ㄨㄛˇ ㄌㄜ˙ ㄇㄚ˙
009298,ㄉㄚˋ ㄇㄧㄢˋ ㄐㄧ ㄍㄢ ㄌㄨˇ ㄉㄜ˙ ㄏㄜˊ ㄉㄠˋ
009299,ㄅㄨˊ ㄘㄨㄛˋ ㄇㄜ˙ ㄏㄞˊ ㄗㄞˋ ㄓㄣ ㄏㄠˇ
009300,ㄘㄥˊ ㄐㄧㄥ ㄧㄝˊ ㄧㄡˊ ㄕㄠˇ ㄌㄧㄤˋ ㄉㄜ˙ ㄈㄢ ㄑㄧㄝˊ
009301,ㄌㄧˋ ㄨㄟˊ ㄈㄡˇ ㄖㄣˋ ㄌㄜ˙ ㄓㄜˋ ㄧˊ ㄅㄠˋ ㄉㄠˋ
009302,ㄙㄨㄛˊ ㄧˊ ㄏㄣˇ ㄇㄧㄥˊ ㄍㄢˇ ㄏㄣˇ ㄈㄨˋ ㄗㄚˊ
009303,ㄑㄧㄢˊ ㄊㄧㄢ ㄋㄚˋ ㄋㄚˋ ㄧㄣ ㄊㄧㄠˋ ㄌㄡˊ ㄏㄡˋ ㄕㄤ ㄕˋ ㄍㄨㄛˋ ㄓㄨㄥˋ ㄧˇ ㄅㄨˊ ㄓˋ ㄕㄣ ㄨㄤˊ
009304,ㄊㄚ ㄅㄨˋ ㄐㄧㄣˇ ㄗˋ ㄐㄧˇ ㄒㄧ ㄉㄨˊ ㄦˊ ㄑㄧㄝ ㄅㄚˇ ㄦˊ ㄗ˙ ㄧㄝˇ ㄉㄞˋ ㄌㄜ˙ ㄐㄧㄣˋ ㄌㄞˊ
009305,ㄌㄧˋ ㄖㄨˊ ㄈㄣˋ ㄋㄨˋ ㄉㄜ˙ ㄒㄧㄠˊ ㄋㄧㄠˇ ㄐㄧㄡˋ ㄕˋ ㄋㄧˇ ㄏㄨㄚˋ ㄨㄛˇ ㄘㄞ ㄉㄜ˙ ㄇㄨˊ ㄅㄢˇ
009306,ㄍㄨㄥ ㄙ ㄈㄨˋ ㄗㄜˊ ㄖㄣˊ ㄉㄜ˙ ㄋㄧㄢˊ ㄉㄨˋ ㄒㄧㄣ ㄔㄡˊ ㄗㄥ ㄓㄤˇ ㄌㄩˋ ㄧㄥˊ ㄉㄧ ㄩˊ ㄍㄨㄥ ㄙ ㄒㄧㄣ ㄔㄡˇ ㄗㄥ ㄓㄤˇ ㄌㄩˋ
009307,ㄊㄚ ㄇㄟˊ ㄒㄧㄚˋ ㄔㄜ ㄧㄡˋ ㄎㄢˋ ㄐㄧㄢˋ ㄨㄞˋ ㄍㄨㄛˊ ㄖㄣˊ ㄔㄠˊ ㄌㄨˋ ㄖㄣˊ ㄖㄤ ㄖㄤ˙
009308,ㄒㄧㄢˋ ㄗㄞˋ ㄧˇ ㄐㄧㄥ ㄐㄧㄢˋ ㄍㄜˊ ㄨˇ ㄕˊ ㄐㄧㄡˇ ㄋㄧㄢˊ ㄇㄧㄥˊ ㄒㄧㄢˇ ㄔㄠ ㄑㄧ ㄌㄜ˙
009309,ㄓㄜˋ ㄧˋ ㄏㄨㄢˊ ㄐㄧㄝˊ ㄉㄜ˙ ㄕㄨㄟˋ ㄕㄡ ㄗㄚˊ ㄈㄟˋ ㄏㄜˊ ㄈㄢˊ ㄖㄨㄥˊ ㄉㄜ˙ ㄕㄡˇ ㄒㄩˋ ㄖㄤˋ ㄅㄨˋ ㄕㄠˇ ㄉㄞˋ ㄍㄡˋ ㄓㄜˊ ㄊㄧㄥˇ ㄦˊ ㄗㄡˊ ㄒㄧㄢˇ
009310,ㄋㄢˊ ㄐㄧㄥ ㄒㄧㄢˋ ㄗㄞˋ ㄐㄧˊ ㄏㄡˊ ㄏㄡˇ ㄧㄠˋ ㄔㄞ ㄅㄠˋ ㄊㄧㄥˊ ㄔㄥˊ ㄕˋ ㄍㄨㄢˊ ㄌㄧˊ ㄓㄜˇ ㄉㄜ˙ ㄕㄨㄟˇ ㄆㄧㄥˊ ㄖㄤˋ ㄖㄣˊ ㄅㄨˋ ㄍㄢˇ ㄍㄨㄥ ㄨㄟˊ
009311,ㄊㄡˊ ㄗ ㄕˊ ㄅㄧˋ ㄒㄩˋ ㄊㄨㄥˊ ㄕˊ ㄧㄡˊ ㄩㄢˇ ㄐㄧㄢˋ ㄓㄨㄛˊ ㄕˊ ㄏㄜˊ ㄕˊ ㄗㄞˋ ㄉㄜ˙ ㄕㄨˋ ㄐㄩˋ ㄓ ㄔㄥ
009312,ㄅㄨˋ ㄒㄧˇ ㄏㄨㄢ˙ ㄐㄧㄠˋ ㄩˋ ㄉㄢˋ ㄙ ㄒㄧㄤˇ ㄐㄩㄜˊ ㄨˋ ㄏㄞˊ ㄇㄟˊ ㄉㄠˋ ㄊㄨㄟ ㄈㄢ ㄒㄧㄢˋ ㄒㄧㄥˊ ㄐㄧㄠˋ ㄩˋ ㄊㄧˇ ㄓˋ ㄉㄜ˙ ㄍㄠ ㄉㄨˋ
009313,ㄧㄡˇ ㄕˊ ㄏㄡˋ ㄕˋ ㄏㄣˇ ㄐㄧ ㄓˋ ㄉㄜ˙ ㄓㄨㄤ ㄙㄨㄥˊ
009314,ㄊㄚ ㄧ ㄖㄢˊ ㄐㄧˋ ㄉㄜ˙ ㄇㄥˋ ㄌㄨˋ ㄉㄤ ㄕˋ ㄍㄟˇ ㄊㄚ ㄧˊ ㄍㄜˋ ㄋㄨㄢˊ ㄋㄨㄢˇ ㄉㄜ˙ ㄩㄥ ㄅㄠˋ
009315,ㄨㄟˋ ㄌㄜ˙ ㄓㄨㄤˋ ㄉㄢˇ ㄍㄢˊ ㄐㄧㄣˇ ㄋㄚˊ ㄔㄨ ㄙㄨㄟˊ ㄕㄣ ㄒㄧㄝˊ ㄉㄞˋ ㄉㄜ˙ ㄅㄧㄢ ㄆㄠˋ ㄖㄢˊ ㄈㄤˋ
009316,ㄕˊ ㄦˋ ㄖˋ ㄡ ㄩㄢˊ ㄉㄨㄟˋ ㄇㄟˇ ㄩㄢˊ ㄉㄜ˙ ㄅㄧˇ ㄐㄧㄚˋ ㄕˋ ㄧ ㄅㄧˇ ㄧ ㄉㄧㄢˇ ㄙㄢ ㄨˊ ㄐㄧㄡˇ ㄙㄢ
009317,ㄔㄨㄣ ㄐㄧㄤ ㄕㄨㄟˊ ㄋㄨㄢˊ ㄧㄚˇ ㄒㄧㄢ ㄓ ㄨㄛˇ ㄎㄣˊ ㄧˇ ㄍㄠˋ ㄙㄨㄣˋ ㄋㄧˇ ㄇㄧㄥˊ ㄊㄧㄢ ㄔㄨㄢ ㄕㄣˊ ㄇㄜ˙
009318,ㄗㄞˋ ㄕˋ ㄈㄚ ㄉㄜ˙ ㄧㄠ ㄙˋ ㄌㄧㄥˊ ㄦˋ ㄕˋ ㄇㄣˊ ㄎㄡˇ ㄏㄞˊ ㄧㄡˇ ㄉㄚˋ ㄆㄢ ㄉㄜ˙ ㄒㄩㄜˋ ㄐㄧˋ
009319,ㄅㄧˋ ㄊㄚˇ ㄊㄚˊ ㄨㄚˇ ㄐㄩˋ ㄒㄧ ㄧㄡˇ ㄊㄜˋ ㄕㄨ ㄉㄜ˙ ㄊㄧˇ ㄙㄜˋ ㄅㄧㄠ ㄐㄧˋ ㄏㄜˊ ㄒㄧㄥˋ ㄑㄧˋ ㄍㄨㄢ
009320,ㄕˋ ㄍㄨㄥ ㄢ ㄐㄩˊ ㄉㄜ˙ ㄨㄟ ㄅㄛˊ ㄎㄞ ㄉㄜ˙ ㄗㄨㄟˋ ㄗㄠˇ ㄧㄣ ㄘˇ ㄖㄣˊ ㄑㄧㄡˋ ㄧㄝ˙ ㄗㄨㄟˋ ㄗㄨˊ
009321,ㄒㄧㄠˇ ㄉㄨㄟˋ ㄨㄢˊ ㄔㄥˊ ㄅㄨˋ ㄌㄧㄠˇ ㄖㄣˋ ㄨˋ ㄌㄧㄥˊ ㄉㄠˊ ㄓㄜˊ ㄧㄝˇ ㄧㄠˋ ㄈㄨˋ ㄔㄨ ㄉㄞˋ ㄐㄧㄚ˙
009322,ㄌㄠˇ ㄍㄨㄥ ㄏㄣˇ ㄇㄟˊ ㄑㄧㄥˊ ㄉㄧㄠˋ ㄉㄜ˙ ㄨㄣˋ ㄌㄠˇ ㄆㄛˊ ㄕㄨㄛ ㄇㄚ˙ ㄋㄧˊ ㄒㄧㄤˇ ㄧㄠˋ ㄕㄚˊ
009323,ㄉㄤ ㄋㄧㄢˊ ㄗㄨㄥˇ ㄕㄡ ㄖㄨˋ ㄨㄟˊ ㄖㄣˊ ㄇㄧㄣˊ ㄅㄧˋ ㄑㄧ ㄕˊ ㄧ ㄉㄧㄢˊ ㄨˇ ㄙˋ ㄨˇ ㄧˋ ㄩㄢˊ
009324,ㄧ ㄕㄥ ㄐㄧㄥˇ ㄋㄧㄣˊ ㄗㄞˋ ㄔㄚˊ ㄧ ㄋㄧˇ ㄕˋ ㄧ ㄕㄡ ㄏㄞˊ ㄕˋ ㄨㄛˇ ㄕˋ ㄧˋ ㄕㄥ
009325,ㄇㄚˇ ㄩㄣˊ ㄧㄡˇ ㄧㄣ ㄌㄧㄥˊ ㄦˋ ㄋㄧㄢˊ ㄉㄜ˙ ㄐㄧˋ ㄏㄨㄚˋ ㄨㄛˊ ㄧㄡˇ ㄙㄢ ㄌㄧㄥˊ ㄋㄧㄢˊ ㄉㄜ˙ ㄐㄧˋ ㄏㄨㄚ˙
009326,ㄗㄨㄟˋ ㄐㄧㄣˋ ㄍㄢˇ ㄐㄩㄜˊ ㄊㄚ ㄒㄧㄠ ㄊㄧㄥˊ ㄧˋ ㄒㄧㄝ ㄌㄜ˙ ㄨㄛˊ ㄧㄝˇ ㄐㄩㄜˊ ㄉㄜ˙ ㄨㄛˇ ㄎㄜˊ ㄧˇ ㄔㄨ ㄌㄞ˙ ㄌㄜ˙
009327,ㄊㄚ ㄧㄡˋ ㄓㄨㄚ ㄓㄨˋ ㄕㄡˋ ㄆㄧㄠˋ ㄩㄣˊ ㄉㄜ˙ ㄅㄠ ㄅㄠ ㄉㄢˋ ㄕㄡˋ ㄆㄧㄠˋ ㄩㄢˊ ㄅㄞ ㄎㄞ ㄊㄚ ㄉㄜ˙ ㄕㄡˊ ㄓˇ ㄆㄧㄣ ㄇㄧㄥˋ ㄆㄠˇ ㄒㄧㄚˋ ㄔㄜ
009328,ㄊㄧㄠ ㄑㄧˇ ㄓㄨㄢ ㄏㄡˋ ㄅㄧㄢˇ ㄉㄢˋ ㄐㄧㄡˋ ㄕㄣ ㄒㄧㄢˋ ㄗㄞˋ ㄓㄜˋ ㄉㄠˋ ㄏㄣˊ ㄐㄧˋ ㄌㄧˇ ㄏㄡˋ ㄅㄟˋ ㄕㄤˋ ㄗㄜˊ ㄉㄨㄟ ㄑㄧˇ ㄧˊ ㄉㄠˋ ㄖㄡˋ
009329,ㄒㄧㄣ ㄏㄨㄣ ㄧㄝˋ ㄋㄚˋ ㄊㄧㄢ ㄨㄢˇ ㄕㄤˋ ㄊㄚ ㄏㄜ ㄉㄜ˙ ㄇㄧㄥˊ ㄉㄧㄥˇ ㄉㄚˋ ㄗㄨㄟˋ ㄨㄛˊ ㄌㄧㄚˇ ㄐㄧ ㄏㄨ ㄕˋ ㄏㄜˊ ㄧ ㄦˊ ㄋㄧㄢˇ
009330,ㄔㄨˊ ㄈㄟ ㄧㄡˇ ㄊㄨㄥ ㄊㄧㄢ ㄉㄜ˙ ㄋㄥˊ ㄌㄧˋ ㄉㄢˋ ㄊㄧㄢ ㄏㄨㄟˋ ㄙㄨㄟˊ ㄕˊ ㄙㄨㄟˊ ㄉㄧˋ ㄅㄤ ㄋㄧˇ ㄐㄧㄤˋ ㄩˇ ㄇㄧㄢˋ ㄏㄨㄛˇ ㄇㄚ˙
009331,ㄧˊ ㄍㄜˋ ㄩㄢˇ ㄗㄞˋ ㄗㄨˇ ㄍㄨㄛˊ ㄒㄧ ㄅㄟˋ ㄐㄧㄠˇ ㄉㄜ˙ ㄧㄝˋ ㄩˊ ㄗㄨㄛˋ ㄓㄜˇ ㄉㄜ˙ ㄗㄨㄛˋ ㄆㄧㄣˇ ㄏㄜˊ ㄧˇ ㄉㄜˊ ㄉㄠˋ ㄋㄧㄣˇ ㄇㄜ˙ ㄉㄜ˙ ㄑㄧㄥ ㄌㄞˋ
009332,ㄩˊ ㄕˋ ㄊㄚ ㄅㄧㄢˋ ㄉㄚˇ ㄉㄧㄢˋ ㄏㄨㄚˋ ㄒㄩˇ ㄨㄣˋ ㄐㄧㄚ ㄓㄨㄥ ㄕˋ ㄈㄛˊ ㄧㄡˇ ㄕˋ
009333,ㄈㄣ ㄇㄧㄢˇ ㄔˊ ㄒㄧㄤˋ ㄍㄜ˙ ㄉㄚˋ ㄩˋ ㄍㄤ ㄧㄡˇ ㄗㄨㄛˋ ㄉㄧㄢˋ ㄐㄧㄠˇ ㄉㄧㄢˋ ㄌㄧㄤˇ ㄘㄜˋ ㄏㄞˊ ㄧㄡˇ ㄅㄚˊ ㄕㄡˇ
009334,ㄅㄟˋ ㄔㄥ ㄗㄢˋ ㄌㄜ˙ ㄓㄣ ㄎㄞ ㄒㄧㄣ ㄧㄚ˙
009335,ㄋㄢˊ ㄊㄨㄥˊ ㄗㄞˋ ㄔㄜ ㄏㄡˋ ㄨㄢˊ ㄕㄨㄚˇ
009336,ㄋㄧˊ ㄒㄧㄤˇ ㄨㄢˊ ㄉㄧㄢˇ ㄕㄣˊ ㄇㄜ˙
009337,ㄋㄧˇ ㄎㄢˋ ㄍㄨㄛ˙ ㄨㄛˇ ㄐㄧㄚ ㄅㄠˊ ㄒㄧㄢˇ ㄍㄨㄟˋ
009338,ㄋㄧˊ ㄧㄝˊ ㄏㄠˇ ㄈㄢˊ ㄧㄚ˙
009339,ㄋㄧˇ ㄉㄜ˙ ㄉㄧˋ ㄧ ㄒㄨㄢˇ ㄗㄜˊ ㄕˋ ㄕㄨㄟˊ
009340,ㄋㄧˊ ㄒㄧˇ ㄏㄨㄢ ㄨㄢˊ ㄕㄣˊ ㄇㄜ˙ ㄧㄡˇ ㄒㄧˋ
009341,ㄔ ㄍㄜˋ ㄓㄨㄥˇ ㄐㄧㄥ ㄕㄣˊ ㄕˊ ㄌㄧㄤˊ
009342,ㄕˋ ㄅㄚ ㄐㄧㄝˋ ㄕㄥˊ ㄨㄟˊ ㄨㄟˇ ㄩㄢˊ
009343,ㄨㄛˇ ㄓˊ ㄒㄧˇ ㄏㄨㄢ˙ ㄎㄢˋ ㄒㄧㄠˇ ㄕㄨㄛ
009344,ㄒㄧㄤ ㄍㄤˇ ㄉㄨˋ ㄕㄚ ㄈㄨ ㄖㄣˊ ㄌㄚˋ ㄒㄧㄤˋ ㄍㄨㄢˇ ㄨㄛˇ ㄑㄧㄤˊ ㄌㄧˋ ㄊㄨㄟ ㄐㄧㄢˋ ㄛ˙
009345,ㄉㄧˋ ㄌㄧㄡˋ ㄑㄧ ㄅㄚ ㄐㄧㄡˇ ㄒㄧㄤˋ ㄖㄣˋ ㄨˋ ㄕㄨˇ ㄩˊ ㄐㄧㄚ ㄑㄧㄤˊ ㄨㄢˊ ㄕㄢˋ ㄑㄧˇ ㄧㄝˋ ㄐㄧㄣ ㄖㄨㄥˊ ㄓ ㄔˊ
009346,ㄓㄜˋ ㄋㄧㄢˊ ㄊㄡˋ ㄐㄧ ㄑㄧˋ ㄖㄣˊ ㄅㄨˊ ㄏㄨㄟˋ ㄕㄤˋ ㄨㄤˇ ㄏㄞˊ ㄗㄣˇ ㄇㄜ˙ ㄔㄨ ㄌㄞˊ ㄏㄨㄣˋ ㄋㄜ˙
009347,ㄨㄟˊ ㄧˇ ㄑㄧㄢˊ ㄐㄧㄡˋ ㄗㄨㄛˋ ㄍㄨˋ ㄈㄢ ㄧˋ ㄓㄜˋ ㄘˋ ㄕˋ ㄔㄨㄥˊ ㄘㄠ ㄐㄧㄡˋ ㄧㄝˋ ㄩˊ ㄕˋ ㄊㄨㄣˋ ㄎㄨㄞˋ ㄉㄜ˙ ㄉㄚ ㄧㄥˋ ㄌㄜ˙
009348,ㄨㄛˇ ㄕㄣ ㄕㄤˋ ㄓㄨㄥ ㄩˋ ㄧㄡˇ ㄉㄧㄢˊ ㄓㄨˇ ㄖㄣˊ ㄉㄜ˙ ㄑㄧˋ ㄓˋ ㄌㄜ˙
009349,ㄓㄜˋ ㄅㄧㄥˋ ㄅㄨˊ ㄕˋ ㄆㄞ ㄋㄠˇ ㄉㄞˋ ㄗㄨㄛˋ ㄔㄨ ㄉㄜ˙ ㄐㄩㄜˊ ㄉㄧㄥˋ
009350,ㄉㄥˋ ㄌㄧˋ ㄉㄜ˙ ㄒㄧㄣ ㄙㄨㄟˋ ㄌㄜ˙ ㄊㄧㄢ ㄊㄧㄢ ㄧˇ ㄌㄟˋ ㄒㄧˇ ㄇㄧㄢˋ
009351,ㄌㄧㄡˊ ㄐㄧㄣ ㄧㄠˋ ㄐㄧㄠˋ ㄕㄡˋ ㄗㄞ ㄨㄟˋ ㄔㄥˊ ㄔㄤˋ ㄐㄧㄣˋ ㄒㄧㄥˊ ㄐㄧㄢˇ ㄔㄚˊ
009352,ㄅㄨˊ ㄍㄨㄛˋ ㄘˇ ㄈㄢ ㄒㄧㄠˇ ㄊㄡ ㄏㄠˇ ㄒㄧㄤˋ ㄗㄡˇ ㄉㄜ˙ ㄘㄨㄥ ㄇㄤˊ ㄏㄞˊ ㄅㄚˊ ㄧˊ ㄅㄚˊ ㄊㄧㄝˇ ㄅㄢ ㄕㄡˋ ㄌㄨㄛˋ ㄗㄞˋ ㄌㄜ˙ ㄉㄧㄢˋ ㄌㄧˇ
009353,ㄓㄜˋ ㄒㄧㄝ ㄋㄧㄢˊ ㄖㄨˊ ㄍㄨㄛˇ ㄅㄨˊ ㄕˋ ㄨㄛˇ ㄗㄞˋ ㄓㄨㄥ ㄐㄧㄢ ㄉㄜ˙ ㄏㄨㄚˋ ㄔㄣˊ ㄇㄧㄥˊ ㄌㄧㄤˋ ㄗㄠˇ ㄐㄧㄡˋ ㄅㄟˋ ㄓㄨㄥ ㄦˇ ㄦˊ ㄔㄨˊ ㄉㄧㄠˋ ㄌㄜ˙
009354,ㄓˋ ㄘˇ ㄩˇ ㄓㄨㄥ ㄍㄨㄛˊ ㄐㄧ ㄐㄧㄢˋ ㄏㄜˊ ㄗㄨㄛˋ ㄉㄜ˙ ㄈㄛˊ ㄕㄢ ㄅㄚ ㄌㄟˊ ㄩˇ ㄒㄧㄤˋ ㄇㄨˋ ㄕㄡˇ ㄔㄨㄤˋ ㄓˋ ㄧㄝˋ ㄨㄢˊ ㄑㄨㄢˊ ㄊㄨㄟˋ ㄔㄨ
009355,ㄙㄨㄟˊ ㄕㄡˇ ㄆㄞ ㄓㄤ ㄌㄨㄛˊ ㄋㄩˇ ㄕ ㄏㄞˇ ㄊㄠˊ ㄉㄜ˙ ㄇㄨˋ ㄆㄧㄣˇ ㄉㄡ ㄕˋ ㄉㄤ ㄒㄧㄚˋ ㄗㄨㄟˋ ㄖㄜˋ ㄇㄣˊ ㄉㄜ˙ ㄧㄡˋ ㄦˊ ㄅㄠˇ ㄐㄧㄢˋ ㄆㄧˇ
009356,ㄓˊ ㄉㄠˋ ㄉㄨㄥ ㄔㄨㄤ ㄕˋ ㄈㄚ ㄘㄞˇ ㄓ ㄉㄠˋ ㄙㄨㄥˊ ㄩㄥˇ ㄊㄚ ㄇㄚˋ ㄧㄥˊ ㄉㄜ˙ ㄨㄤˊ ㄩㄢˋ ㄓㄤˇ ㄐㄧㄥˋ ㄕˋ ㄗˋ ㄐㄧˇ ㄉㄜ˙ ㄓㄤˋ ㄈㄨ˙
009357,ㄐㄧㄚ ㄌㄧˊ ㄇㄞˇ ㄌㄜ˙ ㄅㄨˋ ㄕㄠˇ ㄓㄨㄥˋ ㄧㄡˊ ㄔㄚˊ ㄉㄜ˙ ㄕㄨ ㄎㄜˇ ㄍㄨㄤ ㄎㄢˋ ㄕㄨ ㄎㄨ ㄗㄠˋ ㄅㄨˊ ㄕㄨㄛ ㄏㄞˊ ㄅㄨˋ ㄏㄠˊ ㄉㄨㄥˇ
009358,ㄗㄨㄛˊ ㄖˋ ㄐㄧㄥ ㄈㄥ ㄅㄧㄠˇ ㄕˋ ㄗㄞˋ ㄐㄧㄢˊ ㄇㄨˋ ㄓㄨㄥ ㄉㄜ˙ ㄧㄢˊ ㄌㄨㄣˋ ㄨㄟˋ ㄐㄧㄥ ㄍㄨㄛˋ ㄧㄢˋ ㄓㄥˋ ㄧㄡˇ ㄕ ㄧㄢˊ ㄐㄧㄣˇ ㄏㄜˊ ㄊㄨㄛˇ ㄉㄤˋ
009359,ㄍㄞ ㄉㄧㄢˋ ㄕˋ ㄇㄧㄥˊ ㄇㄚˇ ㄕˊ ㄐㄧㄚˋ ㄩㄝˇ ㄊㄧˊ ㄍㄨㄥ ㄅㄨˋ ㄊㄨㄥˊ ㄧㄡ ㄏㄨㄟˋ ㄐㄧㄥ ㄇㄧㄥˊ ㄉㄜ˙ ㄒㄧㄠ ㄈㄟˋ ㄓㄜˊ ㄉㄨㄥˇ ㄉㄜˊ ㄒㄨㄢˇ ㄗㄜˊ
009360,ㄙㄨㄟˊ ㄏㄡˋ ㄧㄡˊ ㄌㄧㄤˇ ㄇㄧㄥˊ ㄕㄣ ㄘㄞˊ ㄌㄩㄝˋ ㄨㄟ ㄞˊ ㄒㄧㄠˇ ㄉㄜ˙ ㄒㄧㄠ ㄈㄤˊ ㄍㄨㄢ ㄅㄧㄥ ㄐㄧㄣˋ ㄖㄨˋ ㄐㄧㄚˋ ㄕˇ ㄕˋ ㄐㄧㄣˇ ㄐㄧㄥˊ ㄧㄥˊ ㄐㄧㄡˋ
009361,ㄅㄨˋ ㄕㄠˇ ㄖㄣˊ ㄧㄣ ㄘˇ ㄖㄣˋ ㄕˋ ㄌㄜ˙ ㄍㄨㄤˇ ㄓㄡ ㄐㄧˋ ㄓㄨˋ ㄌㄨ˙ ㄏㄞˇ ㄒㄧㄣ ㄕㄚ ㄒㄧㄤˋ ㄨㄤˇ ㄓㄨ ㄐㄧㄤ ㄅㄧㄢ ㄉㄜ˙ ㄘㄨㄟˇ ㄘㄢˋ
009362,ㄓㄜˋ ㄐㄧˇ ㄐㄩ˙ ㄏㄨㄚˋ ㄖㄨˊ ㄎㄨㄥˇ ㄅㄨˋ ㄆㄧㄢˋ ㄌㄧˇ ㄉㄜ˙ ㄎㄨㄥˇ ㄅㄨˋ ㄧㄣ ㄩㄝˋ ㄐㄧㄚ ㄕㄣ ㄌㄜ˙ ㄩˇ ㄒㄧㄤˊ ㄉㄜ˙ ㄐㄩˊ ㄘㄨˋ ㄅㄨˋ ㄢ
009363,ㄎㄜˊ ㄧˇ ㄗㄨㄛˋ ㄉㄠˋ ㄅㄨˋ ㄕㄨㄚ ㄧㄚˊ ㄅㄨˋ ㄓㄥˊ ㄌㄧˇ ㄊㄡˊ ㄈㄚˋ ㄧㄝˇ ㄅㄨˋ ㄔㄨㄢ ㄒㄧㄝˊ ㄗ˙ ㄕㄣˋ ㄓˋ ㄅㄨˊ ㄏㄨㄤˋ ㄨㄚˋ ㄗ˙
009364,ㄅㄨˋ ㄋㄥˊ ㄐㄧㄤ ㄓㄥˋ ㄈㄨˇ ㄧㄥ ㄉㄤ ㄔㄥˊ ㄉㄢ ㄉㄜ˙ ㄅㄨˇ ㄊㄧㄝ ㄗㄨㄛˋ ㄨㄟˊ ㄘㄞˊ ㄓㄥˋ ㄅㄠ ㄈㄨˋ ㄕㄨㄞˊ ㄍㄟˇ ㄌㄠˊ ㄅㄞˇ ㄒㄧㄥˋ
009365,ㄓㄢˇ ㄒㄧㄣ ㄉㄜ˙ ㄌㄡˊ ㄈㄤˊ ㄍㄠ ㄍㄠ ㄙㄨㄥˇ ㄌㄧˋ ㄖㄤˇ ㄦˊ ㄧˊ ㄨㄤˋ ㄎㄜˇ ㄓ ㄒㄩˇ ㄉㄡ ㄈㄤˊ ㄗ˙ ㄖㄥˊ ㄗㄞˋ ㄎㄨㄥ ㄓˋ
009366,ㄐㄩˊ ㄏㄨㄤˊ ㄉㄜ˙ ㄉㄥ ㄍㄨㄤ ㄧㄥˋ ㄓㄜ˙ ㄐㄧㄝ ㄐㄧㄥˇ ㄩˇ ㄒㄧㄤˊ ㄒㄧㄣ ㄌㄧˇ ㄈㄨˊ ㄑㄧˇ ㄩˋ ㄓㄨㄥˇ ㄕㄣ ㄗㄢ ㄧˋ ㄒㄧㄤ ㄉㄜ˙ ㄌㄥˇ ㄑㄧㄥ
009367,ㄖㄨˊ ㄍㄨㄛˇ ㄓㄣ ㄕˋ ㄔㄣˊ ㄌㄜ˙ ㄐㄧㄡˋ ㄔㄞ ㄒㄧㄡ ㄌㄜ˙ ㄧㄡˋ ㄔㄣˊ ㄓㄜˋ ㄊㄧㄝˇ ㄌㄨˋ ㄋㄥˊ ㄅㄨˋ ㄋㄥˊ ㄅㄠˇ ㄓㄥˋ ㄢ ㄑㄨㄢˊ ㄧㄚ˙
009368,ㄐㄧ ㄓㄤˇ ㄏㄞˊ ㄕㄨㄛ ㄓㄨㄥ ㄍㄨㄛˊ ㄖㄣˊ ㄊㄞˋ ㄖㄨㄥˊ ㄧˋ ㄍㄠˇ ㄉㄧㄢ ㄌㄜ˙ ㄍㄠˋ ㄙ˙ ㄊㄚ ㄕˋ ㄇㄧㄢˇ ㄈㄟˋ ㄉㄜ˙ ㄐㄧˊ ㄎㄜˇ
009369,ㄐㄧㄣˇ ㄋㄧㄢˊ ㄓ ㄏㄡˋ ㄋㄚˋ ㄍㄜ˙ ㄇㄣˊ ㄎㄢˇ ㄐㄧㄥˋ ㄖㄢˊ ㄅㄟˋ ㄨㄛˇ ㄇㄣ˙ ㄉㄧˋ ㄒㄩㄥ ㄌㄧㄤˇ ㄍㄜˋ ㄊㄚˋ ㄠ ㄒㄧㄚˋ ㄑㄩˋ ㄧˊ ㄎㄨㄞˋ
009370,ㄈㄤˊ ㄐㄧㄚˋ ㄉㄜ˙ ㄍㄠ ㄅㄚˋ ㄓㄥˋ ㄗㄞˋ ㄘㄨㄥˊ ㄉㄚˋ ㄏㄨˋ ㄒㄧㄥˊ ㄎㄞ ㄕˇ ㄨㄚˊ ㄐㄧㄝˇ ㄅㄧㄥˋ ㄒㄧㄤˋ ㄓㄨㄥ ㄒㄧㄠˇ ㄏㄨˋ ㄒㄧㄥˊ ㄇㄢˋ ㄧㄢˊ
009371,ㄐㄧㄡˋ ㄒㄧㄤˋ ㄌㄢˊ ㄑㄧㄡˊ ㄔㄨㄥ ㄇㄢˇ ㄑㄧˋ ㄐㄧㄡˋ ㄆㄥ ㄆㄥ ㄧㄡˇ ㄌㄧˋ ㄖㄨˊ ㄍㄨㄛˊ ㄅㄧㄝˇ ㄌㄜ˙ ㄧㄝˇ ㄐㄧㄡˋ ㄉㄚˇ ㄅㄨˋ ㄑㄧˇ ㄌㄞˊ
009372,ㄐㄧˊ ㄐㄧㄤ ㄉㄠˋ ㄌㄞˊ ㄉㄜ˙ ㄒㄧㄣ ㄕㄥ ㄇㄧㄥˋ ㄩㄝˇ ㄖㄤˋ ㄎㄜˇ ㄦˊ ㄎㄢˋ ㄑㄧˇ ㄦˊ ㄍㄥˋ ㄐㄧㄚ ㄨˇ ㄇㄟˋ ㄍㄥˋ ㄐㄧㄚ ㄒㄧㄥˋ ㄍㄢˇ
009373,ㄓㄜˋ ㄕˋ ㄈㄨㄛˊ ㄉㄧㄥˇ ㄍㄨˊ ㄕㄜˇ ㄌㄧˋ ㄔㄨㄥˊ ㄍㄨㄤ ㄏㄡˋ ㄕㄡˇ ㄘˋ ㄗㄞˋ ㄓㄨㄥ ㄍㄨㄛˊ ㄋㄟˋ ㄉㄧˋ ㄧˇ ㄨㄞˋ ㄉㄧˋ ㄑㄩˋ ㄍㄨㄥˋ ㄈㄤˋ
009374,ㄒㄧㄠˇ ㄆㄟˊ ㄋㄧˇ ㄉㄨˋ ㄍㄨㄛˋ ㄓㄜˋ ㄇㄢˋ ㄔㄤˊ ㄉㄜ˙ ㄏㄟ ㄧㄝˋ
009375,ㄩˋ ㄇㄧˇ ㄒㄧㄤ ㄐㄧㄥ ㄅㄧˇ ㄊㄧㄢˊ ㄇㄧˋ ㄙㄨˋ ㄍㄥˋ ㄌㄧˊ ㄏㄞˇ
009376,ㄒㄧㄢˋ ㄗㄞˋ ㄓㄜˋ ㄓㄨㄥˇ ㄊㄨㄟˊ ㄕˋ ㄧㄝˇ ㄓㄥˋ ㄗㄞˋ ㄔㄢˇ ㄧㄝˋ ㄌㄧㄢˋ ㄉㄜ˙ ㄍㄜˋ ㄍㄜ˙ ㄏㄨㄢˊ ㄐㄧㄝ ㄓㄨㄥ ㄧㄡˊ ㄙㄨㄛˊ ㄊㄧˇ ㄒㄧㄢˋ
009377,ㄐㄧㄣˋ ㄏㄨㄛˋ ㄕˊ ㄍㄨㄥ ㄔㄤˇ ㄍㄣ ㄨㄛˇ ㄕㄨㄛ ㄕˋ ㄔㄨㄣˊ ㄇㄧㄢˊ ㄉㄜ˙ ㄨㄛˇ ㄇㄛˊ ㄑㄧˇ ㄌㄞˊ ㄧㄝˇ ㄅㄨˊ ㄒㄧㄤˋ
009378,ㄋㄧˇ ㄐㄧㄚˋ ㄕˋ ㄩㄢˊ ㄅㄨˊ ㄌㄜˋ ㄧˋ ㄌㄜ˙ ㄗㄨㄟˊ ㄌㄧˇ ㄎㄞ ㄕˇ ㄇㄚˋ ㄇㄚ˙ ㄌㄧㄝˊ ㄌㄧㄝ˙ ㄉㄜ˙
009379,ㄋㄢˊ ㄊㄡˊ ㄒㄧㄢˋ ㄖˋ ㄩㄝˋ ㄊㄢˊ ㄌㄢˇ ㄔㄜ ㄑㄨㄢˊ ㄅㄨˋ ㄗㄢˋ ㄊㄧㄥˊ ㄇㄨˋ ㄑㄧㄢˊ ㄓㄥˋ ㄗㄞˋ ㄕㄨ ㄙㄢˋ ㄧㄡˇ ㄎㄜˋ
009380,ㄧㄣ ㄨㄟˋ ㄍㄨㄥ ㄗㄨㄛˋ ㄩㄢˊ ㄧㄣ ㄐㄧㄥ ㄔㄤˊ ㄉㄜˊ ㄗㄨㄟˋ ㄖㄣˊ ㄊㄚ ㄧㄝˇ ㄐㄧㄥ ㄔㄤˊ ㄕㄡˋ ㄉㄠˋ ㄖㄨˇ ㄇㄚˋ ㄏㄜˊ ㄨㄟˊ ㄍㄨㄥ
009381,ㄜ ㄇㄜ˙ ㄉㄜ˙ ㄊㄧˇ ㄊㄞˋ ㄖㄤˋ ㄖㄣˊ ㄙ ㄏㄠˊ ㄎㄢˋ ㄅㄨˋ ㄔㄨ ㄊㄚ ㄐㄧˇ ㄍㄜ˙ ㄩㄝˋ ㄑㄧㄢˊ ㄍㄤ ㄍㄤ ㄕㄥ˙ ㄨㄢˊ ㄅㄠˇ ㄅㄠ˙
009382,ㄓㄜˋ ㄉㄨㄛˊ ㄙˇ ㄨㄤˊ ㄑㄧㄤˊ ㄕㄤˋ ㄉㄢˋ ㄎㄨㄥˇ ㄌㄟˊ ㄌㄟˇ ㄓㄜˋ ㄌㄧˇ ㄕˋ ㄋㄚˋ ㄘㄨㄟˋ ㄔㄨˇ ㄐㄩㄜˊ ㄈㄢˋ ㄖㄣˊ ㄉㄜ˙ ㄉㄧˋ ㄈㄤ˙
009383,ㄌㄧㄥˊ ㄉㄠˇ ㄐㄧㄡ ㄐㄧㄝˊ ㄌㄜ˙ ㄌㄧㄥˊ ㄉㄠˇ ㄒㄧˊ ㄈㄦㄖˋ ㄐㄧˊ ㄧㄢˇ ㄌㄜ˙ ㄈㄚ ㄉㄨㄢˇ ㄒㄧㄣ ㄉㄜ˙ ㄋㄩˇ ㄒㄧㄚˋ ㄕㄨˋ ㄨˊ ㄩˇ ㄌㄜ˙
009384,ㄐㄧㄡˋ ㄏㄨㄥˇ ㄓㄜ˙ ㄌㄜˋ ㄌㄜ˙ ㄌㄣˋ ㄌㄜ˙ ㄧㄝˇ ㄢ ㄐㄧㄥˋ ㄒㄧㄚˋ ㄌㄞˊ ㄌㄜ˙ ㄅㄧㄥˋ ㄇㄟˊ ㄧㄡˇ ㄔㄨ ㄒㄧㄢˋ ㄖㄣˋ ㄏㄜˊ ㄓㄥˋ ㄓㄨㄤˋ
009385,ㄓˇ ㄧㄠˋ ㄒㄧㄤˋ ㄧˇ ㄑㄧㄝˊ ㄧˊ ㄧㄤˋ ㄊㄚ ㄊㄚ˙ ㄕˊ ㄕˊ ㄉㄜ˙ ㄉㄢˋ ㄧˊ ㄉㄧㄥˋ ㄋㄥˊ ㄏㄨㄟ ㄈㄨˋ ㄍㄨㄛˋ ㄌㄞ˙
009386,ㄐㄧㄝ ㄕㄤˋ ㄎㄨㄥ ㄌㄧㄡˊ ㄒㄧㄚˋ ㄌㄜ˙ ㄕㄣˊ ㄙㄜˋ ㄘㄨㄥ ㄘㄨㄥ ㄉㄜ˙ ㄒㄧㄥˊ ㄖㄣˇ
009387,ㄅㄚˋ ㄅㄚ˙ ㄉㄨㄢ ㄒㄧㄤˊ ㄧˊ ㄏㄨㄟˋ ㄕㄨㄛ ㄨㄛˇ ㄈㄚ ㄕˋ ㄓㄜˋ ㄕˋ ㄨㄛˇ ㄐㄧㄢˋ ㄍㄨㄛˋ ㄉㄜ˙ ㄗㄨㄟˋ ㄕㄨㄞˋ ㄉㄜ˙ ㄍㄨㄤ ㄊㄡˊ
009388,ㄗㄨㄛˋ ㄕㄤˋ ㄉㄧㄢˋ ㄊㄧ ㄏㄡˋ ㄊㄚ ㄉㄡˊ ㄉㄡˇ ㄊㄨ ㄖㄢˊ ㄉㄧㄠˋ ㄒㄧㄚˋ ㄌㄞˊ ㄌㄜ˙ ㄇㄟˊ ㄧㄡˇ ㄖㄣˋ ㄏㄜˊ ㄒㄧㄢ ㄓㄠˋ
009389,ㄅㄨˊ ㄌㄧㄠˋ ㄌㄧㄡˋ ㄘˋ ㄘㄞˇ ㄍㄨㄤ ㄐㄧㄥˇ ㄗㄨㄛˋ ㄌㄜ˙ ㄙㄢ ㄘˋ ㄊㄚ ㄉㄜ˙ ㄌㄧㄢˇ ㄕㄤˋ ㄐㄧㄡˋ ㄑㄧˊ ㄇㄢˇ ㄍㄜ ㄉㄚ˙
009390,ㄒㄧˇ ㄏㄨㄢ ㄇㄟˇ ㄧˊ ㄍㄜˋ ㄞˋ ㄕㄥ ㄏㄨㄛˊ ㄉㄜ˙ ㄖㄣˊ ㄋㄜ˙
009391,ㄎㄞˊ ㄇㄨˇ ㄅㄛˊ ㄧ ㄗˋ ㄐㄧˇ ㄗㄞˋ ㄎㄣˇ ㄋㄧˊ ㄧㄚˋ ㄧㄝˇ ㄕˋ ㄧˋ ㄇㄧㄥˊ ㄐㄧㄥˇ ㄔㄚˊ
009392,ㄐㄧㄣ ㄏㄨㄚ ㄒㄧㄤ ㄧㄣˊ ㄏㄨㄚ ㄒㄧㄤ ㄍㄨㄢˊ ㄐㄧㄢˇ ㄓㄢ ㄌㄜ˙ ㄎㄜ ㄐㄧˋ ㄉㄜ˙ ㄍㄨㄤˊ
009393,ㄍㄜˊ ㄨㄟˇ ㄕㄥˋ ㄅㄚˇ ㄔㄜ ㄗ˙ ㄊㄧㄥˊ ㄗㄞˋ ㄌㄧˊ ㄘㄜˋ ㄙㄨㄛˇ ㄐㄧㄣˋ ㄉㄜ˙ ㄉㄧˋ ㄈㄤ˙
009394,ㄓㄨ ㄧㄢˋ ㄌㄞˊ ㄓㄨㄥ ㄍㄨㄛˊ ㄑㄧㄢˊ ㄖㄣˋ ㄗㄨㄥˊ ㄌㄧˇ ㄓㄨ ㄖㄨㄥˊ ㄐㄧ ㄉㄜ˙ ㄋㄩˇ ㄦˊ
009395,ㄒㄧㄠˊ ㄒㄩㄜˇ ㄨㄣˋ ㄌㄠˇ ㄅㄚˋ ㄅㄚ˙ ㄅㄚˋ ㄧㄡˇ ㄇㄟˊ ㄧㄡˊ ㄅㄧˇ ㄐㄧㄠˋ ㄎㄨㄥˇ ㄅㄨˋ ㄉㄜ˙ ㄕㄨ
009396,ㄔㄣˊ ㄕㄨㄟˊ ㄅㄧㄢˇ ㄧˇ ㄙㄢ ㄍㄨㄟˋ ㄐㄧㄡˇ ㄎㄡˋ ㄉㄜ˙ ㄈㄤ ㄕˋ ㄐㄧㄣˋ ㄖㄨㄥˋ ㄌㄧㄥˊ ㄊㄤˊ
009397,ㄦˊ ㄊㄨㄥˊ ㄑㄩㄜ ㄉㄧㄢˇ ㄏㄨㄟˋ ㄉㄠˇ ㄓˋ ㄓˋ ㄌㄧˋ ㄉㄧ ㄒㄧㄚˋ ㄕㄣ ㄘㄞˊ ㄞˊ ㄒㄧㄠˇ
009398,ㄋㄚˇ ㄍㄣ ㄋㄩˇ ㄏㄞˊ ㄗ˙ ㄖㄨˊ ㄕㄤˋ ㄏㄞˇ ㄅㄟ˙ ㄒㄩㄜˇ ㄧㄝˇ ㄙㄨㄢˋ ㄊㄚ ㄨㄢˊ ㄌㄜ˙
009399,ㄏㄠˇ ㄨㄢˊ ㄑㄩ ㄎㄢˋ ㄙㄨ ㄓㄡ ㄩㄢˊ ㄌㄧㄣˊ ㄧㄚ˙ ㄍㄢˇ ㄕㄡˋ ㄒㄧㄠˇ ㄑㄧㄠˊ ㄌㄧㄡˊ ㄕㄨㄟˇ
009400,ㄋㄩˇ ㄏㄞˊ ㄗ˙ ㄉㄜ˙ ㄋㄧㄢˊ ㄌㄧㄥˊ ㄗㄣˇ ㄇㄜ˙ ㄋㄥˊ ㄑㄧㄥ ㄧˋ ㄍㄠˋ ㄙㄨˋ ㄋㄧˇ ㄋㄜ˙
009401,ㄧ ㄕㄥ ㄉㄨㄟˋ ㄒㄧㄠˇ ㄑㄧㄣˊ ㄑㄧㄤˇ ㄐㄧㄡˋ ㄕˊ ㄈㄚ ㄒㄧㄢˋ ㄒㄧㄠˇ ㄑㄧㄣˊ ㄧˇ ㄐㄧㄥ ㄙˇ ㄨㄤˊ
009402,ㄗㄨㄛˊ ㄖˋ ㄐㄧㄤ ㄒㄧㄚˋ ㄉㄜ˙ ㄙㄨㄣ ㄒㄧㄢˋ ㄕㄥˋ ㄐㄧㄡˋ ㄕㄨㄢˋ ㄌㄜ˙ ㄏㄨㄟˊ ㄆㄧㄢˋ ㄗ˙
009403,ㄨㄛˇ ㄒㄩㄋˋ ㄙㄨˋ ㄒㄧㄚˋ ㄌㄞˊ ㄌㄜ˙ ㄐㄧㄝˊ ㄍㄨㄛˇ ㄅㄟˋ ㄇㄚ ㄇㄚ˙ ㄉㄚˇ ㄌㄜ˙ ㄧˋ ㄉㄨㄣˋ
009404,ㄦˋ ㄏㄠˋ ㄑㄧㄣˇ ㄕˋ ㄌㄧˇ ㄙㄢ ㄍㄜˋ ㄖㄣˊ ㄉㄡ ㄊㄤˇ ㄗㄞˋ ㄔㄨㄤˊ ㄕㄤˋ ㄨㄣ ㄕㄨ
009405,ㄐㄧˇ ㄊㄧㄢ ㄏㄡˋ ㄊㄚ ㄐㄧㄡˋ ㄧㄥˊ ㄌㄞˊ ㄌㄜ˙ ㄍㄥˋ ㄐㄧㄚ ㄏㄨㄟ ㄏㄨㄤˊ ㄉㄜ˙ ㄕㄥˋ ㄌㄧˋ
009406,ㄘㄨㄥˊ ㄘˇ ㄍㄜ ㄉㄨㄥˇ ㄉㄜ˙ ㄌㄜ˙ ㄧˊ ㄍㄜ˙ ㄉㄠˋ ㄌㄧˇ ㄗㄨㄛˋ ㄖㄣˊ ㄧㄠˋ ㄔㄥˊ ㄕˊ
009407,ㄒㄧㄤ ㄍㄤˇ ㄏㄨㄟˊ ㄍㄨㄟ ㄧˋ ㄓㄡ ㄋㄧㄢˊ ㄉㄜ˙ ㄐㄧˋ ㄋㄧㄢˋ ㄖˋ ㄐㄧˊ ㄐㄧㄤ ㄌㄞˊ ㄌㄧㄣˊ
009408,ㄊㄥˊ ㄊㄨㄥˋ ㄋㄢˊ ㄖㄣˇ ㄉㄜ˙ ㄨㄤˊ ㄉㄢ ㄉㄢ ㄙㄨㄟˊ ㄐㄧˊ ㄧㄝˇ ㄊㄤˊ ㄉㄠˇ ㄗㄞˋ ㄉㄧˋ
009409,ㄇㄧㄥˊ ㄗㄨㄟˇ ㄩˇ ㄧㄤ ㄕˋ ㄉㄜ˙ ㄑㄧˊ ㄌㄨˋ ㄔˊ ㄗㄠˇ ㄏㄨㄟˋ ㄅㄠˋ ㄌㄨˋ ㄔㄨ ㄌㄞ˙
009410,ㄋㄧˊ ㄕㄡˇ ㄒㄧㄝ ㄧㄠˋ ㄓㄠˊ ㄐㄧˇ ㄍㄜ˙ ㄐㄧㄥ ㄅㄨˋ ㄑㄧˇ ㄋㄧㄝ ㄉㄜ˙ ㄖㄨㄢˇ ㄕˋ ㄗ˙
009411,ㄙㄢ ㄖㄣˊ ㄒㄧㄚˋ ㄅㄢ ㄏㄡˋ ㄉㄡ ㄩˇ ㄇㄞˋ ㄎㄜˇ ㄅㄨˋ ㄌㄞˋ ㄉㄜˊ ㄊㄨㄣ ㄉㄨㄢˇ ㄒㄧㄣˋ
009412,ㄉㄧㄢˋ ㄩㄢˊ ㄘㄨㄥˊ ㄌㄞˊ ㄇㄟˊ ㄓㄨㄥˋ ㄍㄨˋ ㄉㄨˊ ㄆㄧㄣˇ ㄒㄧㄠ ㄉㄜ˙ ㄕㄣˊ ㄇㄜ˙ ㄉㄨˊ
009413,ㄕㄤ ㄖㄣˊ ㄏㄣˇ ㄕˊ ㄗㄞˋ ㄉㄤ ㄖㄢˊ ㄓ ㄉㄠˋ ㄨㄣˊ ㄏㄨㄚˋ ㄎㄜˊ ㄧˇ ㄕㄥ ㄘㄞˊ
009414,ㄌㄧˋ ㄕˇ ㄎㄠˋ ㄗㄨㄣ ㄏㄨㄚˋ ㄖㄣˊ ㄉㄜ˙ ㄧㄝˋ ㄒㄩㄜˋ ㄏㄜˊ ㄏㄢˋ ㄕㄨㄟˊ ㄒㄧㄝˇ ㄐㄧㄡˋ
009415,ㄓㄜˋ ㄕˋ ㄧˋ ㄊㄧㄢ ㄋㄟˋ ㄉㄧˋ ㄦˋ ㄒㄧˇ ㄦˊ ㄊㄨㄥˊ ㄅㄞˇ ㄋㄨㄥˋ ㄑㄧㄤ ㄓ ㄓˋ ㄖㄣˊ ㄙㄤˋ ㄕㄥ ㄕˋ ㄐㄧㄢˋ
009416,ㄦˊ ㄌㄧㄡˊ ㄇㄡˇ ㄓㄥˋ ㄘㄨㄥˊ ㄉㄨㄥ ㄒㄧㄤˋ ㄒㄧ ㄉㄠˋ ㄔㄜ ㄓˊ ㄐㄧㄝ ㄐㄧㄤ ㄌㄠˇ ㄊㄞˋ ㄍㄨㄚˊ ㄉㄠˇ ㄗㄞˋ ㄉㄧˋ
009417,ㄩˊ ㄇㄠˇ ㄕㄤˋ ㄑㄧㄢˊ ㄏㄨˋ ㄈㄨ ㄅㄟˋ ㄋㄢˊ ㄇㄡˇ ㄌㄢˊ ㄓㄨˋ ㄑㄩˋ ㄌㄨˋ ㄌㄧㄤˇ ㄖㄣˊ ㄋㄧㄡˊ ㄉㄚˇ ㄑㄧˇ ㄌㄞˊ
009418,ㄍㄨㄛ ㄏㄥˊ ㄉㄧㄥˋ ㄐㄧㄢˋ ㄕㄠˋ ㄑㄧˊ ㄓㄨㄥ ㄉㄜ˙ ㄧ ㄙㄢ ㄨˇ ㄓㄨˇ ㄧㄠˋ ㄐㄧㄡˋ ㄕˋ ㄓˇ ㄍㄨㄥ ㄗㄨ ㄈㄤˊ
009419,ㄍㄨㄞˋ ㄅㄨˋ ㄉㄜˊ ㄍㄨˇ ㄖㄣˊ ㄔㄤˊ ㄕㄨㄛ ㄐㄧㄣˋ ㄓㄨ ㄓㄜˇ ㄔˋ ㄨㄛˇ ㄒㄧㄢˋ ㄗㄞˋ ㄑㄩㄜˋ ㄕˇ ㄩㄝˋ ㄌㄞˊ ㄩㄝˋ ㄒㄧㄤˋ ㄓㄨˇ ㄖㄣˊ ㄌㄜ˙
009420,ㄐㄧㄥ ㄓㄣˇ ㄉㄨㄢˋ ㄏㄠˋ ㄏㄠˋ ㄅㄟˋ ㄑㄩㄜˋ ㄓㄣˇ ㄨㄟˊ ㄒㄧㄠˋ ㄔㄨㄢˇ ㄅㄧㄥˋ ㄗㄞˋ ㄓ ㄏㄡˋ ㄕㄨˋ ㄓㄡ ㄋㄟˋ ㄉㄨㄛ ㄘˋ ㄐㄧㄣˋ ㄒㄧㄥˊ ㄓㄣˇ ㄓˋ
009421,ㄏㄞˊ ㄧㄡˇ ㄊㄞˋ ㄗㄞˋ ㄙ ㄒㄧㄚˋ ㄑㄧˊ ㄕˊ ㄅㄧˇ ㄐㄧㄠˋ ㄌㄚ ㄊㄚ˙ ㄒㄧㄤˋ ㄒㄧ ㄌㄧˇ ㄍㄜˋ ㄧˊ ㄧㄤˋ
009422,ㄉㄤ ㄕˊ ㄧˇ ㄕˋ ㄕˋ ㄖㄣˊ ㄉㄚˋ ㄉㄞˋ ㄅㄧㄠˇ ㄉㄜ˙ ㄒㄧㄠ ㄧㄡˋ ㄇㄟˇ ㄊㄧㄝ ㄔㄨ ㄐㄧㄥˋ ㄒㄩㄜˊ ㄏㄞˇ ㄅㄠˋ ㄧˇ ㄕㄥˋ ㄑㄩˋ ㄐㄩㄋ ㄇㄧㄥˊ ㄕㄣ ㄈㄣˋ ㄘㄢ ㄒㄨㄢˇ
009423,ㄢˋ ㄐㄧㄢˋ ㄆㄢˋ ㄐㄩㄜˊ ㄏㄡˋ ㄕㄜˋ ㄏㄨㄟˋ ㄒㄧㄠˋ ㄍㄨㄛˊ ㄏㄠˇ
009424,ㄊㄚ ㄓㄜˋ ㄘㄞˊ ㄌㄨㄣˊ ㄑㄧˇ ㄉㄠ ㄗㄜˋ ㄓㄜˋ ㄕㄨˇ ㄩˊ ㄐㄧ ㄑㄧㄥˊ ㄈㄢˋ ㄗㄨㄟˋ ㄅㄧㄥˋ ㄇㄟˊ ㄧㄡˊ ㄓㄨˇ ㄍㄨㄢ ㄜˋ ㄧˋ
009425,ㄘˊ ㄊㄧㄝˇ ㄌㄧˋ ㄐㄧˊ ㄗㄞˋ ㄨㄤˇ ㄕㄤˋ ㄧㄣˊ ㄑㄧˇ ㄖㄜˋ ㄔㄠˇ
009426,ㄋㄧˇ ㄉㄜ˙ ㄊㄡˊ ㄉㄧㄥˇ ㄉㄡ ㄊㄨ ㄔㄥˊ ㄕㄣˊ ㄇㄜ˙ ㄧㄤˋ ㄗ˙ ㄌㄜ˙ ㄍㄣ ㄨㄛˇ ㄕㄤ ㄌㄧㄤˋ ㄍㄨㄛˋ ㄇㄚ˙
009427,ㄙㄨㄟˊ ㄏㄡˋ ㄍㄡˊ ㄓㄨˇ ㄖㄣˊ ㄌㄧㄢˊ ㄒㄩㄜˋ ㄔㄨˋ ㄓㄠ ㄕㄨㄞˊ ㄦˇ ㄍㄨㄤ ㄩㄥˋ ㄐㄧㄠˇ ㄔㄨㄞˋ ㄓㄨㄞˋ ㄊㄡˊ ㄈㄚˋ ㄏㄡˊ ㄉㄚˊ ㄋㄩˇ ㄉㄧㄢˋ ㄓㄤˇ ㄒㄧㄝˋ ㄈㄣˋ
009428,ㄧˋ ㄕㄣˊ ㄈㄚˇ ㄩㄢˋ ㄒㄧㄢˇ ㄖㄢˊ ㄏㄨㄣˋ ㄒㄧㄠˊ ㄌㄜ˙ ㄓㄜˋ ㄙㄢ ㄍㄜˋ ㄍㄨㄢ ㄒㄧ˙
009429,ㄍㄞ ㄢˋ ㄇㄨˋ ㄑㄧㄢˊ ㄧˇ ㄐㄧㄣˋ ㄖㄨˋ ㄧˊ ㄐㄧㄠ ㄈㄚˇ ㄩㄢˋ ㄑㄧˇ ㄙㄨˋ ㄐㄧㄝ ㄉㄨㄢˋ
009430,ㄊㄚ ㄔㄨㄢˋ ㄌㄜ˙ ㄧˊ ㄐㄧㄢˋ ㄙㄨㄥ ㄎㄨㄚˊ ㄎㄨㄚˇ ㄉㄜ˙ ㄏㄨㄥˊ ㄙㄜˋ ㄔㄣˋ ㄕㄢ
009431,ㄖㄢˊ ㄏㄡˋ ㄐㄧㄡˋ ㄔㄨ ㄇㄣˊ ㄌㄜ˙ ㄧㄡˊ ㄒㄧㄚˋ ㄘㄨㄛˋ ㄜˋ ㄉㄜ˙ ㄌㄠˇ ㄆㄛ˙
009432,ㄙㄨ ㄐㄧㄥˋ ㄇㄟˊ ㄧㄡˊ ㄉㄧㄢˇ ㄉㄧ ㄉㄜ˙ ㄒㄧㄥ ㄈㄣˋ ㄉㄠˋ ㄕˋ ㄙㄨ ㄇㄨˇ ㄨㄟˊ ㄎㄨㄥˇ ㄊㄧㄢ ㄒㄧㄚˋ ㄅㄨˋ ㄓ ㄙˋ ㄔㄨˋ ㄉㄚˇ ㄉㄧㄢˋ ㄏㄨㄚˋ ㄊㄨㄥ ㄓ
009433,ㄍㄨㄥ ㄔㄥˊ ㄒㄧㄢˋ ㄔㄤˇ ㄧㄡˇ ㄍㄨㄥ ㄖㄣˊ ㄗㄞˋ ㄌㄧㄢˋ ㄖˋ ㄒㄧㄚˋ ㄉㄚˇ ㄏㄤ
009434,ㄋㄩˊ ㄨㄛˇ ㄎㄨㄢˋ ㄉㄠˋ ㄧˊ ㄧㄤˋ ㄅㄠˊ ㄇㄚˇ ㄘㄞˊ ㄅㄨˊ ㄉㄠˋ ㄌㄧㄤˊ ㄅㄞˇ ㄨㄢˋ
009435,ㄅㄚ ㄌㄧㄥˊ ㄏㄡˋ ㄉㄜ˙ ㄩㄝˋ ㄍㄨㄤ ㄗㄨˊ ㄧㄥ ㄍㄞ ㄖㄨˊ ㄏㄜˊ ㄌㄧˇ ㄘㄞˇ ㄋㄜ˙
009436,ㄊㄚ ㄕㄨㄛ ㄐㄧㄥ ㄐㄩˋ ㄐㄧㄤˇ ㄐㄧㄡˊ ㄉㄜ˙ ㄕˋ ㄑㄧㄣˊ ㄕ ㄙ ㄍㄨˇ
009437,ㄔ ㄎㄨˇ ㄋㄞˋ ㄌㄠˊ ㄌㄧㄢˊ ㄒㄩˋ ㄗㄨㄛˋ ㄓㄢˋ ㄉㄜ˙ ㄗㄨㄛˋ ㄈㄥ ㄗㄚˇ ㄧㄤˋ
009438,ㄎㄢˋ ㄉㄠˋ ㄓㄜˋ ㄍㄜ˙ ㄏㄥˊ ㄈㄨˊ ㄒㄩˇ ㄉㄨㄛ ㄖㄣˊ ㄖㄜˋ ㄌㄟˋ ㄧㄣˊ ㄎㄨㄤˋ
009439,ㄌㄧㄥˋ ㄨㄞˋ ㄖㄣˊ ㄍㄨㄥ ㄉㄨˊ ㄉㄧㄢˇ ㄐㄧㄤ ㄐㄧㄚ ㄆㄞˋ ㄐㄧㄣˇ ㄌㄩˋ ㄕㄨ ㄊㄨㄥ
009440,ㄨㄛˇ ㄧˊ ㄅㄠˋ ㄍㄠˋ ㄋㄧˇ ㄊㄠˊ ㄧㄝˋ ㄐㄧㄡˋ ㄉㄜˊ ㄔㄨˇ ㄈㄣˋ ㄇㄟˊ ㄍㄠˋ ㄋㄧˇ ㄊㄧㄥˊ ㄏㄠˇ ㄌㄜ˙ ㄎㄢˋ ㄧˋ ㄈㄥ ㄒㄧㄣˋ ㄧㄡˇ ㄕㄣˊ ㄇㄜ˙ ㄌㄧㄠˇ ㄅㄨˋ ㄑㄧˇ ㄌㄜ˙
009441,ㄌㄧㄤˇ ㄍㄨㄛˊ ㄩㄢˊ ㄕㄡˇ ㄍㄠ ㄓㄢ ㄩㄢˊ ㄓㄨˇ ㄎㄞ ㄔㄨㄤˋ ㄌㄜ˙ ㄓㄨㄥ ㄇㄟˇ ㄍㄨㄢ ㄒㄧˇ ㄉㄜ˙ ㄒㄧㄣ ㄐㄩˊ ㄇㄧㄢˋ
009442,ㄑㄨㄢˊ ㄑㄧㄡˊ ㄉㄧˋ ㄧ ㄗㄨㄛˋ ㄆㄧㄥ ㄆㄤ ㄑㄧㄡ˙ ㄆㄞ ㄗㄠˋ ㄒㄧㄥˊ ㄉㄜ˙ ㄊㄧˇ ㄩ ㄅㄧㄣ ㄍㄨㄞˇ ㄒㄧㄠˋ ㄍㄨㄛˇ ㄊㄨˊ
009443,ㄌㄠˇ ㄕ ㄗㄞˋ ㄒㄧㄤˇ ㄧˊ ㄒㄧㄤˇ ㄐㄧㄥ ㄔㄤˊ ㄋㄚˊ ㄧˊ ㄅㄚˊ ㄐㄧㄢˇ ㄉㄠ ㄗㄞˋ ㄏㄨㄚ ㄘㄨㄥ ㄅㄧㄢ ㄌㄧㄡ ㄉㄚˇ ㄉㄜ˙ ㄕˋ ㄕㄣˊ ㄇㄜ˙ ㄖㄣˊ
009444,ㄊㄚ ㄅㄨˋ ㄉㄢˋ ㄉㄚˋ ㄕㄥ ㄔㄠˊ ㄖㄤˇ ㄏㄞˊ ㄉㄚˇ ㄏㄨㄞˋ ㄌㄜ˙ ㄉㄧㄢˋ ㄋㄟˋ ㄏㄣˇ ㄉㄨㄛ ㄨ ㄆㄧㄣˇ
009445,ㄧㄡˋ ㄇㄟˊ ㄊㄧˇ ㄓˊ ㄧㄢˊ ㄓㄜˋ ㄧㄤˋ ㄌㄨˋ ㄍㄨˇ ㄉㄜ˙ ㄐㄧㄠˋ ㄩˋ ㄅㄨˋ ㄐㄧˇ ㄨˊ ㄩㄥˋ ㄦˊ ㄑㄧㄝˊ ㄧㄡˇ ㄏㄞˋ
009446,ㄨㄛˇ ㄧˊ ㄑㄧㄝˋ ㄉㄡ ㄏㄠˇ ㄋㄧㄣˊ ㄉㄚˋ ㄎㄜˇ ㄅㄨˊ ㄅㄧˋ ㄘㄠ ㄒㄧㄣ
009447,ㄙㄢ ㄌㄧㄣˊ ㄍㄨㄛˊ ㄢ ㄍㄢˇ ㄉㄠˋ ㄏㄡˋ ㄐㄧㄤ ㄋㄧㄠˊ ㄨㄤˇ ㄔㄞ ㄔㄨˊ
009448,ㄉㄡ ㄎㄨㄞˋ ㄔㄥˊ ㄋㄧㄢˊ ㄌㄜ˙ ㄏㄞˊ ㄅㄨˋ ㄓˋ ㄉㄠˋ ㄏㄨㄢˊ ㄕㄡˇ ㄚ˙
009449,ㄅㄧˋ ㄖㄨˊ ㄑㄧㄢˊ ㄕㄤˋ ㄋㄞˇ ㄋㄞ˙ ㄓㄡ ㄒㄩㄋˋ ㄏㄜˊ ㄓㄤ ㄩˊ ㄑㄧˇ
009450,ㄋㄚˋ ㄧㄤˋ ㄉㄜ˙ ㄖˋ ㄗ˙ ㄐㄧㄢˇ ㄓˊ ㄅㄨˋ ㄍㄢˊ ㄒㄧㄤˇ ㄒㄧㄤˋ ㄋㄚ˙
009451,ㄐㄧㄣ ㄨㄢˊ ㄉㄥˇ ㄓㄣˋ ㄋㄧˇ ㄒㄧˊ ㄈㄨˋ ㄏㄜˊ ㄋㄧˇ ㄆㄧㄣ ㄇㄧㄥˋ ㄅㄚ˙
009452,ㄨㄛˇ ㄉㄤ ㄕˊ ㄌㄥˋ ㄗㄞˋ ㄋㄚˋ ㄅㄢˋ ㄊㄧㄢ ㄅㄨˋ ㄓ ㄗㄚˇ ㄅㄢˋ
009453,ㄧˋ ㄒㄧㄝ ㄍㄨㄢ ㄩㄢˊ ㄊㄧㄥ ㄨㄢˊ ㄏㄡˋ ㄐㄩㄜˊ ㄉㄜ˙ ㄏㄨㄛˋ ㄧˋ ㄈㄟˊ ㄑㄧㄢˇ
009454,ㄗㄞˋ ㄕㄨㄛ ㄗㄢˊ ㄓㄜ˙ ㄌㄧˇ ㄧˊ ㄧㄤˋ ㄇㄟˊ ㄧㄡˊ ㄕㄨㄟˇ ㄉㄚˊ ㄙㄠˊ ㄑㄧˇ ㄌㄞˊ ㄍㄥˋ ㄏㄨㄚ ㄍㄨㄥ ㄈㄨ˙
009455,ㄨㄥ ㄏㄨˊ ㄔㄥˊ ㄍㄨㄢˇ ㄉㄨㄟˋ ㄩㄢˊ ㄗㄞˋ ㄙㄠˊ ㄒㄩㄜˇ
009456,ㄆㄤˊ ㄅㄧㄢ ㄧˊ ㄨㄟˋ ㄓㄨㄥ ㄋㄧㄢˊ ㄋㄢˊ ㄗˇ ㄐㄧㄢˋ ㄓㄨㄤˋ ㄌㄨㄣ ㄑㄧˇ ㄉㄤˋ ㄎㄡˇ ㄈㄨˋ ㄐㄧㄣˋ ㄉㄜ˙ ㄉㄥˋ ㄗ˙ ㄐㄧㄤ ㄈㄢˋ ㄇㄡˇ ㄉㄚˊ ㄆㄠˇ
009457,ㄎㄤˋ ㄧˋ ㄕˋ ㄨㄟˋ ㄓㄜˇ ㄕㄥ ㄔㄥ ㄐㄧㄤ ㄐㄧㄝˇ ㄈㄤˋ ㄕㄡˇ ㄉㄨ ㄉㄧ ㄌㄧ ㄅㄛ ㄌㄧˇ
009458,ㄧㄡˇ ㄇㄟ˙ ㄧㄡˋ ㄈㄚ ㄒㄧㄢˋ ㄨㄛˊ ㄒㄧˇ ㄏㄨㄢ ㄅㄟˋ ㄧㄥˇ ㄓㄠˋ ㄅㄨˊ ㄍㄨㄥˋ ㄨㄛˇ ㄒㄧㄤ ㄒㄧㄣˋ ㄋㄧˇ ㄒㄧㄣ ㄌㄧˊ ㄧˇ ㄐㄧㄥ ㄧㄡˊ ㄨㄛˇ ㄉㄜ˙ ㄌㄨㄣˊ ㄎㄨㄛˋ ㄌㄜ˙
009459,ㄧㄤˊ ㄍㄨㄛˊ ㄕㄥˋ ㄅㄟˋ ㄕㄠ ㄉㄜ˙ ㄒㄧㄤˋ ㄍㄜ˙ ㄏㄟ ㄖㄣˊ ㄧ ㄈㄨ˙ ㄍㄣ ㄆㄧˊ ㄈㄨ ㄓㄢ ㄗㄞˋ ㄧˋ ㄑㄧˇ
009460,ㄋㄚˋ ㄕˊ ㄏㄡˋ ㄨㄛˇ ㄇㄣ˙ ㄌㄧㄚˇ ㄓㄣ ㄕˋ ㄆㄧㄣˊ ㄐㄧㄢˋ ㄅㄨˋ ㄋㄥˊ ㄧˊ ㄧㄚ˙
009461,ㄕˋ ㄇㄚ ㄌㄧˇ ㄓˋ ㄑㄧㄥ ㄕㄨㄛ ㄓㄜ˙ ㄆㄧˋ ㄍㄨㄛˇ ㄧㄡˋ ㄋㄚˇ ㄧˊ ㄘㄨㄣˋ
009462,ㄒㄨㄢ ㄕˋ ㄐㄧㄝˊ ㄕㄨˋ ㄍㄨㄛˊ ㄑㄧˊ ㄏㄨㄢˊ ㄏㄨㄢˇ ㄊㄨㄟˋ ㄔㄨ ㄏㄨㄟˋ ㄔㄤˇ
009463,ㄐㄧㄡˋ ㄙㄨㄢˋ ㄨˊ ㄩˇ ㄨㄛˊ ㄧㄝˇ ㄏㄨㄟˋ ㄧˋ ㄓˊ ㄊㄟˊ ㄓㄜˋ ㄓㄨˋ ㄖㄣˊ ㄉㄜ˙ ㄛ˙
009464,ㄖㄣˊ ㄌㄟˋ ㄖㄨˊ ㄏㄜˊ ㄘㄞ˙ ㄋㄥˊ ㄅㄞˇ ㄊㄨㄛ ㄏㄨㄟˇ ㄇㄧㄢˋ ㄉㄜ˙ ㄇㄧㄥˋ ㄩㄣˋ
009465,ㄕㄨㄟˊ ㄋㄥˊ ㄔㄨ ㄖㄣˋ ㄜˊ ㄌㄨㄛˊ ㄙ ㄉㄨㄟˋ ㄒㄧㄣ ㄉㄜ˙ ㄓㄨˇ ㄐㄧㄠˋ ㄌㄧㄢˋ
009466,ㄑㄧˊ ㄊㄚ ㄉㄜ˙ ㄌㄞˊ ㄗˋ ㄩˇ ㄐㄧㄥ ㄕㄣˊ ㄅㄧㄥˋ ㄓㄣˊ ㄙㄨㄛˇ ㄏㄨㄛˋ ㄧ ㄩㄢˋ
009467,ㄊㄨㄥˊ ㄕˊ ㄐㄧㄝ ㄉㄠˋ ㄐㄧㄥ ㄉㄨㄛ ㄈㄤ ㄗㄡˊ ㄈㄤˇ ㄑㄧㄡˊ ㄓㄥˋ ㄗㄨㄟˇ ㄓㄨㄥ ㄑㄩㄜˋ ㄖㄣˋ ㄌㄜ˙ ㄐㄧㄡˋ ㄖㄣˊ ㄓㄜˇ ㄐㄧㄡˋ ㄕˋ ㄈㄥˊ ㄕˋ ㄍㄣˋ
009468,ㄓˊ ㄧㄠˋ ㄇㄟˊ ㄧㄡˇ ㄊㄞˋ ㄉㄨㄛ ㄉㄜ˙ ㄗㄚˊ ㄋㄧㄢˋ ㄐㄧㄡˋ ㄋㄥˊ ㄊㄧˇ ㄏㄨㄟˋ ㄉㄠˋ ㄓㄣ ㄓㄥˋ ㄉㄜ˙ ㄎㄨㄞˋ ㄌㄜ˙ ㄌㄚ˙
009469,ㄐㄧㄣ ㄋㄧㄢˊ ㄐㄧㄡˋ ㄧㄡˇ ㄌㄩˊ ㄧㄡˇ ㄐㄧㄢˋ ㄧˋ ㄐㄧㄣˇ ㄎㄨㄞˋ ㄌㄧˋ ㄈㄚˇ ㄐㄧㄤ ㄌㄩˇ ㄧㄡˊ ㄖˋ ㄐㄧㄚˋ ㄑㄧ ㄔㄤˊ ㄊㄞˋ ㄏㄨㄚˋ
009470,ㄓㄥ ㄓˊ ㄓㄨㄥ ㄓㄠˋ ㄇㄡˇ ㄙㄨㄟˋ ㄩㄥˋ ㄕㄨㄤ ㄕㄡˇ ㄑㄧㄚ ㄓㄨˋ ㄍㄨㄢ ㄇㄡˇ ㄉㄜ˙ ㄅㄛˊ ㄗ˙ ㄓˋ ㄑㄧˊ ㄙˇ ㄨㄤˊ
009471,ㄉㄠˇ ㄕㄤˋ ㄧㄡˇ ㄏㄢˊ ㄈㄤ ㄐㄧㄢˋ ㄗㄠˋ ㄉㄜ˙ ㄉㄥ ㄊㄚˇ ㄏㄞˊ ㄢˋ ㄕㄠˋ ㄙㄨㄛˇ ㄏㄜˊ ㄇㄚˇ ㄊㄡˊ ㄉㄥˇ ㄕㄨㄢˋ ㄕ
009472,ㄊㄨ ㄓㄨㄥ ㄧㄡˇ ㄧˊ ㄔㄨˋ ㄇㄧㄥˊ ㄒㄧㄢˇ ㄘㄨㄛˋ ㄨˋ ㄐㄧˊ ㄇㄟˊ ㄧㄡˊ ㄅㄚˇ ㄊㄞˊ ㄨㄢ ㄏㄨㄚˋ ㄨㄟˊ ㄓㄨㄥ ㄍㄨㄛˊ ㄉㄜ˙ ㄌㄧㄥˊ ㄊㄨˇ
009473,ㄒㄧㄝˋ ㄒㄧㄢ ㄕㄥ˙ ㄊㄨㄥ ㄓ ㄌㄜ˙ ㄏㄨㄚˊ ㄒㄩㄜˊ ㄔㄤˇ ㄍㄨㄥ ㄗㄨㄛˋ ㄖㄣˊ ㄩㄢˊ ㄅㄧㄥˋ ㄙㄨㄥˋ ㄦˊ ㄗ˙ ㄑㄩˋ ㄌㄜ˙ ㄧ ㄩㄢˋ
009474,ㄍㄞˇ ㄎㄨㄛˋ ㄐㄧㄢˋ ㄍㄨㄛˊ ㄅㄛˊ ㄅㄨˊ ㄏㄨㄟˋ ㄕˋ ㄨㄟˋ ㄌㄜ˙ ㄓㄢˇ ㄑㄩˋ ㄓㄜˋ ㄒㄧㄝ ㄕㄜ ㄔ˙ ㄆㄧㄣˇ ㄨㄣˊ ㄏㄨㄚˋ ㄅㄚˇ
009475,ㄅㄣˋ ㄌㄞˊ ㄑㄩˋ ㄊㄧㄠˊ ㄐㄧㄝˇ ㄐㄧㄡ ㄈㄣ ㄉㄜ˙ ㄆㄥˋ ㄑㄧㄠˊ ㄅㄚˇ ㄓㄜˋ ㄇㄧㄥˊ ㄊㄠˊ ㄈㄢˋ ㄐㄧㄡ ㄔㄨ ㄌㄞˊ ㄌㄜ˙
009476,ㄉㄢˋ ㄗㄞˋ ㄙˋ ㄋㄩㄝˋ ㄉㄜ˙ ㄕㄚ ㄔㄣˊ ㄕㄚ ㄅㄠˋ ㄇㄧㄢˋ ㄑㄧㄢˊ ㄐㄧˋ ㄏㄨㄚˋ ㄅㄧㄢˋ ㄔㄥˊ ㄊㄢˊ ㄏㄨㄚ ㄧˊ ㄇㄥˋ
009477,ㄓㄜˋ ㄍㄨˇ ㄒㄨㄢˋ ㄈㄥ ㄒㄧㄤˋ ㄊㄚ ㄉㄜ˙ ㄉㄨㄟˋ ㄇㄧㄢˋ ㄎㄨㄞˋ ㄙㄨˋ ㄧˊ ㄉㄨㄥˋ ㄘㄞˇ ㄉㄥ ㄅㄢˇ ㄧㄝˇ ㄍㄣ ㄓㄜ˙ ㄆㄠˇ
009478,ㄇㄧㄢˋ ㄉㄨㄟˋ ㄊㄨㄥˊ ㄧㄤˋ ㄐㄩㄜˊ ㄐㄧㄤˋ ㄉㄜ˙ ㄈㄨˋ ㄑㄧㄣ˙ ㄨㄟ ㄗˇ ㄨ ㄎㄜˇ ㄋㄞˋ ㄏㄜˊ ㄓˇ ㄉㄜˊ ㄅㄞˇ ㄧ ㄅㄞˇ ㄕㄨㄣˋ
009479,ㄨㄛˇ ㄍㄢˊ ㄐㄧㄣˇ ㄈㄢ ㄑㄧㄢˊ ㄅㄠ ㄨㄢˊ ㄌㄜ˙ ㄐㄧㄡˋ ㄕㄥˋ ㄨˇ ㄇㄠˊ ㄌㄜ˙ ㄅㄠˋ ㄐㄧㄥˇ ㄅㄚ˙ ㄕㄡˇ ㄐㄧ ㄋㄜ˙
009480,ㄉㄤˋ ㄊㄧㄢ ㄇㄟˇ ㄩㄢˊ ㄉㄨㄟˋ ㄖˋ ㄩㄢˊ ㄧㄝˇ ㄕㄤˋ ㄓㄤˇ ㄧ ㄉㄧㄢˇ ㄌㄧㄥˊ ㄙㄢ ㄅㄠˋ ㄑㄧ ㄕˊ ㄅㄚ ㄉㄧㄢˇ ㄌㄧㄡˋ ㄑㄧ
009481,ㄙㄨㄣ ㄒㄧㄥ ㄎㄣˊ ㄑㄧㄥˇ ㄍㄨㄥ ㄓㄨㄥˋ ㄅㄚˇ ㄒㄧㄣˋ ㄖㄣˋ ㄔㄨㄥˊ ㄒㄧㄣ ㄐㄧㄠ ㄏㄨㄟˋ ㄉㄠˋ ㄗˋ ㄐㄧˇ ㄉㄜ˙ ㄕㄡˇ ㄕㄤˋ
009482,ㄅㄧㄝˊ ㄖㄣˊ ㄧㄡˇ ㄅㄟˋ ㄐㄧㄥˇ ㄨㄛˇ ㄇㄣ˙ ㄓˊ ㄧㄡˇ ㄅㄟˋ ㄧㄥˇ ㄅㄧㄝˊ ㄖㄣˊ ㄗㄞˋ ㄌㄩˇ ㄧㄡˊ ㄨㄛˇ ㄇㄣ˙ ㄗㄞˋ ㄇㄥˋ ㄧㄡˊ
009483,ㄐㄧㄝˋ ㄓㄨˋ ㄓㄜˋ ㄓㄨㄥˇ ㄗㄥ ㄓㄤˇ ㄉㄨㄥˋ ㄋㄥˊ ㄨㄛˇ ㄇㄣ˙ ㄐㄧㄤ ㄋㄥˊ ㄅㄠˇ ㄔˊ ㄕˋ ㄔㄤˊ ㄌㄧㄥˇ ㄒㄧㄢ ㄉㄧˋ ㄨㄟˋ
009484,ㄎㄜˋ ㄔㄡˊ ㄌㄞˊ ㄉㄜ˙ ㄋㄚˋ ㄉㄧㄢˇ ㄑㄧㄢˊ ㄇㄟˇ ㄇㄟ˙ ㄗㄨㄛˋ ㄐㄧˇ ㄘˋ ㄊㄡˋ ㄒㄧ ㄐㄧㄡˋ ㄉㄡ ㄏㄨㄚˋ ㄍㄨㄤ ㄌㄜ˙
009485,ㄏㄢˋ ㄗ˙ ㄕㄣ ㄏㄡˋ ㄉㄜ˙ ㄊㄨˇ ㄑㄧㄤˊ ㄕㄤˋ ㄉㄧㄥ ㄓㄜ˙ ㄧˋ ㄓㄤ ㄧㄣˋ ㄅㄞˊ ㄓˇ ㄆㄧㄢˋ ㄕㄚˋ ㄕ˙ ㄖㄜˊ ㄧㄢˇ
009486,ㄕㄤˋ ㄔㄜ ㄉㄜ˙ ㄕˊ ㄏㄡˋ ㄍㄨㄚˋ ㄧ ㄉㄤ ㄑㄧˇ ㄅㄨˋ ㄎㄠˇ ㄍㄨㄢ ㄊㄨ ㄖㄢˋ ㄌㄞˊ ㄌㄜ˙ ㄧˊ ㄐㄩˋ ㄐㄧㄚ ㄧㄠˊ
009487,ㄘˇ ㄨㄞˋ ㄏㄨㄢˋ ㄓㄜˇ ㄎㄜˊ ㄧㄡˇ ㄈㄢˊ ㄎㄜˇ ㄔㄨ ㄏㄢˋ ㄌㄧㄡˊ ㄒㄧㄢˊ ㄙˋ ㄓ ㄐㄧ ㄖㄡˋ ㄐㄧㄥˋ ㄌㄨㄢˊ ㄏㄨ ㄒㄧ ㄎㄨㄣˋ ㄋㄢˊ ㄉㄥˇ ㄓㄨㄥˋ ㄓㄨㄤˋ
009488,ㄨㄛˇ ㄋㄧㄥˋ ㄩㄢˋ ㄍㄟˊ ㄍㄡˇ ㄔ ㄧㄝˇ ㄅㄨˋ ㄍㄟˇ ㄊㄚ ㄌㄧㄡˊ
009489,ㄧㄡˇ ㄕㄣˊ ㄇㄜ˙ ㄅㄨˊ ㄏㄨㄟˋ ㄉㄜ˙ ㄐㄧㄣˊ ㄍㄨㄢˇ ㄨㄥˋ ㄨㄛˇ ㄅㄚ
009490,ㄧㄣˋ ㄌㄤˇ ㄉㄜ˙ ㄔㄜ ㄕㄣ ㄧㄠ ㄒㄧㄢˋ ㄘㄨㄥˊ ㄔㄜ ㄑㄧㄢˊ ㄉㄚˋ ㄉㄥ ㄔㄨˋ ㄑㄧˇ ㄧˋ ㄓˊ ㄍㄤ ㄐㄧㄥˋ ㄧㄡˇ ㄌㄧˋ ㄉㄜ˙ ㄧㄢˊ ㄕㄣ ㄒㄧㄤˋ ㄏㄡˋ
009491,ㄦˋ ㄦˋ ㄦˊ ㄕˊ ㄧ ㄧ ㄧ ㄕˊ ㄨˇ ㄏㄠˋ ㄇㄨˋ ㄑㄧㄢˊ ㄕˋ ㄇㄡˇ ㄐㄧㄠ ㄌㄧㄡˊ ㄒㄧㄝˊ ㄏㄨㄟˋ ㄅㄢˋ ㄍㄨㄥ ㄉㄧˋ ㄉㄧㄢˇ
009492,ㄗㄨㄛˊ ㄖˋ ㄐㄧˋ ㄓㄜˇ ㄩˊ ㄉㄚˇ ㄔㄨ ㄍㄨㄤˇ ㄍㄠˋ ㄕㄡ ㄍㄡˋ ㄌㄨㄢˊ ㄗˇ ㄉㄜ˙ ㄓㄨㄥ ㄐㄧㄝˋ ㄐㄧㄢˋ ㄇㄧㄢˋ
009493,ㄗㄞˋ ㄉㄤ ㄉㄧˋ ㄘㄨㄣ ㄇㄧㄣˊ ㄧㄢˊ ㄌㄧˇ ㄇㄠˊ ㄒㄧㄢˋ ㄇㄧˊ ㄕˋ ㄧˊ ㄍㄜˋ ㄧㄡˇ ㄒㄧㄝ ㄓˊ ㄋㄧㄡˋ ㄉㄜ˙ ㄖㄣˊ
009494,ㄉㄚˋ ㄕㄨ ㄒㄧㄚˋ ㄔㄤˇ ㄕˊ ㄆㄞˊ ㄌㄜ˙ ㄆㄞˋ ㄧㄤˊ ㄇㄧㄥˊ ㄉㄜ˙ ㄐㄧㄢ ㄧˊ ㄑㄧㄝˋ ㄐㄧㄣˋ ㄗㄞˋ ㄅㄨˋ ㄧㄢˊ ㄓㄨㄥ
009495,ㄐㄧㄠˋ ㄕˋ ㄌㄧˇ ㄧˊ ㄧㄡˊ ㄐㄧˇ ㄍㄜˋ ㄖㄣˊ ㄕㄨˇ ㄐㄧㄚˋ ㄉㄜ˙ ㄌㄧㄢˋ ㄅㄧˇ ㄗㄨㄛˋ ㄨㄣˊ ㄍㄤ ㄈㄚ ㄒㄧㄚˋ ㄌㄞˊ
009496,ㄘˇ ㄕˊ ㄧˋ ㄇㄧㄥˊ ㄐㄧㄥˇ ㄔㄚˊ ㄉㄢ ㄕㄡˇ ㄅㄧㄝˇ ㄗㄞˋ ㄕㄣ ㄏㄡˋ ㄕㄡˇ ㄓㄨㄥ ㄨㄛˋ ㄧㄡˇ ㄧˋ ㄔㄨㄟˊ ㄗ˙
009497,ㄕㄨˋ ㄖㄣˊ ㄒㄩㄥ ㄎㄜˇ ㄒㄧ ㄨㄢˇ ㄕㄥ ㄌㄜ˙ ㄧˋ ㄅㄞˇ ㄋㄧㄢˊ ㄏㄨㄛˋ ㄓㄜˊ ㄗㄠˇ ㄕㄥ ㄜˋ ㄧˋ ㄅㄞˇ ㄋㄧㄢˊ
009498,ㄉㄤ ㄕˊ ㄓㄥ ㄌㄨㄣˋ ㄉㄜ˙ ㄨㄣˋ ㄊㄧˊ ㄐㄧㄣˊ ㄐㄧㄣˇ ㄕˋ ㄍㄞ ㄅㄨˋ ㄍㄞ ㄗㄞˋ ㄏㄨˊ ㄉㄧˇ ㄆㄨ ㄇㄛˊ
009499,ㄧㄣ ㄨㄟˋ ㄓ ㄉㄠˋ ㄗˋ ㄐㄧˇ ㄉㄜ˙ ㄕ ㄅㄞˋ ㄩˇ ㄨ ㄋㄥˊ ㄩˊ ㄕˋ ㄒㄧㄤˇ ㄅㄢˋ ㄈㄚˇ ㄑㄩˋ ㄎㄜˋ ㄈㄨˊ
009500,ㄨㄤˊ ㄇㄥˊ ㄐㄧㄚˇ ㄆㄧㄥˊ ㄠ ㄈㄥˊ ㄐㄧˋ ㄘㄞˊ ㄉㄥˇ ㄓㄨˋ ㄇㄧㄣˊ ㄗㄨㄛˋ ㄐㄧㄚ ㄘㄥˊ ㄌㄧˋ ㄖㄣˋ ㄏㄨㄟˋ ㄓㄤˇ
009501,ㄇㄨˋ ㄑㄧㄢˊ ㄒㄧㄠ ㄈㄤ ㄉㄨㄟˋ ㄩㄢˊ ㄓˇ ㄋㄤˊ ㄊㄢˋ ㄕㄣ ㄕㄨㄟˇ ㄋㄧˊ ㄍㄨㄢˇ ㄧˋ ㄉㄧㄢˊ ㄉㄧㄢˇ ㄆㄠˊ ㄐㄩㄜˊ
009502,ㄋㄢˊ ㄏㄞˇ ㄉㄞ ㄗㄨㄛˋ ㄗㄞˋ ㄉㄧˋ ㄅㄨˋ ㄕˊ ㄅㄠˋ ㄐㄧˋ ㄐㄧㄠˊ ㄓˇ ㄊㄡ˙ ㄑㄧㄥ ㄑㄧㄥ ㄧㄠˇ ㄧ ㄎㄡˇ
009503,ㄉㄥˇ ㄔㄜ ㄍㄨㄛˋ ㄔㄥˊ ㄓㄨㄥ ㄐㄧˋ ㄓㄜˇ ㄈㄚ ㄒㄧㄢˋ ㄅㄨˋ ㄕㄠˇ ㄏㄟ ㄔㄜ ㄅㄧㄢˋ ㄔㄨㄣˊ ㄔㄨㄣˇ ㄩˋ ㄉㄨㄥˋ
009504,ㄧ ㄈㄚˇ ㄅㄟˋ ㄒㄧㄢˋ ㄓˋ ㄖㄣˊ ㄕㄣ ㄗˋ ㄧㄡˇ ㄏㄨㄛˋ ㄅㄛ ㄉㄨㄛˊ ㄓㄥˋ ㄓㄜ˙ ㄑㄨㄢˊ ㄌㄧˋ ㄉㄜ˙ ㄔㄨˊ ㄨㄞˋ
009505,ㄏㄨㄛˋ ㄉㄜˊ ㄧˊ ㄉㄧㄥˋ ㄈㄣ ㄕㄨˋ ㄉㄜ˙ ㄨㄞˋ ㄐㄧˇ ㄧㄢˇ ㄕˋ ㄐㄧㄤ ㄅㄟˋ ㄕˋ ㄨㄟˇ ㄍㄠ ㄐㄧ ㄖㄣˊ ㄘㄞˊ
009506,ㄓㄜˋ ㄓㄨㄥˇ ㄔㄤˊ ㄔㄥˊ ㄒㄩㄋˊ ㄧㄝˋ ㄈㄟ ㄉㄢˋ ㄉㄜ˙ ㄇㄨˋ ㄅㄧㄠˋ ㄕˋ ㄉㄨㄟˋ ㄓㄨㄣˊ ㄋㄚˇ ㄍㄜˋ ㄍㄨㄛˇ ㄐㄧㄚ
009507,ㄗㄨㄟˋ ㄏㄡˋ ㄒㄩㄋˊ ㄏㄨㄢˊ ㄌㄧˋ ㄒㄧ ㄒㄧㄤ ㄐㄧㄚ ㄍㄜˊ ㄔㄨ ㄧˋ ㄅㄚˇ ㄦˋ ㄕ˙ ㄉㄧㄢˇ ㄌㄧㄥˊ ㄌㄧㄥˊ ㄨˊ ㄨˇ ㄩㄢˊ
009508,ㄅㄧˇ ㄖㄨˊ ㄕㄨㄛ ㄊㄧˊ ㄔㄤˋ ㄐㄧㄢ ㄎㄨˇ ㄈㄣˋ ㄉㄡˋ ㄓㄜˋ ㄅㄧㄥˋ ㄅㄨˊ ㄧˋ ㄨㄟˋ ㄓㄜ˙ ㄨㄛˇ ㄇㄧㄠˋ ㄔㄨㄢ ㄉㄚˊ ㄅㄨˇ ㄉㄧㄥ ㄉㄜ˙ ㄧˊ ㄈㄨ˙
009509,ㄧㄡˊ ㄋㄧˇ ㄗㄞˋ ㄕㄣ ㄅㄧㄢ ㄆㄟˊ ㄅㄢˋ ㄉㄜ˙ ㄖˋ ㄗ˙ ㄍㄢˇ ㄐㄩㄜˊ ㄇㄟˇ ㄊㄧㄢ ㄉㄡ ㄒㄧㄤˋ ㄉㄨˋ ㄐㄧㄚˋ ㄧㄤ˙ ㄎㄞ ㄒㄧㄣ ㄋㄜ˙
009510,ㄑㄧㄢˊ ㄏㄨㄚ ㄉㄜ˙ ㄓˊ ㄌㄠˊ ㄅㄞˇ ㄒㄧㄥˋ ㄧㄝˇ ㄩㄢˋ ㄧˋ ㄐㄧㄝˇ ㄋㄤˊ
009511,ㄉㄜˊ ㄍㄨㄛˊ ㄌㄧˋ ㄕˇ ㄧㄡ ㄐㄧㄡˇ ㄨㄣˊ ㄏㄨㄚˋ ㄘㄨㄟˇ ㄘㄢˋ ㄙㄨˋ ㄧㄡˇ ㄕ ㄖㄣˊ ㄏㄜˊ ㄓㄜˊ ㄒㄩㄜˊ ㄐㄧㄚ ㄍㄨㄛˊ ㄉㄨˋ ㄉㄜ˙ ㄇㄟˇ ㄩˋ
009512,ㄍㄠ ㄒㄧㄣˋ ㄓㄢˇ ㄕˋ ㄍㄨㄥˇ ㄌㄧˋ ㄉㄜ˙ ㄍㄨˇ ㄌㄧˋ ㄉㄨㄢˇ ㄒㄧㄣˋ
009513,ㄅㄨˋ ㄐㄧㄣˊ ㄐㄧㄣˇ ㄙㄨˋ ㄉㄨˋ ㄎㄨㄞˋ ㄦˊ ㄑㄧㄝˇ ㄓˋ ㄌㄧㄤˋ ㄍㄠ
009514,ㄐㄧㄡˋ ㄕˋ ㄅㄧˇ ㄐㄧㄠˋ ㄒㄧˇ ㄏㄨㄢ ㄒㄧㄝˊ ㄉㄧㄢˇ ㄉㄨㄥ ㄒㄧ˙ ㄇㄚ˙
009515,ㄨˇ ㄋㄧㄢˊ ㄌㄞˊ ㄗㄞˋ ㄐㄧˊ ㄩㄝˋ ㄕㄤ ㄩㄥˋ ㄑㄧㄥ ㄔㄨㄣ ㄏㄜˊ ㄖㄜˋ ㄒㄩㄜˋ ㄕㄨ ㄒㄧㄝˇ ㄌㄜ˙ ㄅㄧㄠ ㄅㄧㄥˊ ㄕˇ ㄘㄜˋ ㄉㄜ˙ ㄓㄨㄤˋ ㄌㄧˋ ㄆㄧㄢ ㄓㄤ
009516,ㄊㄚ ㄊㄧㄝ ㄓㄜ˙ ㄧˊ ㄍㄜ˙ ㄊㄨ ㄊㄡˊ ㄋㄢˊ ㄖㄣ˙ ㄋㄚˋ ㄘㄞˊ ㄕˋ ㄊㄧㄝ ㄓㄜ˙ ㄎㄢˋ ㄌㄞˊ ㄕㄤˋ ㄉㄧˋ ㄧㄝˊ ㄧㄡˇ ㄌㄨˋ ㄓㄢˇ ㄉㄜ˙ ㄕˊ ㄏㄡˋ
009517,ㄑㄧㄥ ㄙㄨㄥ ㄐㄧ ㄎㄨㄚˊ ㄊㄚˇ ㄌㄧˋ ㄅㄢ ㄓ ㄏㄡˋ ㄇㄟˇ ㄐㄩㄋ ㄇㄧㄢˋ ㄉㄨㄟˋ ㄉㄜ˙ ㄕˋ ㄧˋ ㄆㄢˊ ㄙㄢˇ ㄕㄚ ㄕˋ ㄉㄜ˙ ㄨˇ ㄓㄨㄤ ㄈㄣˋ ㄗ˙
009518,ㄉㄠˋ ㄗㄨㄟˋ ㄏㄡˋ ㄑㄧㄢ ㄉㄧㄥˋ ㄒㄧㄝˊ ㄧˋ ㄕˊ ㄊㄚ ㄕㄨㄛ ㄊㄚ ㄅㄚˊ ㄉㄨㄥˇ ㄕˋ ㄓㄤˇ ㄉㄤ ㄕㄤˋ ㄑㄧˊ ㄊㄚ ㄋㄧˇ ㄗㄚˊ ㄍㄠˇ ㄉㄡ ㄒㄧㄥˊ
009519,ㄨㄣˊ ㄒㄩㄋˋ ㄏㄡˋ ㄅㄧˇ ㄙㄨㄥ ㄧㄣ ㄌㄧˋ ㄐㄧˊ ㄊㄧㄠˋ ㄒㄧㄚˋ ㄔㄜ ㄓㄣ ㄔㄥˊ ㄅㄟ ㄑㄧㄝˋ ㄉㄜ˙ ㄙㄨㄣˋ ㄕㄨㄛ ㄉㄚˇ ㄉㄨㄥˋ ㄌㄜ˙ ㄓˋ ㄖㄣ˙ ㄇㄣˊ
009520,ㄉㄧˋ ㄈㄤ ㄓㄥˋ ㄈㄨˇ ㄉㄨㄟˋ ㄅㄣˇ ㄉㄧˋ ㄑㄩˋ ㄖㄨˊ ㄆㄧㄣˇ ㄓˋ ㄌㄧㄤˋ ㄢ ㄑㄨㄢˊ ㄈㄨˋ ㄗㄨㄥˇ ㄗㄜˊ
009521,ㄍㄜˇ ㄒㄧㄠˊ ㄐㄧㄝˇ ㄉㄜ˙ ㄇㄚ ㄇㄚ˙ ㄨㄤˊ ㄋㄩˇ ㄕˋ ㄓˇ ㄐㄧㄣ ㄖㄥˊ ㄖㄢˊ ㄧˇ ㄌㄟˋ ㄒㄧˇ ㄇㄧㄢˋ
009522,ㄦˊ ㄑㄧㄝˇ ㄉㄤ ㄖㄢˊ ㄧㄝˇ ㄕˋ ㄍㄨㄚˇ ㄊㄡˊ ㄏㄜˊ ㄑㄧㄢˊ ㄉㄨˊ ㄘㄞˊ ㄓㄜˇ ㄉㄜ˙ ㄅㄧˋ ㄋㄢˋ ㄙㄨㄛˇ
009523,ㄉㄚˋ ㄒㄩㄜˊ ㄌㄧˇ ㄧㄡˇ ㄧˊ ㄉㄚˋ ㄆㄧ ㄓㄨㄟ ㄑㄧㄡˊ ㄇㄧㄠˊ ㄊㄧㄠˊ ㄏㄜˊ ㄍㄨˊ ㄍㄢˇ ㄉㄜ˙ ㄋㄩˇ ㄏㄞˊ
009524,ㄉㄢˋ ㄕˋ ㄨㄟˋ ㄌㄞˊ ㄐㄧˇ ㄋㄧㄢˊ ㄋㄟˋ ㄉㄚˋ ㄒㄩㄜˊ ㄕㄥ ㄐㄧㄡˋ ㄧㄝˋ ㄒㄧㄥˊ ㄕˋ ㄧ ㄖㄢˊ ㄧㄢˇ ㄐㄩㄋˋ
009525,ㄨㄟˊ ㄒㄧㄡ ㄅㄨˋ ㄇㄣˊ ㄅㄠˇ ㄌㄧㄡˊ ㄒㄧㄠ ㄕㄡˋ ㄉㄥˇ ㄑㄧˊ ㄊㄚ ㄧㄝˋ ㄨˋ ㄏㄜˊ ㄅㄧㄥˋ ㄗㄞˋ ㄧˋ ㄑㄧˇ
009526,ㄗㄞˋ ㄦˋ ㄅㄞˊ ㄨˇ ㄕˊ ㄉㄨㄛ ㄨㄢˋ ㄇㄧㄥˊ ㄎㄠˇ ㄕㄥ ㄓㄨㄥ ㄅㄧㄢ ㄌㄜ˙ ㄦˋ ㄕ ㄉㄨㄛ ㄊㄧㄢ ㄉㄜ˙ ㄑㄧˋ ㄧˊ ㄒㄧㄚˋ ㄗ˙ ㄅㄠˋ ㄈㄚ ㄔㄨ ㄌㄞˊ ㄌㄜ˙
009527,ㄗㄞˋ ㄓㄨˊ ㄍㄨㄤ ㄉㄜ˙ ㄧㄥˋ ㄓㄠˋ ㄒㄧㄚˋ ㄌㄠˇ ㄖㄣˊ ㄧㄢˊ ㄐㄧㄠˇ ㄉㄜ˙ ㄌㄨㄟˋ ㄏㄨㄚ ㄕㄢˊ ㄕㄢˇ ㄈㄚ ㄌㄧㄤˋ
009528,ㄌㄧㄣˊ ㄐㄩ ㄈㄢˇ ㄧㄥˋ ㄉㄤ ㄕˊ ㄨ ㄋㄟˋ ㄇㄧㄥˊ ㄏㄨㄛˇ ㄅㄨˊ ㄉㄚˋ ㄉㄢˋ ㄕˋ ㄋㄨㄥˊ ㄧㄢ ㄑㄧㄤˋ ㄖㄣˊ
009529,ㄧˇ ㄕㄤˋ ㄎㄨㄢˇ ㄨˋ ㄓㄜˊ ㄏㄜˊ ㄖㄣˊ ㄇㄧㄣˊ ㄅㄧˋ ㄙˋ ㄕ˙ ㄙˋ ㄉㄧㄢˇ ㄙˋ ㄌㄧㄡˋ ㄙˋ ㄙㄢ ㄨㄢˋ ㄩㄢˊ
009530,ㄖㄨˊ ㄘˇ ㄅㄧㄢˋ ㄋㄥˊ ㄖㄠˋ ㄎㄞ ㄓㄥˋ ㄈㄨˇ ㄓㄨˊ ㄍㄨㄢˇ ㄅㄨˋ ㄇㄣˊ ㄖㄨㄥˇ ㄔㄤˊ ㄉㄜ˙ ㄕㄣˇ ㄆㄧ
009531,ㄧˇ ㄏㄡˋ ㄋㄧˇ ㄗㄞˋ ㄓㄥˋ ㄇㄜ˙ ㄉㄚˋ ㄕㄥ ㄕㄨㄛ ㄨㄛˇ ㄨㄛˇ ㄐㄧㄡˋ ㄍㄟˊ ㄋㄧˊ ㄉㄧㄢˇ ㄧㄢˊ ㄙㄜˋ ㄎㄢˋ ㄎㄢˋ
009532,ㄊㄚ ㄇㄣ˙ ㄐㄧㄥ ㄍㄨㄛˋ ㄑㄧㄢ ㄊㄧㄠˋ ㄨㄢˋ ㄒㄨㄢˇ ㄓㄥˊ ㄊㄧˇ ㄙㄨˋ ㄓˋ ㄏㄣˊ ㄏㄠˇ ㄧㄥ ㄍㄞ ㄉㄜˊ ㄉㄠˋ ㄍㄠ ㄧˋ ㄒㄧㄝ ㄉㄜ˙ ㄉㄞˋ ㄩˇ
009533,ㄐㄧㄡˋ ㄗㄨㄛˊ ㄊㄧㄢ ㄓㄜ˙ ㄔㄨㄥˊ ㄋㄩˇ ㄧㄡˋ ㄕㄣˊ ㄐㄧㄥ ㄉㄜ˙ ㄎㄞ ㄕˇ ㄉㄚˋ ㄇㄚ ㄋㄩˇ ㄕㄣˊ ㄗㄨㄟˇ ㄏㄡˋ ㄋㄩˇ ㄕㄣˊ ㄑㄧˋ ㄏㄨㄞˋ ㄌㄜ˙
009534,ㄅㄨˊ ㄍㄨㄛˋ ㄊㄚ ㄒㄧㄢˋ ㄔㄤˇ ㄉㄜ˙ ㄧㄡ ㄇㄛˋ ㄩˇ ㄧㄢˊ ㄑㄩㄜˋ ㄉㄡˋ ㄉㄜ˙ ㄍㄨㄢ ㄓㄨㄥˋ ㄏㄜˊ ㄓㄨㄥˋ ㄨㄟˋ ㄐㄧㄚ ㄅㄧㄣ ㄏㄜˊ ㄅㄨˋ ㄌㄨㄥˊ ㄗㄨㄟˇ
009535,ㄍㄞ ㄍㄨㄢˊ ㄌㄧˇ ㄩㄢˊ ㄌㄧˋ ㄐㄧˊ ㄅㄚˇ ㄗˋ ㄐㄧˊ ㄙㄨㄛˇ ㄗㄞˋ ㄌㄨㄥˊ ㄗ˙ ㄌㄧˇ ㄧ ㄇㄧㄢˇ ㄑㄧˊ ㄊㄚ ㄉㄜ˙ ㄒㄧㄥ ㄒㄧㄥ˙ ㄧㄝˇ ㄊㄠˊ ㄆㄠˇ
009536,ㄊㄨㄟ ㄦˊ ㄧㄢˊ ㄓ ㄍㄨˇ ㄒㄧㄣ ㄚˋ ㄓㄜˊ ㄒㄩㄜˊ ㄕˋ ㄐㄧㄥˋ ㄍㄨㄢ ㄉㄜ˙ ㄊㄚ ㄈㄢˇ ㄧㄥˋ ㄌㄜ˙ ㄔㄠ ㄩㄝˋ ㄒㄧㄢˋ ㄕˊ ㄉㄜ˙ ㄌㄧˊ ㄒㄧㄤˇ
009537,ㄓˋ ㄕㄠˇ ㄗㄞˋ ㄏㄨㄚˋ ㄓㄨㄤ ㄈㄤ ㄇㄧㄢˋ ㄨㄛˇ ㄎㄜˊ ㄧˊ ㄉㄧˇ ㄅㄧㄝˊ ㄖㄣˊ ㄕㄠˇ ㄩㄥˋ ㄅㄢˋ ㄒㄧㄠˇ ㄕˊ ㄧㄣ ㄨㄟˋ ㄅㄨˊ ㄩㄥˋ ㄏㄨㄚˋ ㄇㄟˊ ㄇㄠ˙
009538,ㄑㄧㄠˇ ㄐㄧㄚ ㄍㄨㄢ ㄈㄤ ㄉㄜ˙ ㄓㄜˋ ㄈㄣ ㄏㄨㄟˊ ㄧㄥˋ ㄏㄣˇ ㄎㄨㄞˋ ㄅㄟˋ ㄨㄞˋ ㄐㄧㄝˋ ㄕˋ ㄗㄨㄛˋ ㄐㄧˊ ㄩˊ ㄆㄧㄝˇ ㄑㄧㄥ ㄔㄞ ㄑㄧㄢ ㄇㄠˊ ㄉㄨㄣˋ
009539,ㄈㄨ ㄈㄨˋ ㄌㄧㄚˊ ㄇㄟˇ ㄋㄧㄢˊ ㄉㄜ˙ ㄒㄧㄡ ㄐㄧㄚˋ ㄑㄨㄢˊ ㄩㄥˋ ㄗㄞˋ ㄌㄜ˙ ㄔㄤˊ ㄊㄨˊ ㄅㄚˊ ㄕㄜˋ ㄑㄩˋ ㄌㄠˇ ㄐㄧㄚ ㄎㄢˋ ㄏㄞˊ ㄗ˙ ㄕㄤˋ
009540,ㄒㄩˊ ㄌㄧˋ ㄔㄤˋ ㄉㄜ˙ ㄏㄣˇ ㄊㄡˊ ㄖㄨˋ ㄍㄨㄢ ㄓㄨㄥˋ ㄍㄣ ㄓㄜ˙ ㄔㄤˋ ㄉㄜ˙ ㄧㄝˊ ㄏㄣˇ ㄊㄡˊ ㄖㄨˋ ㄒㄧㄢˋ ㄔㄤˇ ㄏㄞ ㄔㄥ ㄧˊ ㄆㄧㄢˋ
009541,ㄘˇ ㄨㄞˋ ㄐㄧ ㄋㄧㄢˊ ㄑㄧˇ ㄩㄥˋ ㄌㄜ˙ ㄧˋ ㄆㄧ ㄒㄧㄣ ㄕˋ ㄙㄠˊ ㄒㄩㄜˇ ㄕㄜˋ ㄅㄟˋ ㄊㄧ ㄉㄞˋ ㄖㄨㄥˊ ㄒㄩㄜˇ ㄐㄧˋ ㄉㄜ˙ ㄕˇ ㄩㄥˋ ㄌㄧㄤˋ
009542,ㄇㄨˋ ㄑㄧㄢˊ ㄔㄢˊ ㄇㄡˇ ㄧㄣ ㄕㄜˋ ㄒㄧㄢˊ ㄍㄨˋ ㄧˋ ㄙㄨㄣˊ ㄏㄨㄟˇ ㄍㄨㄥ ㄙ ㄘㄞˊ ㄨˋ ㄅㄟˋ ㄐㄧㄥˇ ㄈㄤ ㄒㄧㄥˊ ㄐㄩ
009543,ㄋㄧˇ ㄕˋ ㄈㄠˊ ㄒㄧㄤˇ ㄍㄨㄛˋ ㄋㄧˇ ㄉㄜ˙ ㄍㄜˋ ㄖㄣˊ ㄒㄧㄣˋ ㄒㄧ ㄧㄝˊ ㄒㄩˊ ㄧˇ ㄅㄟˋ ㄓㄨㄢˊ ㄕㄡˇ ㄕㄨˋ ㄘˋ
009544,ㄧˋ ㄓㄥˋ ㄈㄚ ㄗㄨㄛˋ ㄕˊ ㄧㄡˇ ㄉㄜ˙ ㄏㄞˊ ㄗ˙ ㄗˋ ㄕㄨˋ ㄊㄡˊ ㄩㄣ ㄏㄨㄛˋ ㄔㄨ ㄒㄧㄢˋ ㄔㄡ ㄔㄨˋ
009545,ㄅㄨˊ ㄕˋ ㄧㄠˋ ㄆㄞ ㄓㄠˋ ㄇㄚ˙ ㄉㄚˋ ㄐㄧㄚ ㄆㄞˊ ㄏㄠˇ ㄉㄨㄟˋ ㄇㄚˊ ㄌㄧˋ ㄉㄧㄢˇ
009546,ㄏㄠˊ ㄏㄠˇ ㄕㄨㄟˋ ㄧˊ ㄐㄧㄠˋ ㄇㄧㄥˊ ㄊㄧㄢ ㄧㄡˋ ㄕˋ ㄓㄢˇ ㄒㄧㄣ ㄉㄜ˙ ㄧˋ ㄊㄧㄢ
009547,ㄉㄢˋ ㄌㄧˇ ㄐㄧㄚ ㄉㄧㄥˊ ㄩˇ ㄕ ㄇㄧㄥˊ ㄐㄩㄋ ㄈㄡˇ ㄖㄣˋ
009548,ㄗㄨㄛˇ ㄊㄧㄢ ㄍㄜˊ ㄧㄝˋ ㄗ ㄐㄧㄣ ㄉㄧㄝ ㄆㄛˋ ㄅㄞˇ ㄈㄣ ㄓ ㄙㄢ ㄓˋ ㄅㄞˇ ㄈㄣ ㄓ ㄦˋ ㄉㄧㄢˊ ㄐㄧㄡˇ ㄌㄧㄡˋ ㄑㄧ ㄧ
009549,ㄑㄧ ㄗˇ ㄉㄜ˙ ㄐㄧㄠˇ ㄑㄩㄜˊ ㄗㄜˊ ㄕˋ ㄧˋ ㄔㄤˇ ㄧ ㄌㄧㄠˋ ㄕˋ ㄍㄨˋ ㄉㄜ˙ ㄏㄡˋ ㄧˊ ㄓㄥˋ
009550,ㄕㄨㄛ ㄅㄨˋ ㄉㄧㄥˋ ㄊㄚ ㄏㄨㄟˋ ㄅㄧˇ ㄩㄝ ㄏㄢˋ ㄏㄞˊ ㄧㄠˋ ㄗㄠˇ ㄉㄜ˙ ㄉㄨㄥ ㄕㄢ ㄗㄞˋ ㄑㄧˇ ㄋㄜ˙
009551,ㄊㄚ ㄊㄧˊ ㄒㄧㄥˇ ㄊㄡˊ ㄗ˙ ㄓㄜˇ ㄐㄧㄥˋ ㄊㄧˋ ㄏㄨㄟˋ ㄈㄡˇ ㄔㄨ ㄒㄧㄢˋ ㄓˋ ㄓㄤˋ ㄒㄧㄢˋ ㄒㄧㄤˋ
009552,ㄊㄚ ㄐㄧㄢˋ ㄕˋ ㄩˊ ㄒㄩㄥˊ ㄇㄤˊ ㄆㄠˇ ㄍㄨㄛˋ ㄑㄩˋ ㄩˊ ㄒㄩㄥˊ ㄕㄨㄛ ㄆㄞˊ ㄨㄛˇ ㄑㄧㄢˊ ㄇㄧㄢˋ
009553,ㄌㄧㄤˇ ㄍㄨㄛˊ ㄐㄧㄣ ㄇㄠˋ ㄏㄜˊ ㄗㄨㄛˋ ㄉㄜ˙ ㄅㄨˊ ㄉㄨㄢˋ ㄎㄨㄛˋ ㄉㄚˋ ㄕˊ ㄇㄟˇ ㄓㄨㄥ ㄕㄨㄤ ㄈㄤ ㄏㄨㄛˋ ㄧˋ
009554,ㄌㄧㄡˋ ㄩㄝˋ ㄦˋ ㄕ˙ ㄑㄧ ㄖˋ ㄐㄧㄠ ㄌㄨㄥˊ ㄏㄠˋ ㄕㄨㄚ ㄒㄧㄣ ㄐㄧˋ ㄌㄨˋ ㄒㄧㄚˋ ㄑㄧㄢˊ ㄓˋ ㄑㄧ ㄑㄧㄢ ㄌㄧㄥˊ ㄌㄧㄡˋ ㄕˊ ㄦˋ ㄇㄧˇ
009555,ㄘˇ ㄏㄡˋ ㄗㄞˋ ㄒㄧ ㄗㄤˋ ㄏㄨㄟ ㄈㄨˋ ㄐㄧㄡˋ ㄧㄡˇ ㄉㄜ˙ ㄈㄥ ㄐㄧㄝˋ ㄋㄨㄥˊ ㄋㄨˊ ㄓˋ ㄉㄨˋ ㄧㄝˇ ㄔㄥˊ ㄨㄟˊ ㄩㄥˊ ㄩㄢˇ ㄅㄨˋ ㄎㄜˇ ㄋㄥˊ
009556,ㄍㄨㄛˋ ㄑㄩˋ ㄐㄧˇ ㄕˊ ㄋㄧㄢˊ ㄧㄢˊ ㄏㄞˇ ㄓ ㄙㄨㄛˊ ㄧˇ ㄈㄚ ㄓㄢˇ ㄒㄩㄋˋ ㄙㄨˋ ㄐㄧㄡˋ ㄕˋ ㄧㄣ ㄨㄟˋ ㄐㄧㄣˋ ㄒㄧㄤ ㄨˋ ㄌㄧㄡˊ ㄅㄧㄢˋ ㄌㄧˋ
009557,ㄐㄩˋ ㄒㄧ ㄗㄞˋ ㄈㄢˇ ㄑㄧ ㄧㄢˋ ㄕㄤˋ ㄓㄢˇ ㄕˋ ㄋㄩˇ ㄈㄤ ㄐㄧㄚˋ ㄓㄨㄤ˙ ㄕˋ ㄐㄧㄣˋ ㄐㄧㄤ ㄧˊ ㄉㄞˋ ㄊㄜˋ ㄧㄡˇ ㄉㄜ˙ ㄒㄧˊ ㄙㄨˊ
009558,ㄐㄧㄣˋ ㄖㄨˋ ㄑㄧˋ ㄔㄜ ㄕˇ ㄉㄞˋ ㄧˇ ㄌㄞˊ ㄖㄣˊ ㄇㄜ˙ ㄙˋ ㄏㄨ ㄧˊ ㄎㄜˋ ㄧㄝˇ ㄌㄧˇ ㄅㄨˋ ㄎㄞ ㄍㄨㄣˊ ㄍㄨㄣˇ ㄉㄜ˙ ㄔㄜ ㄌㄨㄣˊ
009559,ㄘˇ ㄨㄞˋ ㄓㄥˇ ㄍㄜˋ ㄍㄨㄢˇ ㄓㄨㄥ ㄏㄞˊ ㄕㄡ ㄘㄤˊ ㄓㄜ˙ ㄐㄧㄚˇ ㄆㄧㄣˊ ㄠ ㄉㄜ˙ ㄧˋ ㄒㄧㄝ ㄘㄤˊ ㄆㄧㄣˇ ㄏㄜˊ ㄕㄨ ㄏㄨㄚˋ ㄗㄨㄛˋ ㄆㄧㄣˇ
009560,ㄉㄨㄟˋ ㄩˊ ㄈㄢˇ ㄉㄨㄟˋ ㄆㄞˋ ㄨㄛˇ ㄧˋ ㄓˇ ㄐㄩㄜˊ ㄉㄜ˙ ㄊㄚ ㄇㄣ˙ ㄏㄣˇ ㄤ ㄗㄤ
009561,ㄕˋ ㄈㄡˇ ㄒㄩㄜ ㄖㄨㄛˋ ㄌㄜ˙ ㄉㄨㄟˋ ㄋㄨㄥˊ ㄧㄝˋ ㄉㄜ˙ ㄊㄡˊ ㄖㄨˋ
009562,ㄐㄧㄣ ㄙㄜˋ ㄉㄜ˙ ㄎㄨㄚ ㄓㄤ ㄇㄠˇ ㄉㄧㄥ ㄕㄡˇ ㄓㄨㄛˊ ㄏㄜˊ ㄕㄢˊ ㄕㄢˇ ㄌㄧㄤˋ ㄉㄜ˙ ㄐㄧㄣ ㄙㄜˋ ㄅㄠ ㄅㄤ ㄎㄨ ㄧㄥˋ ㄉㄜ˙ ㄍㄤ ㄍㄤ ㄏㄠˇ
009563,ㄗㄞˋ ㄗㄨㄛˋ ㄨㄢˊ ㄐㄧㄢˇ ㄔㄚˊ ㄈㄢˇ ㄏㄨㄟˊ ㄉㄧㄥˋ ㄈㄤ ㄊㄨˊ ㄓㄨㄥ ㄌㄧㄣˊ ㄌㄧㄣˋ ㄊㄤˇ ㄗㄞˋ ㄅㄧㄥˋ ㄔㄨㄤˊ ㄕㄤˋ ㄅㄞˇ ㄋㄨㄥˋ ㄕㄡˇ ㄐㄧ
009564,ㄅㄨˊ ㄍㄨㄛˋ ㄨㄤˊ ㄧㄡˇ ㄉㄡ ㄈㄣ ㄈㄣ ㄓ ㄔˇ ㄧㄥ ㄘㄞˇ ㄦˊ ㄓㄜ˙ ㄧ ㄅㄚˋ ㄑㄧˋ ㄒㄧㄥˊ ㄨㄟˊ
009565,ㄊㄚ ㄕㄨㄛ ㄉㄤ ㄕˋ ㄗㄞˋ ㄆㄧㄢˋ ㄔㄤˇ ㄏㄨㄛˋ ㄅㄛˊ ㄐㄧ ㄏㄨ ㄍㄣ ㄙㄨㄛˊ ㄧㄡˇ ㄖㄣˊ ㄍㄢˋ ㄍㄨㄛˋ ㄐㄧㄚˋ
009566,ㄒㄧㄤˇ ㄓㄜ˙ ㄒㄧㄤˇ ㄓㄜ˙ ㄗˋ ㄐㄧˇ ㄅㄟˋ ㄗˋ ㄐㄧˇ ㄉㄡˋ ㄌㄜˋ ㄉㄨㄟˋ ㄓㄜ˙ ㄐㄩㄋ ㄏㄨㄛˇ ㄎㄨˋ ㄗㄠˋ ㄒㄧㄥˊ ㄉㄜ˙ ㄩˊ ㄍㄨㄛˇ ㄊㄤˊ ㄎㄞ ㄏㄨㄞˊ ㄉㄚˋ ㄒㄧㄠˋ
009567,ㄓㄡ ㄓㄨㄤ ㄔㄨㄢˊ ㄈㄨ ㄉㄜ˙ ㄕㄥ ㄧˋ ㄐㄧˊ ㄐㄧㄚ ㄇㄟˇ ㄍㄜˋ ㄖㄣˊ ㄉㄡ ㄏㄣˋ ㄅㄨˋ ㄉㄜˊ ㄐㄧㄠˊ ㄧㄝˇ ㄋㄥˊ ㄏㄨㄚˊ ㄐㄧㄤˇ ㄏㄠˋ ㄉㄨㄛ ㄌㄚ ㄒㄧㄝ ㄕㄥ ㄧˋ
009568,ㄊㄚ ㄏㄜˊ ㄧˋ ㄅㄤ ㄕㄨㄛ ㄏㄨㄚˋ ㄉㄨ ㄉㄨㄛ ㄋㄤ ㄇㄤ ㄔㄥˊ ㄊㄧㄢ ㄊㄧㄠˋ ㄨˇ ㄉㄜ˙ ㄖㄣˊ ㄕㄥ ㄏㄨㄛˊ ㄗㄞˋ ㄧˋ ㄑㄧˇ
009569,ㄑㄩˋ ㄕㄣ ㄓㄣˋ ㄉㄚˇ ㄍㄨㄥ ㄓ ㄑㄧㄢˊ ㄉㄧˋ ㄉㄧ˙ ㄇㄟˋ ㄇㄟ˙ ㄐㄧㄡˋ ㄖㄤ ㄖㄤ˙ ㄓㄜ˙ ㄧㄤˋ ㄇㄞˇ ㄅㄨ˙ ㄉㄧㄢˋ ㄋㄠˇ
009570,ㄊㄚ ㄉㄜ˙ ㄉㄠˋ ㄌㄞˊ ㄕˋ ㄧˊ ㄐㄧㄢˋ ㄏㄠˇ ㄕˋ ㄨㄛˊ ㄏㄣˇ ㄏㄨㄢ ㄧㄥˊ ㄊㄚ ㄅㄨˋ ㄍㄨㄢˇ ㄕˋ ㄉㄞˋ ㄅㄧㄠˇ ㄍㄜˋ ㄖㄣˊ ㄏㄞˊ ㄕˋ ㄉㄞˋ ㄅㄧㄠˇ ㄐㄩ ㄌㄨㄛˋ ㄅㄨˋ
009571,ㄒㄧㄠˊ ㄋㄩˇ ㄏㄞˊ ㄊㄧㄥˇ ㄍㄨㄞ ㄉㄜ˙ ㄇㄟˊ ㄧㄡˇ ㄎㄨ ㄋㄠˋ
009572,ㄧㄡˇ ㄕㄣˊ ㄇㄜ˙ ㄒㄧㄣ ㄕˋ ㄇㄚ˙ ㄎㄜˊ ㄧˇ ㄏㄜˊ ㄨㄛˇ ㄈㄣ ㄒㄧㄤˇ ㄧˊ ㄒㄧㄚˋ ㄧㄚ˙
009573,ㄐㄩ ㄇㄧㄣˊ ㄕㄨㄛ ㄓㄜˋ ㄒㄧㄝ ㄌㄧㄡˊ ㄌㄤˋ ㄦˊ ㄙˋ ㄏㄨ ㄊㄨ ㄖㄢˊ ㄒㄧㄠ ㄕ ㄌㄜ˙ ㄅㄨˋ ㄓ ㄑㄧㄢˊ ㄨㄤˇ ㄏㄜˊ ㄔㄨˋ
009574,ㄅㄥ ㄧˊ ㄒㄧㄚˋ ㄏㄜˊ ㄊㄠ˙ ㄨㄢˊ ㄏㄠˇ ㄉㄜ˙ ㄗㄞˋ ㄉㄧˋ ㄕㄤˋ ㄉㄚˊ ㄍㄨㄣˇ ㄙㄨˋ ㄕㄣ˙ ㄇㄣˊ ㄑㄩㄜˋ ㄉㄧㄠˋ ㄌㄜ˙ ㄒㄧㄚˋ ㄌㄞˊ
009575,ㄇㄧㄢˋ ㄉㄨㄟˋ ㄧˊ ㄒㄧˋ ㄌㄧㄝˋ ㄉㄜ˙ ㄉㄚˇ ㄐㄧ ㄊㄧㄢˊ ㄓㄥˋ ㄧㄤˊ ㄇㄟˊ ㄧㄡˇ ㄑㄧˋ ㄇㄟˇ ㄈㄢˇ ㄦˊ ㄍㄥˋ ㄐㄧㄚ ㄐㄧㄢ ㄑㄧㄤˊ
009576,ㄓㄜˋ ㄍㄜˋ ㄎㄢˋ ㄙˋ ㄆㄧㄣˊ ㄉㄢˋ ㄉㄜ˙ ㄒㄧㄠ ㄒㄧ˙ ㄕˇ ㄗㄜˊ ㄧㄣˋ ㄧˋ ㄓㄨㄥˋ ㄉㄚˋ
009577,ㄙㄨㄛˊ ㄌㄧˇ ㄉㄜ˙ ㄖㄣˊ ㄗˋ ㄅㄟ ㄨˇ ㄍㄨㄥ ㄅㄨˋ ㄐㄧˊ ㄈㄛˊ ㄕㄢ ㄈㄟ ㄏㄨㄥˊ ㄅㄤ ㄉㄚˋ ㄅㄨˋ ㄌㄧㄠˇ ㄍㄨㄢ ㄐㄧˇ ㄊㄧㄢ ㄐㄧㄡˋ ㄈㄤˋ ㄌㄜ˙ ㄔㄨ ㄑㄩˋ
009578,ㄓˊ ㄉㄠˋ ㄗㄨㄛˊ ㄊㄧㄢ ㄓㄨㄥ ㄍㄨㄛˊ ㄉㄨㄟˋ ㄧˇ ㄐㄧㄥ ㄧˊ ㄐㄧㄡˇ ㄎㄨㄞˋ ㄐㄧㄣ ㄆㄞˊ ㄖㄨˋ ㄓㄤˋ ㄗㄢˋ ㄐㄩ ㄠ ㄧㄣ ㄏㄨㄟˋ ㄐㄧㄣ ㄆㄞˊ ㄅㄤˇ ㄉㄜ˙ ㄅㄤˊ ㄕㄡˇ
009579,ㄑㄧㄢˊ ㄐㄧˇ ㄋㄧㄢˊ ㄏㄨㄛˇ ㄔㄜ ㄊㄧˊ ㄙㄨˋ ㄉㄢˋ ㄋㄚˋ ㄌㄧˇ ㄉㄜ˙ ㄏㄞˊ ㄗ˙ ㄑㄩㄜˋ ㄅㄨˋ ㄋㄥˊ ㄊㄧˊ ㄙㄨˋ
009580,ㄦˊ ㄘˇ ㄘˋ ㄘㄢ ㄐㄧㄚ ㄖㄣˊ ㄕㄨˋ ㄓㄨㄥˋ ㄉㄨㄛ ㄧㄝˇ ㄖㄤˋ ㄇㄞˋ ㄒㄧㄤˋ ㄉㄧㄥˊ ㄉㄧㄢˇ ㄉㄜ˙ ㄋㄢˊ ㄉㄨˋ ㄗㄥ ㄐㄧㄚ
009581,ㄊㄢ ㄇㄡˊ ㄓㄨㄢˇ ㄕㄣ ㄏㄜˊ ㄏㄜˊ ㄇㄡˇ ㄉㄨㄟˋ ㄉㄚˇ ㄅㄧㄥˋ ㄕˋ ㄊㄨˊ ㄑㄧㄤˇ ㄍㄨㄛˋ ㄏㄜˊ ㄇㄡˇ ㄉㄜ˙ ㄔㄥˋ ㄊㄨㄛˇ
009582,ㄨㄟˋ ㄕㄣˊ ㄇㄜ˙ ㄧˊ ㄒㄧㄤˋ ㄍㄟˇ ㄖㄣˊ ㄑㄧㄣˊ ㄐㄧㄢˇ ㄧㄣˋ ㄒㄧㄤˋ ㄉㄜ˙ ㄉㄜˊ ㄍㄨㄛˊ ㄖㄣˊ ㄅㄧㄢˋ ㄉㄜ˙ ㄅㄨˊ ㄏㄨㄟˋ ㄍㄨㄛˋ ㄖˋ ㄗ˙ ㄌㄜ˙
009583,ㄊㄚ ㄓㄜˋ ㄍㄜ˙ ㄐㄧㄡˋ ㄕˋ ㄌㄠˊ ㄅㄞˇ ㄒㄧㄥˋ ㄕㄨㄛ ㄉㄜ˙ ㄅㄧㄝˇ ㄩˋ ㄇㄧˇ ㄐㄧㄡˋ ㄕˋ ㄑㄩˋ ㄌㄜ˙ ㄆㄧˊ ㄌㄧˇ ㄊㄠ ㄇㄟˊ ㄧㄡˇ ㄌㄧㄤˊ ㄕˋ ㄌㄜ˙
009584,ㄇㄧㄢˋ ㄉㄨㄟˋ ㄐㄧㄠˇ ㄏㄨㄚˊ ㄉㄜ˙ ㄒㄧㄢˊ ㄧˋ ㄖㄣˊ ㄇㄧㄣˊ ㄐㄧㄥ ㄅㄞˇ ㄔㄨ ㄓㄨㄥˊ ㄓㄨㄥˇ ㄓㄥˋ ㄐㄩˋ ㄧ ㄧ ㄈㄢˇ ㄅㄛˊ
009585,ㄊㄨˊ ㄨㄟˊ ㄕㄡˇ ㄍㄤ ㄓˊ ㄍㄨㄥ ㄗㄨㄛˊ ㄖˋ ㄗㄞˋ ㄌㄧㄠˋ ㄔㄤˊ ㄐㄧㄣˇ ㄓㄤ ㄉㄜ˙ ㄑㄧㄤˇ ㄒㄧㄝˋ ㄉㄨㄥˋ ㄇㄟˊ
009586,ㄦˋ ㄕ ㄌㄧㄡˋ ㄋㄧㄢˊ ㄑㄧㄢˊ ㄨㄤˊ ㄒㄧㄣˋ ㄔㄣˊ ㄉㄤ ㄅㄧㄥ ㄌㄞˊ ㄉㄠˋ ㄌㄜ˙ ㄋㄢˊ ㄏㄞˇ ㄐㄧㄢˋ ㄉㄨㄟˋ ㄇㄡˇ ㄕㄨㄟˊ ㄐㄧㄥˇ ㄑㄩ
009587,ㄧˋ ㄒㄧㄝ ㄉㄠˋ ㄙㄞˋ ㄏㄢˇ ㄅㄚˋ ㄉㄜ˙ ㄧㄡˊ ㄎㄜˋ ㄑㄨㄢˊ ㄈㄨˋ ㄨˇ ㄓㄨㄤ ㄒㄧㄤˇ ㄕㄡˋ ㄊㄧㄢ ㄏㄢˊ ㄉㄧˋ ㄉㄨㄥˋ ㄉㄜ˙ ㄌㄧㄥˋ ㄌㄟˋ ㄎㄨㄞˋ ㄌㄜˋ
009588,ㄒㄧㄣ ㄍㄨㄟ ㄕˊ ㄕ ㄉㄧˋ ㄦˋ ㄊㄧㄢ ㄨㄛˊ ㄕㄥˇ ㄧˋ ㄒㄧㄝˋ ㄉㄧˋ ㄈㄤ ㄉㄜ˙ ㄇㄟˇ ㄎㄨㄤˋ ㄓˊ ㄒㄧㄥ ㄑㄧㄥˊ ㄎㄨㄤˋ ㄉㄠˋ ㄉㄧˇ ㄖㄨˊ ㄏㄜˊ
009589,ㄗㄨㄛˋ ㄨㄟˊ ㄘㄨㄥˊ ㄧㄝˋ ㄖㄣˊ ㄩㄢˊ ㄨㄛˊ ㄧˇ ㄐㄧㄥ ㄙㄤˋ ㄕ ㄌㄜ˙ ㄎㄢˋ ㄉㄧㄢˋ ㄕˋ ㄐㄩˋ ㄉㄜ˙ ㄌㄜˋ ㄑㄩˋ
009590,ㄓㄜˋ ㄘˋ ㄅㄨˇ ㄎㄜˋ ㄧㄝˇ ㄧˊ ㄧㄤˋ ㄇㄟˊ ㄖㄣˊ ㄧㄠˋ ㄊㄧㄥ ㄊㄚ ㄉㄜ˙ ㄎㄜˋ
009591,ㄉㄢˋ ㄍㄠ ㄋㄥˊ ㄑㄨㄢˊ ㄉㄜ˙ ㄎㄡ ㄕˋ ㄩㄢˇ ㄐㄧㄣˋ ㄔㄨ ㄌㄜ˙ ㄇㄧㄥˊ ㄉㄜ˙
009592,ㄌㄧㄤˇ ㄍㄜˋ ㄉㄡˋ ㄕˋ ㄉㄚˋ ㄇㄟˊ ㄇㄩˇ ㄏㄠˇ ㄋㄢˊ ㄒㄨㄢˇ ㄗㄜˊ ㄧㄚ˙
009593,ㄗㄞˋ ㄒㄩㄜˊ ㄒㄧˊ ㄗㄣˇ ㄧㄤˋ ㄖㄤˋ ㄗˋ ㄐㄧˇ ㄅㄧㄢˋ ㄉㄜ˙ ㄍㄥˋ ㄘㄨㄥ ㄇㄧㄥ˙
009594,ㄎㄜˇ ㄕˋ ㄒㄧㄢ ㄐㄧ˙ ㄓㄥˋ ㄈㄨˇ ㄐㄧㄥ ㄓㄥ ㄘㄚˊ ㄆㄢˋ ㄕˋ ㄕㄨㄟˊ
009595,ㄨㄛˊ ㄧㄡˇ ㄧˋ ㄎㄜ ㄖㄜˋ ㄞˋ ㄕㄥ ㄏㄨㄛˊ ㄉㄜ˙ ㄒㄧㄣ ㄓㄜˋ ㄅㄧˇ ㄕㄣˊ ㄇㄜ˙ ㄉㄡ ㄓㄨㄥˋ ㄧㄠˋ
009596,ㄅㄧㄥ ㄉㄠˇ ㄍㄥˋ ㄕˋ ㄓㄡˋ ㄧㄝˋ ㄋㄢˊ ㄅㄧㄢˋ ㄈㄤˇ ㄈㄨˊ ㄐㄧㄣˋ ㄖㄨˋ ㄏㄜˊ ㄉㄨㄥ ㄊㄧㄢ
009597,ㄉㄚˋ ㄉㄠˋ ㄌㄧˇ ㄇㄧㄢˋ ㄅㄨˋ ㄩㄣˊ ㄒㄩˊ ㄒㄧㄠˇ ㄉㄜ˙ ㄆㄨˋ ㄨㄟˋ
009598,ㄒㄩㄜˊ ㄒㄧㄠˋ ㄉㄜ˙ ㄗㄡˇ ㄉㄨˊ ㄕㄥ ㄗㄞˋ ㄈㄤˋ ㄒㄩㄜˊ ㄏㄡˋ ㄕˋ ㄅㄨˋ ㄩㄣˊ ㄒㄩˇ ㄗㄞˋ ㄒㄩㄜˊ ㄒㄧㄠˋ ㄉㄡˋ ㄌㄧㄡˊ ㄉㄜ˙
009599,ㄓㄤ ㄍㄨㄛˊ ㄌㄧˋ ㄩˇ ㄌㄨㄛˊ ㄓˋ ㄒㄧㄤˊ ㄓㄤ ㄕㄠˊ ㄏㄢˊ
009600,ㄌㄠˇ ㄍㄡ ㄖㄣˊ ㄨㄣˊ ㄏㄨㄚˋ ㄍㄨㄥ ㄐㄧˊ ㄧˇ ㄋㄢˊ ㄆㄧㄢˋ ㄑㄩ ㄉㄜ˙ ㄉㄧˋ ㄞˇ ㄐㄧㄢˋ ㄓㄨˋ ㄐㄧㄤ ㄑㄨㄢˊ ㄅㄨˋ ㄔㄞ ㄔㄨˊ
009601,ㄗㄞˋ ㄗㄨㄟˋ ㄌㄥˇ ㄉㄜ˙ ㄐㄧˇ ㄊㄧㄢ ㄓㄢˋ ㄕˋ ㄌㄨˋ ㄙㄨˋ ㄏㄨˋ ㄨㄞˋ ㄊㄥˊ ㄔㄨ ㄓㄤˋ ㄆㄥˇ ㄢ ㄓˋ ㄑㄩㄋˊ ㄓㄨㄥˋ
009602,ㄧㄣ ㄌㄧˋ ㄐㄩㄋ ㄕㄨㄛ ㄑㄧˊ ㄐㄧㄥˊ ㄏㄞˇ ㄉㄜ˙ ㄈㄨˋ ㄇㄨˇ ㄉㄡ ㄕㄨˋ ㄋㄨㄥˊ ㄇㄧㄣˊ ㄉㄧˋ ㄒㄩㄥˋ ㄨˇ ㄍㄜ˙ ㄆㄞˊ ㄏㄤˊ ㄌㄠˇ ㄉㄚˋ
009603,ㄏㄨㄛˊ ㄏㄣˇ ㄉㄚˋ ㄎㄢˋ ㄅㄨˋ ㄒㄧㄥ ㄧㄢ ㄧㄝˊ ㄏㄣˇ ㄉㄚˋ
009604,ㄙㄢ ㄙㄨㄟˋ ㄋㄚˋ ㄋㄧㄢˊ ㄏㄜˊ ㄏㄣˇ ㄉㄨㄛ ㄒㄧㄠˇ ㄆㄥˊ ㄧㄡ˙ ㄧˊ ㄧㄤˋ ㄒㄧㄠˇ ㄑㄧˊ ㄒㄧˇ ㄏㄨㄢ˙ ㄕㄤˋ ㄌㄜ˙ ㄧㄠˇ ㄕㄡˊ ㄓˇ
009605,ㄍㄠˊ ㄏㄠˇ ㄉㄚˋ ㄒㄩㄜˊ ㄕㄥ ㄑㄧㄣˇ ㄕˋ ㄍㄨㄢ ㄒㄧ˙ ㄗˋ ㄖㄢˊ ㄧㄝˇ ㄧˋ ㄩˋ ㄓㄨㄥˋ ㄉㄚˋ
009606,ㄅㄢˋ ㄋㄧㄢˊ ㄗㄡˇ ㄧˋ ㄓㄨㄢˇ ㄕˊ ㄔㄨㄢˊ ㄐㄧㄡˊ ㄉㄚˇ ㄌㄢˋ
009607,ㄈㄡˇ ㄗㄜˊ ㄕ ㄑㄩˋ ㄩㄥ ㄉㄨㄣˇ ㄉㄜ˙ ㄆㄧㄥˊ ㄍㄨㄛˇ ㄐㄧㄤ ㄏㄨㄟˋ ㄙˇ ㄉㄜ˙ ㄏㄣˊ ㄘㄢˇ
009608,ㄇㄧㄣˊ ㄐㄧㄥˇ ㄧㄡˋ ㄕㄥ ㄧˊ ㄐㄧˋ ㄑㄧㄝ ㄉㄨㄢˋ ㄓㄜˋ ㄇㄧㄥˊ ㄌㄠˇ ㄕˋ ㄐㄧㄚ ㄉㄜ˙ ㄉㄧㄢˋ ㄩㄢˊ
009609,ㄘˇ ㄘˋ ㄙㄨㄟ ㄖㄢˊ ㄗ ㄐㄧㄣ ㄅㄨˋ ㄉㄨㄛ ㄉㄢˋ ㄉㄨㄟˋ ㄩˊ ㄗㄞˋ ㄐㄧㄢˋ ㄒㄧㄤˋ ㄇㄨˋ ㄖㄥˊ ㄖㄢˊ ㄏㄣˇ ㄐㄧㄝˊ ㄎㄜˇ
009610,ㄊㄚ ㄧㄝˇ ㄩㄥˋ ㄗˋ ㄐㄧˇ ㄉㄜ˙ ㄞˋ ㄒㄧㄣ ㄉㄧㄢˇ ㄓㄨㄟˋ ㄌㄜ˙ ㄗˋ ㄐㄧˇ ㄉㄜ˙ ㄕㄥ ㄇㄧㄥˋ
009611,ㄏㄨㄛˋ ㄔㄜ ㄉㄜ˙ ㄨㄟˇ ㄅㄨˋ ㄧˇ ㄐㄧㄥ ㄠ ㄒㄧㄢˋ ㄅㄧㄢˋ ㄒㄧㄥˊ
009612,ㄔㄨˇ ㄈㄚˊ ㄎㄢˋ ㄑㄧㄥˊ ㄇㄧㄢˋ ㄉㄚˊ ㄉㄧㄢˊ ㄧㄡˇ ㄕㄣˊ ㄍㄨㄥ
009613,ㄅㄨˊ ㄍㄨㄛˋ ㄔㄨˇ ㄐㄧㄠ ㄗㄨㄛ ㄈㄤ˙ ㄅㄧㄥˋ ㄨㄟˋ ㄘㄨㄥˊ ㄘˇ ㄗㄞˋ ㄕㄢ ㄉㄨㄥ ㄐㄩㄜˊ ㄐㄧˋ
009614,ㄉㄧˋ ㄙㄢ ㄉㄧㄢˇ ㄕˋ ㄩㄣˋ ㄧㄥˊ ㄔㄨ ㄑㄧ ㄓㄜˋ ㄌㄧˇ ㄊㄡˊ ㄒㄩㄜˊ ㄨㄣˋ ㄐㄧㄡˋ ㄅㄧˇ ㄐㄧㄠˋ ㄉㄚˋ ㄏㄣˊ ㄧㄡˇ ㄒㄨㄢˊ ㄐㄧ
009615,ㄨㄛˇ ㄉㄜ˙ ㄕㄨˋ ㄒㄩㄜ ㄌㄠˇ ㄕ ㄏㄞˊ ㄇㄟˊ ㄐㄧㄠ ㄍㄨㄛˋ ㄨㄛˇ
009616,ㄐㄧㄚˋ ㄍㄟˇ ㄓㄜˋ ㄇㄜ˙ ㄍㄜ˙ ㄖㄣˊ ㄨㄛˇ ㄓㄜˋ ㄅㄟˋ ㄗ˙ ㄧㄝˇ ㄙㄨㄢˋ ㄇㄟˊ ㄓˇ ㄨㄤˋ ㄌㄜ˙
009617,ㄑㄧˊ ㄓㄨㄥ ㄅㄠ ㄎㄨㄛˋ ㄌㄠˇ ㄆㄞˊ ㄖㄨˊ ㄆㄧㄣ ㄑㄧˇ ㄧㄝˋ ㄏㄤˊ ㄓㄡ ㄇㄟˇ ㄌㄧˋ ㄐㄧㄢˋ ㄖㄨˇ ㄧㄝˋ ㄧㄡˇ ㄒㄧㄢˋ ㄍㄨㄥ ㄙ
009618,ㄐㄧㄠ ㄒㄧㄢ ㄕㄥ˙ ㄕㄨㄛ ㄑㄧㄢˊ ㄊㄧㄢ ㄊㄚ ㄏㄜˊ ㄑㄧ ㄗˇ ㄔㄣˊ ㄋㄩˇ ㄕˋ ㄒㄧㄤ ㄩㄝ ㄆㄚ ㄕㄢ ㄕㄤˊ ㄐㄧㄥˇ
009619,ㄒㄧㄠˇ ㄋㄧㄥˋ ㄇㄟˊ ㄧㄡˇ ㄉㄨㄛ ㄒㄧㄤˇ ㄐㄧㄡˋ ㄕㄤˋ ㄌㄜ˙ ㄔㄜ
009620,ㄗˋ ㄧㄡˋ ㄕˊ ㄐㄧˋ ㄕˋ ㄑㄧˇ ㄉㄚˋ ㄖㄣˊ ㄇㄣ˙ ㄧˋ ㄕㄨㄛ ㄑㄧˇ ㄊㄚ ㄉㄡ ㄉㄨㄛˊ ㄉㄨㄛˇ ㄕㄢˊ ㄕㄢˇ ㄏㄨㄟˋ ㄇㄛˋ ㄖㄨˊ ㄕㄣ
009621,ㄧˇ ㄒㄧㄚˋ ㄕˋ ㄐㄧˋ ㄓㄜˊ ㄩˇ ㄏㄜˊ ㄔㄠ ㄩㄣˊ ㄉㄜ˙ ㄈㄤˇ ㄨㄣˋ
009622,ㄨㄛˇ ㄏㄞˊ ㄇㄟˊ ㄎㄞ ㄈㄚ ㄔㄨ ㄓㄜˋ ㄍㄜ˙ ㄍㄨㄥ ㄋㄥˊ ㄧㄢˇ
009623,ㄐㄧˊ ㄕˇ ㄊㄚ ㄈㄢˋ ㄌㄜ˙ ㄘㄨㄛˋ ㄈㄨˋ ㄇㄨˇ ㄑㄧㄣ ㄧㄝˇ ㄅㄨˊ ㄏㄨㄟˋ ㄐㄧㄠˋ ㄒㄩㄋˋ ㄊㄚ
009624,ㄐㄧㄢ ㄎㄨㄥˋ ㄆㄞˋ ㄕㄜˋ ㄉㄠˋ ㄍㄞ ㄋㄢˊ ㄗˊ ㄗㄡˇ ㄌㄨˋ ㄕˊ ㄧㄡˇ ㄒㄧㄝ ㄅㄛˊ ㄐㄧㄠˇ ㄔㄤˊ ㄈㄚˋ ㄆㄧㄢ ㄕㄡˋ
009625,ㄏㄨˋ ㄐㄧˊ ㄧˋ ㄐㄧㄡˋ ㄎㄨㄣˊ ㄅㄤˇ ㄌㄜ˙ ㄏㄨˋ ㄐㄧ ㄖㄢˊ ㄎㄡˇ ㄉㄜ˙ ㄊㄜˋ ㄒㄩˇ ㄑㄨㄢˊ
009626,ㄇㄟˊ ㄧㄡˇ ㄖㄣˊ ㄈㄚ ㄌㄠˊ ㄙㄠ˙ ㄦˊ ㄕˋ ㄇㄠˇ ㄗㄨˊ ㄐㄧㄣˋ ㄓㄨㄛˊ ㄕㄡˇ ㄓㄥˊ ㄍㄞˇ
009627,ㄓㄜˋ ㄕˋ ㄧˊ ㄍㄜˋ ㄕㄥ ㄧˋ ㄤˋ ㄖㄢˊ ㄉㄜ˙ ㄔㄨㄣ ㄖˋ ㄕㄥ ㄇㄧㄥˋ ㄉㄜ˙ ㄑㄧˊ ㄐㄧˋ ㄅㄨˊ ㄉㄨㄢˋ ㄅㄟˋ ㄔㄨㄤˋ ㄗㄠˋ
009628,ㄔㄨㄥˊ ㄕㄥˋ ㄙˋ ㄙㄢ ㄊㄚˇ ㄨㄛˇ ㄑㄧㄤˊ ㄌㄧˋ ㄊㄨㄟ ㄐㄧㄢˋ
009629,ㄨㄛˇ ㄉㄜ˙ ㄐㄧˋ ㄧˋ ㄓˊ ㄧㄡˇ ㄑㄧ ㄇㄧㄠˇ ㄆㄧㄢˋ ㄋㄧˇ ㄉㄚ˙
009630,ㄇㄧㄣˊ ㄐㄧㄥˊ ㄐㄧㄝˇ ㄎㄞ ㄕㄥˊ ㄗ˙ ㄐㄧㄡˋ ㄌㄜ˙ ㄋㄢˊ ㄏㄞˊ
009631,ㄅㄨˊ ㄌㄧㄤˋ ㄓㄜˋ ㄧˋ ㄐㄩˋ ㄏㄨㄚˋ ㄖㄜˊ ㄋㄠˇ ㄌㄜ˙ ㄌㄧˇ ㄠˊ
009632,ㄏㄨㄤˊ ㄔㄤˊ ㄩㄥˊ ㄍㄟˇ ㄔㄨ ㄌㄜ˙ ㄗˋ ㄐㄧˇ ㄉㄜ˙ ㄉㄚˊ ㄢˋ
009633,ㄊㄚ ㄗㄞˋ ㄆㄚ ㄒㄧㄚˋ ㄓ ㄏㄡˋ ㄐㄧㄡˋ ㄇㄟˊ ㄒㄧㄥˇ ㄌㄚ˙
009634,ㄑㄧˊ ㄕˊ ㄧㄡˋ ㄧㄡˇ ㄕㄨㄟˊ ㄏㄨㄟˋ ㄨˊ ㄩㄢˊ ㄨˊ ㄍㄨˋ ㄉㄜ˙ ㄓㄠˇ ㄊㄚ ㄉㄜ˙ ㄇㄚˇ ㄈㄢ ㄋㄜ˙
009635,ㄓㄨㄥ ㄨˇ ㄕˊ ㄈㄣ ㄐㄩㄋ ㄉㄡ ㄕㄢ ㄏㄨㄚˊ ㄒㄩㄜˊ ㄔㄤˇ
009636,ㄙㄨㄟˊ ㄏㄡˋ ㄧㄡˋ ㄩˇ ㄧˋ ㄑㄧㄢˊ ㄌㄞˊ ㄗㄨˇ ㄌㄢˊ ㄉㄜ˙ ㄘㄨㄣ ㄇㄧㄣˊ ㄋㄧㄡˊ ㄉㄚˊ ㄑㄧˇ ㄌㄞˊ
009637,ㄧㄤˊ ㄍㄨㄤ ㄓˋ ㄒㄧㄚˋ ㄎㄨㄞˋ ㄆㄠˊ ㄓㄜˇ ㄨㄟˋ ㄅㄧˇ ㄒㄧㄢ ㄉㄚˊ ㄌㄧˋ ㄓㄢˋ ㄓㄜ˙ ㄨㄟˋ ㄅㄧˋ ㄋㄥˊ ㄕㄥˋ
009638,ㄖㄨˊ ㄍㄨㄛˇ ㄕˋ ㄓㄨㄢ ㄐㄧㄚ ㄉㄡ ㄖㄟˊ ㄨㄤˇ ㄆㄧㄥˊ ㄍㄨ ㄅㄠˋ ㄍㄠˋ ㄕㄤˋ ㄑㄧㄢ ㄗˋ
009639,ㄊㄚˊ ㄏㄨㄚˊ ㄑㄧˇ ㄑㄧㄢˊ ㄌㄞˊ ㄉㄚˋ ㄕㄡˇ ㄉㄚˋ ㄐㄧㄠˇ ㄇㄟˇ ㄒㄧㄣ ㄧˋ ㄔㄤˊ ㄌㄥˇ ㄎㄨˋ
009640,ㄊㄚ ㄊㄡˋ ㄌㄨˋ ㄐㄩˇ ㄅㄠˋ ㄖㄣˊ ㄨㄟˋ ㄒㄧㄤˋ ㄊㄚ ㄙㄨㄛˊ ㄑㄩˇ ㄖㄣˋ ㄏㄜˊ ㄅㄠˋ ㄔㄡˇ
009641,ㄉㄢˋ ㄧㄡˇ ㄩˊ ㄇㄧㄣˊ ㄖㄣˋ ㄨㄟˊ ㄐㄧㄣˋ ㄑㄧ ㄕㄨㄟˇ ㄏㄨˊ ㄌㄜ˙ ㄉㄜ˙ ㄧㄥˊ ㄒㄧㄤˇ ㄧˇ ㄅㄨˊ ㄉㄚˋ
009642,ㄐㄧㄣ ㄗㄠˇ ㄈㄚ ㄒㄧㄢˋ ㄗˋ ㄐㄧˇ ㄅㄟˋ ㄌㄚ ㄏㄟ ㄌㄜ˙
009643,ㄑㄧˊ ㄏㄨㄛˊ ㄉㄧㄢˇ ㄨㄟˋ ㄩˊ ㄏㄜˊ ㄅㄧㄢ
009644,ㄋㄨˊ ㄦˊ ㄅㄧˇ ㄧㄝ ㄉㄜ˙ ㄇㄨˇ ㄑㄧㄣ ㄕˋ ㄧˊ ㄨㄟˋ ㄐㄧㄠˋ ㄕ
009645,ㄎㄨㄞˋ ㄖㄣˊ ㄎㄨㄞˋ ㄩˇ ㄕˋ ㄌㄧˊ ㄩㄥˇ ㄅㄛ ㄉㄜ˙ ㄍㄜˋ ㄒㄧㄥˋ
009646,ㄐㄧㄝˊ ㄍㄨㄛˇ ㄩㄝˋ ㄕˋ ㄓㄜˋ ㄧㄤˋ ㄉㄜˊ ㄗㄨㄟˋ ㄖㄣˊ ㄩㄝˋ ㄉㄨㄛ
009647,ㄓㄜˋ ㄕˋ ㄨㄛˇ ㄧㄥ ㄍㄞ ㄗㄨㄛˋ ㄉㄜ˙ ㄅㄨˊ ㄩㄥˋ ㄎㄜˋ ㄑㄧˋ
009648,ㄎㄜˋ ㄊㄤˇ ㄕㄤˋ ㄊㄧㄥ ㄅㄨˋ ㄉㄨㄥˇ ㄒㄧㄚˋ ㄎㄜˇ ㄐㄧㄡˋ ㄒㄧㄤˋ ㄍㄜ ㄍㄜ˙ ㄐㄧㄝˇ ㄐㄧㄝ˙ ㄨㄣˋ
009649,ㄨㄛˇ ㄅㄚˋ ㄏㄞˊ ㄑㄩˋ ㄌㄠˇ ㄌㄠ˙ ㄐㄧㄚˋ ㄋㄠˋ
009650,ㄨㄛˇ ㄇㄣ˙ ㄐㄧㄡˋ ㄎㄜˊ ㄧˇ ㄖㄨㄥˊ ㄖㄣˇ ㄖㄨˊ ㄘˊ ㄘㄢˇ ㄅㄨˋ ㄖㄣˊ ㄉㄨˇ ㄉㄜ˙ ㄐㄩˊ ㄇㄧㄢˋ
009651,ㄈㄨˋ ㄍㄨㄟˋ ㄓㄡ ㄐㄩㄋ ㄎㄨㄢˇ ㄕㄞˋ ㄉㄧㄠˋ ㄌㄧㄤˇ ㄘㄥˊ ㄆㄧˊ
009652,ㄌㄧㄥˋ ㄨㄞˋ ㄧㄠ ㄌㄧㄥˊ ㄅㄚ ㄍㄨㄛˊ ㄉㄠˋ ㄧㄤˊ ㄒㄧㄢˋ ㄉㄨㄢˋ ㄧㄝˇ ㄔㄨ ㄒㄧㄢˋ ㄌㄜ˙ ㄌㄟˋ ㄙˋ ㄉㄜ˙ ㄑㄧㄥˊ ㄎㄨㄤˋ
009653,ㄌㄧㄡˊ ㄒㄧㄢ ㄕㄥ˙ ㄍㄢ ㄍㄚˋ ㄉㄜ˙ ㄒㄧㄤˋ ㄌㄜ˙ ㄒㄧㄠˋ ㄐㄧㄤ ㄧㄢ ㄕㄨㄥ ㄌㄜ˙ ㄏㄨㄟˊ ㄑㄩˋ
009654,ㄧˇ ㄐㄩㄋ ㄧㄡˋ ㄎㄞ ㄆㄧˋ ㄌㄜ˙ ㄌㄧˊ ㄅㄚ ㄇㄣˋ ㄓㄢˋ ㄔㄤˇ
009655,ㄐㄩˋ ㄌㄜ˙ ㄎㄨㄟ ㄎㄨㄥ ㄏㄡˋ ㄐㄧㄤˇ ㄍㄨㄥ ㄎㄞ ㄑㄧㄢˊ ㄊㄠˊ
009656,ㄌㄧㄡˋ ㄍㄨㄟˋ ㄋㄢˊ ㄏㄞˊ ㄨㄢˊ ㄉㄠˋ ㄒㄧㄥˋ ㄑㄧˇ ㄕㄨㄛ ㄑㄧˇ ㄌㄜ˙ ㄏㄨㄤˊ ㄙㄜˋ ㄒㄧㄠˋ ㄏㄨㄚˋ
009657,ㄒㄧㄢˋ ㄗㄞˋ ㄏㄞˊ ㄍㄢˇ ㄐㄩㄜˊ ㄊㄡˊ ㄩㄣ ㄕㄡˇ ㄅㄧˋ ㄊㄥˊ
009658,ㄊㄚ ㄇㄣ˙ ㄅㄣˊ ㄒㄧㄠˇ ㄌㄧˋ ㄨㄟ ㄗㄨㄟˋ ㄋㄢˊ ㄐㄧㄥ ㄕㄡˋ ㄕˋ ㄔㄤˇ ㄉㄜ˙ ㄓㄣˋ ㄉㄤˋ
009659,ㄗㄞˋ ㄌㄧˋ ㄕㄢ ㄌㄨˋ ㄧˋ ㄐㄧㄚ ㄔㄠ ㄕˋ ㄧˊ ㄨㄟˋ ㄒㄧㄠ ㄈㄟˋ ㄓㄜˇ ㄓㄥˋ ㄗˇ ㄒㄧˋ ㄍㄨㄢ ㄒㄧㄤˊ ㄔㄥˊ ㄈㄣˋ ㄅㄧㄠˇ
009660,ㄨㄛˇ ㄋㄥˊ ㄏㄣˇ ㄒㄧㄣ ㄉㄚˇ ㄉㄨㄢˋ ㄋㄧˇ ㄅㄛ˙
009661,ㄋㄧˊ ㄉㄧㄢˇ ㄋㄧˊ ㄉㄧㄢˇ ㄋㄧˊ ㄉㄧㄢˇ ㄦˋ ㄏㄨㄣˋ ㄗ˙
009662,ㄅㄟˋ ㄕㄠ ㄔㄥˊ ㄎㄨㄥ ㄐㄧㄚˋ ㄉㄜ˙ ㄉㄧㄢˋ ㄆㄨˋ ㄓㄠ ㄆㄞˊ ㄧˇ ㄎㄢˋ ㄅㄨˊ ㄐㄧㄢˋ ㄌㄜ˙
009663,ㄌㄠˇ ㄈㄨˋ ㄑㄧㄣ˙ ㄇㄟˇ ㄋㄧㄢˊ ㄉㄡ ㄧㄠˋ ㄉㄧˋ ㄕㄥ ㄒㄧㄚˋ ㄑㄧˋ ㄉㄜ˙ ㄑㄩˋ ㄘㄨㄟ ㄎㄨㄢˇ ㄎㄜˊ ㄗㄨㄥˇ ㄕˋ ㄆㄥˋ ㄅㄧˋ
009664,ㄅㄞˊ ㄆㄤˋ ㄍㄠ ㄅㄞˊ ㄦˊ ㄌㄧㄤˋ ㄉㄜ˙ ㄌㄧㄢˇ ㄉㄞˋ ㄊㄧ˙ ㄌㄜ˙ ㄉㄥ ㄉㄜ˙ ㄍㄨㄥ ㄋㄥ˙
009665,ㄋㄧˇ ㄇㄣ˙ ㄉㄠˋ ㄓㄦˋ ㄅㄨˊ ㄕˋ ㄕㄨㄟˋ ㄐㄧㄠˋ ㄌㄞˊ ㄉㄜ˙
009666,ㄅㄥˋ ㄈㄤˊ ㄒㄧㄚˋ ㄅㄨˋ ㄓㄨˊ ㄊㄧˇ ㄐㄧㄝˊ ㄍㄡˋ ㄧˇ ㄨㄢˊ ㄔㄥˊ
009667,ㄓㄜˋ ㄗㄨㄛˋ ㄊㄨˇ ㄑㄧㄡ ㄧˇ ㄐㄧㄤ ㄅㄟˋ ㄓㄚˋ ㄔㄨ ㄧˊ ㄍㄜˋ ㄕㄣ ㄕㄣ ㄉㄜ˙ ㄏㄨㄛ ㄎㄡˇ
009668,ㄨˊ ㄧˊ ㄊㄤˊ ㄐㄩㄋˋ ㄉㄜ˙ ㄕㄨㄞ ㄕㄡ ㄗㄡˇ ㄖㄣˊ ㄉㄨㄟˊ ㄌㄧㄢˊ ㄧㄡˊ ㄨㄤˇ ㄌㄨㄛˋ ㄌㄞˊ ㄕㄨㄛ ㄕ ㄒㄩㄜˇ ㄕㄤˋ ㄐㄧㄚ ㄕㄨㄤ
009669,ㄨㄤˇ ㄇㄧㄣˊ ㄇㄣ˙ ㄕˋ ㄈㄡˊ ㄆㄨˇ ㄅㄧㄢˋ ㄕㄡˋ ㄉㄠˋ ㄍㄨㄛˋ ㄌㄧㄡˊ ㄇㄤˊ ㄖㄨㄢˇ ㄐㄧㄢˋ ㄉㄜ˙ ㄙㄠ ㄖㄠˇ ㄋㄜ˙
009670,ㄕㄠ ㄨㄟ ㄏㄨㄟˋ ㄧˋ ㄉㄧㄢˇ ㄉㄢˋ ㄨㄛˇ ㄏㄨㄟˋ ㄉㄜ˙ ㄅㄨˋ ㄉㄨㄛ
009671,ㄕㄣˊ ㄇㄜ˙ ㄩㄝˋ ㄑㄧˋ ㄧㄚ˙
009672,ㄅㄧㄥˋ ㄑㄧㄢˇ ㄆㄠ ㄕㄡˋ ㄆㄨˇ ㄅㄧㄢˋ ㄗㄞˊ ㄦˋ ㄙㄢ ㄊㄠˋ
009673,ㄨㄛˇ ㄋㄚˊ ㄉㄠ ㄐㄧㄡˋ ㄎㄞˇ ㄌㄜ˙ ㄓㄠˋ ㄗㄨㄛˋ ㄏㄞˊ ㄧˇ ㄉㄠ
009674,ㄅㄨˋ ㄍㄨㄢˇ ㄒㄧㄚˋ ㄈㄤ ㄩˋ ㄅㄟˋ ㄉㄨㄟˋ ㄉㄜ˙ ㄕˋ ㄕㄣˊ ㄇㄜ˙ ㄖㄣˊ ㄉㄡ ㄎㄜˊ ㄧˇ ㄏㄨㄟˊ ㄉㄠˋ ㄉㄨㄟˋ ㄨˇ ㄓㄨㄥ ㄌㄞˊ
009675,ㄓㄜˋ ㄑㄧˊ ㄓㄨㄥ ㄧˇ ㄡ ㄇㄥˊ ㄉㄜ˙ ㄍㄨㄢ ㄑㄧㄚˇ ㄗㄨㄟˋ ㄨㄟˊ ㄍㄨㄢ ㄐㄧㄢˋ ㄏㄜˊ ㄐㄧㄢ ㄋㄢˊ
009676,ㄆㄧˋ ㄖㄨˊ ㄕㄨㄛ ㄇㄟˊ ㄍㄨㄟ ㄗㄨㄥˇ ㄕˋ ㄓㄤˇ ㄅㄨˋ ㄏㄠˇ
009677,ㄍㄟˇ ㄋㄩˊ ㄧㄡˇ ㄍㄜ˙ ㄐㄧㄥ ㄒㄧˇ ㄉㄞˋ ㄋㄩˊ ㄧㄡˇ ㄑㄩˋ ㄈㄨˋ ㄐㄧㄣ ㄉㄜ˙ ㄉㄧˋ ㄈㄤ ㄨㄢˊ
009678,ㄓㄜˋ ㄕˋ ㄌㄧㄤˇ ㄌㄧㄤˋ ㄇㄧㄢˋ ㄅㄠ ㄔㄜ ㄉㄡ ㄊㄧㄝ ㄓㄜ˙ ㄏㄨㄢˊ ㄨㄟˋ ㄐㄧㄢ ㄔㄚˊ ㄗˋ ㄧㄤˋ ㄔㄜ ㄉㄧㄥˇ ㄢ ㄓㄨㄤ ㄓㄜ˙ ㄌㄚˇ ㄅㄚ˙
009679,ㄢ ㄇㄚˇ ㄒㄧㄢˋ ㄗㄞˋ ㄨㄛˇ ㄉㄡ ㄅㄨˊ ㄌㄧㄤˋ ㄌㄜ˙ ㄌㄧㄢˋ ㄅㄨˋ ㄔㄨ ㄌㄞˊ ㄏㄜ ㄏㄜ
009680,ㄗㄞˋ ㄋㄧˇ ㄊㄡˊ ㄗ ㄓ ㄑㄧㄢˊ ㄒㄧ ㄨㄤˋ ㄋㄧˇ ㄋㄥˊ ㄨㄢˊ ㄨㄢ˙ ㄨㄛˇ ㄇㄣ˙ ㄉㄜ˙ ㄧㄡˊ ㄒㄧˋ
009681,ㄓㄜˋ ㄇㄜ˙ ㄉㄨㄛ ㄒㄧㄠˋ ㄏㄨㄚˋ ㄧˋ ㄊㄧㄢ ㄐㄧㄤˇ ㄅㄨˋ ㄨㄢˊ ㄧㄚ˙
009682,ㄨㄛˇ ㄕ ㄌㄧㄢˋ ㄌㄜ˙ ㄨㄛˇ ㄌㄢˊ ㄕㄡˋ ㄚ˙ ㄨㄛˇ ㄒㄧㄤ ㄍㄨ
009683,ㄕㄣˊ ㄇㄜ˙ ㄉㄡ ㄅㄨˊ ㄩㄥˋ ㄋㄧˇ ㄍㄢˋ ㄐㄧㄡˋ ㄓㄟˋ ㄧㄤˋ ㄉㄧㄝˊ ㄨㄛˇ ㄍㄨㄟˋ ㄉㄠˋ ㄊㄧㄢ ㄌㄧㄤˋ
009684,ㄊㄚ ㄒㄧㄤˇ ㄎㄤˊ ㄓㄜ˙ ㄑㄩㄜˋ ㄧˇ ㄌㄧˋ ㄅㄨˋ ㄘㄨㄥˊ ㄒㄧㄣ
009685,ㄉㄤ ㄕˊ ㄒㄧㄣ ㄌㄧˇ ㄓˊ ㄒㄧㄤˇ ㄕㄠˊ ㄖㄜ˙ ㄇㄚˊ ㄈㄢ˙
009686,ㄉㄧˋ ㄦˋ ㄋㄧㄢˊ ㄕㄥ ㄌㄜ˙ ㄍㄜ˙ ㄉㄚˋ ㄆㄤˋ ㄒㄧㄠˇ ㄗ˙
009687,ㄊㄚˊ ㄇㄣ˙ ㄋㄥˊ ㄗㄞˋ ㄐㄧㄤ ㄕㄨㄟˇ ㄏㄜˊ ㄏㄞˊ ㄕㄨㄟˇ ㄓㄨㄥ ㄕㄥ ㄘㄨㄣˊ ㄅㄧㄥˋ ㄑㄧㄝˇ ㄔㄨㄥˊ ㄕㄨˊ ㄏㄡˋ ㄏㄨㄟˊ ㄧㄡˇ ㄉㄠˋ ㄔㄢˊ ㄌㄤˇ ㄉㄧˋ ㄔㄢˊ ㄌㄨㄢˇ
009688,ㄏㄞˇ ㄉㄥ ㄉㄨㄟˋ ㄗㄡ ㄐㄧㄚ ㄏㄨㄚˊ ㄉㄜ˙ ㄌㄞˊ ㄈㄤˇ ㄅㄧㄠˇ ㄕˋ ㄏㄨㄢ ㄧㄥˊ
009689,ㄓㄜˋ ㄧㄝˇ ㄕˋ ㄗㄨㄛˋ ㄨㄟˊ ㄨㄤˇ ㄌㄨㄛˋ ㄒㄧㄝˊ ㄕㄡˇ ㄗㄨㄟˋ ㄊㄨㄥˋ ㄎㄨˇ ㄉㄜ˙ ㄕˋ
009690,ㄇㄨˋ ㄑㄧㄢˊ ㄑㄨㄢˊ ㄍㄨㄛˊ ㄋㄞˇ ㄧㄝˋ ㄓㄥˊ ㄊㄧˇ ㄉㄧ ㄇㄧˊ ㄓㄨˇ ㄧㄠˋ ㄕˋ ㄒㄧㄠ ㄈㄟˋ ㄓㄜˇ ㄉㄜ˙ ㄖㄨˊ ㄆㄧㄣˇ ㄓˋ ㄌㄧㄤˋ ㄒㄧㄣˋ ㄒㄧㄣ ㄅㄨˋ ㄗㄨˊ
009691,ㄉㄢ ㄒㄧㄣ ㄓㄤ ㄇㄡˇ ㄅㄠˋ ㄐㄧㄥˇ ㄌㄧㄤˇ ㄖㄣˊ ㄩㄥˋ ㄓㄣˇ ㄐㄧㄣ ㄨˇ ㄓㄨˋ ㄌㄜ˙ ㄓㄤ ㄇㄡˇ ㄉㄜ˙ ㄗㄨㄟˇ ㄓˊ ㄓˋ ㄊㄚ ㄅㄨˊ ㄗㄞˋ ㄉㄨㄥˋ ㄊㄢ˙
009692,ㄖˋ ㄅㄣˇ ㄉㄜ˙ ㄧㄣˋ ㄕˊ ㄙ ㄒㄧㄤˇ ㄧㄣˇ ㄕ ㄨㄣˊ ㄏㄨㄚˋ ㄕˊ ㄨˋ ㄆㄥ ㄖㄣˋ ㄙㄨㄛˇ ㄕㄡˋ ㄉㄠˋ ㄉㄜ˙ ㄗㄨㄟˋ ㄉㄚˋ ㄧㄥˊ ㄒㄧㄤˇ ㄕˋ ㄓㄨㄥ ㄍㄨㄛˊ
009693,ㄓㄜˋ ㄒㄧㄝˊ ㄨㄞˋ ㄅㄧㄠˇ ㄍㄨㄤ ㄒㄧㄢ ㄉㄜ˙ ㄖㄣˊ ㄗㄨㄛˋ ㄔㄨ ㄌㄜ˙ ㄨㄛˋ ㄔㄨㄛˋ ㄤ ㄗㄨㄤ ㄉㄜ˙ ㄔㄡˇ ㄕˋ ㄐㄧˋ ㄓㄨˋ ㄊㄚ ㄇㄣ˙ ㄉㄜ˙ ㄇㄧㄥˊ ㄗ˙
009694,ㄊㄚ ㄘㄥˊ ㄒㄧㄤˇ ㄍㄨㄛˋ ㄈㄤˋ ㄑㄧˋ ㄐㄧㄣˊ ㄍㄨㄢˇ ㄖㄨˊ ㄐㄧㄣ ㄊㄚ ㄧˇ ㄕˋ ㄧㄢˊ ㄏㄞˊ ㄇㄡˇ ㄕˋ ㄉㄜ˙ ㄑㄧㄥ ㄕㄤˋ ㄋㄧㄢˊ ㄙㄢˊ ㄉㄚˇ ㄍㄨㄢˋ ㄐㄩㄋ
009695,ㄒㄧˊ ㄘˋ ㄉㄜ˙ ㄅㄤˋ ㄅㄤ˙ ㄕˋ ㄨㄟˊ ㄖㄣˊ ㄏㄨㄛˊ ㄌㄨㄛ˙ ㄍㄨㄢ ㄒㄧ˙ ㄉㄨㄛ ㄧㄝˋ ㄨˋ ㄉㄡ ㄕˋ ㄕㄨˊ ㄖㄣˊ ㄐㄧㄝˋ ㄕㄠˋ ㄉㄜ˙
009696,ㄐㄧˋ ㄓㄜˇ ㄈㄚ ㄒㄧㄢˋ ㄇㄧㄥˊ ㄋㄧㄢˊ ㄈㄤˋ ㄐㄧㄚˊ ㄆㄞˊ ㄗㄞˋ ㄗㄨㄥˊ ㄊㄧˇ ㄕㄤˋ ㄅㄨˊ ㄏㄨㄟˋ ㄔㄨ ㄒㄧㄢˋ ㄗㄨㄟˋ ㄓㄜ ㄊㄥ˙ ㄔㄤˊ ㄐㄧㄚˋ
009697,ㄔㄨㄤ ㄨㄞˋ ㄨㄢˇ ㄈㄥ ㄔㄨㄟ ㄈㄨˊ ㄕㄨˋ ㄧㄝˋ ㄧㄡˇ ㄌㄜ˙ ㄏㄨㄛˊ ㄌㄧˋ ㄏㄨㄚ ㄌㄚ ㄌㄚ ㄉㄜ˙ ㄒㄧㄤˇ ㄒㄧㄤˋ ㄗㄞˋ ㄙㄨˋ ㄕㄨㄛ ㄓㄜ˙ ㄕㄣˊ ㄇㄜ˙
009698,ㄇㄧㄣˊ ㄐㄧㄥˇ ㄧˊ ㄌㄨˋ ㄘㄨㄥˊ ㄩㄥˇ ㄒㄧㄥ ㄒㄧㄢˋ ㄉㄠˋ ㄔㄣ ㄓㄡ ㄕˋ ㄑㄩ ㄉㄧˋ ㄉㄨㄢˋ ㄐㄧˇ ㄕˊ ㄍㄨㄥ ㄌㄧˇ ㄆㄞˊ ㄔㄚˊ ㄙㄨㄛˊ ㄧㄡˇ ㄧˊ ㄩㄢˋ
009699,ㄊㄤˊ ㄏㄨㄥˊ ㄐㄧㄢˋ ㄒㄧˇ ㄏㄨㄢ˙ ㄩㄥˋ ㄉㄠˋ ㄇㄨˋ ㄑㄩ ㄓㄜˊ ㄌㄞˊ ㄇㄧㄠˊ ㄕㄨˋ ㄓㄨㄥ ㄍㄨㄛˊ ㄏㄜˊ ㄉㄧㄢˋ ㄍㄨㄥ ㄧㄝˋ ㄉㄜ˙ ㄈㄚ ㄓㄢˇ ㄌㄧˋ ㄔㄥˊ
009700,ㄒㄩㄥˊ ㄨㄟˇ ㄉㄜ˙ ㄖㄣˊ ㄇㄧㄣˊ ㄉㄚˋ ㄏㄨㄟˋ ㄊㄤˊ ㄒㄧˋ ㄈㄣ ㄌㄨㄥˊ ㄓㄨㄥˋ ㄖㄜˋ ㄌㄧㄝˋ ㄨㄢˋ ㄖㄣˊ ㄉㄚˋ ㄌㄧˇ ㄊㄤˊ ㄌㄧˇ ㄉㄥ ㄍㄨㄤ ㄘㄨㄟˇ ㄘㄢˋ
009701,ㄗㄞˋ ㄘˋ ㄐㄧㄠ ㄧˋ ㄕˊ ㄐㄧㄝˋ ㄕㄠˋ ㄖㄣˊ ㄐㄧㄢˋ ㄇㄡˇ ㄏㄜˊ ㄊㄚ ㄉㄜ˙ ㄆㄥˊ ㄧㄡ˙ ㄧㄤˊ ㄇㄡˇ ㄉㄚˊ ㄑㄧˇ ㄌㄜ˙ ㄑㄧˊ ㄊㄚ ㄙㄨㄢˋ ㄆㄢ˙
009702,ㄐㄧ ㄈㄣ ㄧˇ ㄈㄢ ㄨㄟˋ ㄉㄢ ㄨㄟˋ ㄇㄟˇ ㄘˋ ㄐㄧㄣˋ ㄖㄨˋ ㄓㄤˋ ㄏㄨˋ ㄕˊ ㄢˋ ㄘˋ ㄕㄜˊ ㄨˇ ㄓㄨˋ ㄍㄨㄟ ㄗㄜˊ ㄑㄩˊ ㄓㄥˇ ㄐㄧˋ ㄙㄨㄢˋ
009703,ㄓㄜˋ ㄕˊ ㄌㄡˊ ㄈㄤˊ ㄏㄨㄤˋ ㄉㄜ˙ ㄍㄥˋ ㄐㄧㄚ ㄌㄧˋ ㄏㄞ˙ ㄅㄛ ㄌㄧˇ ㄔㄨㄤ ㄏㄨㄚ ㄏㄨㄚ ㄉㄜ˙ ㄗㄚˊ ㄌㄨㄛˋ ㄒㄧㄚˋ ㄌㄞˊ
009704,ㄆㄢ ㄕˊ ㄧˋ ㄔㄨ ㄌㄜ˙ ㄧˊ ㄍㄜˋ ㄐㄧㄚˋ ㄑㄧㄢ˙ ㄨㄛˇ ㄇㄣ˙ ㄗㄨㄥ ㄏㄜˊ ㄎㄠˇ ㄌㄩˋ ㄎㄜˊ ㄧˇ ㄐㄧㄡˋ ㄇㄞˋ ㄌㄡ˙
009705,ㄉㄧˋ ㄅㄚ ㄌㄧˋ ㄑㄩㄜˋ ㄓㄣˇ ㄅㄧㄥˋ ㄌㄧˋ ㄨㄟˊ ㄧ ㄑㄧ ㄙㄨㄟˋ ㄋㄩˇ ㄊㄨㄥˊ ㄐㄧㄚ ㄉㄜ˙ ㄉㄚˋ ㄐㄧˊ ㄏㄨㄚˊ ㄖㄣˊ
009706,ㄑㄧㄠˊ ㄉㄜ˙ ㄌㄧㄥˋ ㄧˋ ㄉㄨㄢ ㄨㄟˋ ㄈㄤˊ ㄓˇ ㄖㄣˊ ㄕㄤˋ ㄑㄧㄠˊ ㄊㄜˋ ㄧˋ ㄑㄧˋ ㄑㄧㄣˊ ㄌㄜ˙ ㄧˋ ㄉㄨˊ ㄞˇ ㄑㄧㄤˊ
009707,ㄖㄢˊ ㄏㄡˋ ㄧㄡˇ ㄩㄢˊ ㄍㄨㄛˋ ㄌㄞˊ ㄋㄚˊ ㄓㄜˋ ㄍㄜ ㄇㄣ˙ ㄉㄜ˙ ㄏㄨㄚˋ ㄊㄨㄥˇ ㄧㄠˋ ㄅㄚˇ ㄊㄞ ㄑㄧㄥˇ ㄔㄨ ㄑㄩˋ
009708,ㄨㄛˇ ㄌㄧㄥˊ ㄉㄠˇ ㄌㄜ˙ ㄊㄚ ㄨˇ ㄕ˙ ㄑㄧ ㄋㄧㄢˊ ㄧㄝˇ ㄅㄨˋ ㄎㄜˇ ㄅㄧˋ ㄇㄧㄢˇ ㄉㄜ˙ ㄈㄢˋ ㄌㄜ˙ ㄧˋ ㄒㄧㄝ ㄘㄨㄛˋ
009709,ㄊㄧㄠˊ ㄌㄧˋ ㄉㄨㄟˋ ㄨ ㄖㄢˇ ㄩㄢˊ ㄆㄨˇ ㄔㄚˊ ㄉㄜ˙ ㄗㄨˇ ㄓ ㄕˊ ㄕ ㄗㄨㄛˋ ㄌㄜ˙ ㄋㄚˇ ㄒㄧㄝ ㄍㄨㄟ ㄉㄧㄥˋ
009710,ㄌㄠˇ ㄅㄟˋ ㄇㄟˇ ㄘˋ ㄌㄧㄤˋ ㄒㄧㄤˋ ㄑㄧㄢˊ ㄉㄡ ㄧㄠˋ ㄒㄧˋ ㄒㄧㄣ ㄉㄜ˙ ㄊㄨˊ ㄓ ㄇㄛˊ ㄈㄣˇ ㄧˋ ㄈㄢ ㄋㄜ˙
009711,ㄑㄩˋ ㄋㄧㄢˊ ㄏㄜˊ ㄌㄢˊ ㄨˇ ㄑㄧˋ ㄉㄜ˙ ㄗㄨㄟˋ ㄉㄚˋ ㄇㄞˇ ㄐㄧㄚ ㄕˋ ㄉㄢ ㄇㄞˋ ㄇㄟˇ ㄍㄨㄛˊ ㄏㄜˊ ㄢ ㄇㄢˋ
009712,ㄗㄚˊ ㄐㄧㄠ ㄕㄨㄟˇ ㄉㄠˋ ㄧㄥˋ ㄩㄥˋ ㄗㄜˊ ㄕˋ ㄊㄧˊ ㄍㄠ ㄕㄨㄟˇ ㄉㄠˋ ㄔㄢˇ ㄌㄧㄤˋ ㄉㄜ˙ ㄗㄨㄟˋ ㄐㄧㄚ ㄒㄨㄢˇ ㄗㄜˊ
009713,ㄌㄧㄥˊ ㄕˊ ㄕˊ ㄐㄧㄡˇ ㄈㄣ ㄒㄩˇ ㄏㄞˇ ㄒㄩㄋˊ ㄙㄢ ㄧㄠ ㄦˋ ㄨˇ ㄑㄧ ㄏㄠˋ ㄉㄧˇ ㄅㄚˊ ㄕˋ ㄈㄚ ㄕㄨㄟˇ ㄩˋ
009714,ㄆㄠˇ ㄔㄜ ㄔㄜ ㄕㄣ ㄧㄝˊ ㄓㄥˇ ㄍㄜ˙ ㄠ ㄒㄧㄢˋ ㄒㄧㄚˋ ㄑㄩˋ ㄔㄜ ㄊㄡˊ ㄏㄜˊ ㄔㄜ ㄕㄣ ㄅㄨˋ ㄨㄟˋ ㄨㄢˊ ㄏㄠˇ
009715,ㄐㄧㄣ ㄊㄧㄢ ㄅㄣˇ ㄅㄠˋ ㄐㄧㄤ ㄨㄟˋ ㄋㄧㄣˊ ㄈㄥˋ ㄒㄧㄢˋ ㄗㄨㄟˋ ㄒㄧㄤˊ ㄒㄧˋ ㄉㄜ˙ ㄓㄨㄥ ㄓㄨㄢˇ ㄐㄧㄝ ㄒㄩˋ ㄈㄤ ㄢˋ
009716,ㄧˋ ㄕㄨˋ ㄉㄤ ㄉㄧˋ ㄙㄥ ㄌㄩˇ ㄓㄥˋ ㄗㄞˋ ㄐㄧ ㄐㄧˊ ㄐㄧㄡˋ ㄩㄢˊ ㄅㄟˋ ㄎㄨㄣˋ ㄈㄟˋ ㄒㄩ ㄉㄜ˙ ㄇㄧㄣˊ ㄓㄨㄥˋ
009717,ㄆㄥˊ ㄓㄨㄥˋ ㄒㄧㄣ ㄉㄞˋ ㄉㄜ˙ ㄐㄧˇ ㄍㄜ˙ ㄖㄣˊ ㄧㄡˊ ㄩˊ ㄍㄨㄚˇ ㄅㄛ˙ ㄉㄧˊ ㄓㄨㄥˋ ㄗㄜˊ ㄙˋ ㄔㄨˋ ㄊㄠˊ ㄇㄧㄥˋ
009718,ㄐㄧㄣ ㄊㄧㄢ ㄉㄜ˙ ㄐㄧㄡˇ ㄑㄨㄢˊ ㄨㄟˋ ㄒㄧㄥ ㄈㄚ ㄕㄣˋ ㄖㄨㄥ ㄒㄧㄣ ㄑㄧㄡ ㄍㄨㄤ ㄑㄧˋ ㄕㄨㄤˇ ㄧㄤˊ ㄍㄨㄤ ㄘㄢˋ ㄌㄢˋ
009719,ㄨㄤˊ ㄑㄧˊ ㄍㄨ ㄕㄣ ㄧˋ ㄖㄣˊ ㄨˊ ㄦˊ ㄨˊ ㄋㄩˇ ㄎㄠˋ ㄓㄥˋ ㄈㄨˊ ㄅㄨˇ ㄓㄨˋ ㄏㄜˊ ㄕˊ ㄏㄨㄤ ㄉㄨˋ ㄖˋ
009720,ㄐㄧˋ ㄓㄜˇ ㄇㄣ˙ ㄧˋ ㄅㄢ ㄉㄡ ㄕˋ ㄗㄞˋ ㄉㄚˊ ㄨㄣˋ ㄏㄨㄢˊ ㄐㄧㄝˊ ㄘㄞˊ ㄊㄨ ㄖㄢˊ ㄐㄧㄥ ㄕㄣ˙ ㄉㄡˊ ㄙㄡˇ
009721,ㄉㄨㄛ ㄇㄧˇ ㄋㄧˇ ㄐㄧㄚ ㄖㄣˊ ㄏㄣˊ ㄒㄧㄤˋ ㄌㄧㄠˊ ㄐㄧㄝˇ ㄓㄨㄥ ㄍㄨㄛˊ ㄘㄞˋ ㄏㄜˊ ㄉㄧㄢˇ ㄒㄧㄣ ㄗㄣˇ ㄇㄜ˙ ㄗㄨㄛˋ
009722,ㄊㄨˇ ㄉㄧˋ ㄧㄡˇ ㄇㄟˊ ㄧㄡˇ ㄈㄨˋ ㄎㄣˊ ㄏㄠˇ ㄏㄜˊ ㄅㄨˊ ㄏㄜˊ ㄍㄜˊ ㄑㄨㄢˊ ㄎㄠˋ ㄧㄢˋ ㄕㄡ ㄌㄞˊ ㄅㄚˇ ㄍㄨㄢ
009723,ㄐㄧㄝˊ ㄕㄨㄛˋ ㄊㄞˋ ㄍㄨㄛˊ ㄧㄡˊ ㄏㄡˋ ㄓㄡ ㄐㄧㄢˊ ㄌㄨㄣˊ ㄌㄡˇ ㄓㄜ˙ ㄇㄚ ㄇㄚ˙ ㄅㄨˋ ㄔㄨ ㄊㄠˊ ㄩㄢˊ ㄐㄧ ㄔㄤˇ
009724,ㄧˋ ㄇㄧㄥˊ ㄋㄩˇ ㄕˋ ㄎㄨ ㄏㄠˊ ㄓㄜ˙ ㄅㄟˋ ㄒㄧㄠˇ ㄩㄝˋ ㄉㄥˇ ㄖㄣˊ ㄔㄢ ㄈㄨˋ ㄓㄜˋ ㄌㄧˊ ㄎㄞ
009725,ㄏㄠˊ ㄨ ㄧˊ ㄨㄣˋ ㄎㄜˋ ㄇㄨˇ ㄊㄜˋ ㄕˋ ㄕˋ ㄐㄧㄝˋ ㄕㄤˋ ㄗㄨㄟˋ ㄕㄡˋ ㄏㄨㄢ ㄧㄥˊ ㄉㄜ˙ ㄉㄨㄥˋ ㄨ˙
009726,ㄕㄡˋ ㄒㄧㄤ ㄘㄨㄣ ㄇㄧㄣˊ ㄧˇ ㄙㄨㄥˋ ㄉㄠˋ ㄉㄤ ㄉㄧˋ ㄧ ㄩㄢˋ ㄐㄧㄝ ㄕㄡˋ ㄓˋ ㄌㄧㄠˊ
009727,ㄐㄧㄡ ㄐㄧㄥˋ ㄏㄠˇ ㄌㄞˊ ㄨ ㄏㄜˊ ㄉㄧˊ ㄙ ㄋㄧˇ ㄉㄜ˙ ㄇㄟˋ ㄌㄧˋ ㄏㄜˊ ㄗㄞˋ
009728,ㄏㄡˋ ㄉㄜˊ ㄓ ㄊㄚ ㄏㄨㄢˋ ㄧㄡˇ ㄧㄢˊ ㄓㄨㄥˋ ㄓˋ ㄔㄨㄤˋ ㄧㄥˊ ㄒㄧㄤˊ ㄗㄡˇ ㄌㄨˋ
009729,ㄧˋ ㄒㄧㄝ ㄓㄨˋ ㄨㄛ ㄆㄥˊ ㄉㄜ˙ ㄘㄨㄣ ㄇㄧㄣˊ ㄧㄣˋ ㄓㄥˋ ㄌㄜ˙ ㄓㄜˋ ㄧˇ ㄕㄨㄛ ㄈㄚˇ
009730,ㄨˇ ㄕˋ ㄒㄩㄥˊ ㄏㄡˋ ㄉㄜ˙ ㄘㄞˇ ㄌㄧˋ ㄓ ㄔˊ ㄑㄧˊ ㄔˊ ㄒㄩˋ ㄌㄧㄥˇ ㄒㄧㄢ
009731,ㄓㄜˋ ㄧㄤˋ ㄘㄞˊ ㄋㄥˊ ㄓㄨˋ ㄏㄠˇ ㄔㄠˊ ㄘㄞˊ ㄋㄜ˙ ㄧㄣˇ ㄌㄞˊ ㄏㄠˇ ㄈㄥˋ ㄎㄨㄤˇ
009732,ㄑㄧㄠˊ ㄅㄨˋ ㄙ ㄗㄞˋ ㄨˇ ㄕˊ ㄌㄧㄡˋ ㄙㄨㄟˋ ㄕˊ ㄧㄣ ㄧˊ ㄒㄧㄝˋ ㄞˊ ㄅㄧㄥˋ ㄕˋ
009733,ㄔㄨㄢ ㄕㄤˋ ㄒㄧˋ ㄓㄨㄤ ㄕˋ ㄋㄧㄢˇ ㄩㄢˊ ㄊㄨㄛ ㄒㄧㄚˋ ㄒㄧˋ ㄓㄨㄤ ㄕˋ ㄋㄨㄥˊ ㄇㄧㄣˊ
009734,ㄋㄧˇ ㄋㄧㄢˊ ㄈㄤ ㄕˊ ㄅㄚ ㄧˋ ㄓ ㄏㄨㄚ ㄋㄧㄢˊ ㄈㄤ ㄦˋ ㄅㄚ ㄏㄨㄟˋ ㄔㄥˊ ㄐㄧㄚ ㄋㄧㄢˊ ㄈㄤ ㄙㄢ ㄅㄚ ㄧㄡˇ ㄑㄧㄢˊ ㄏㄨㄚˊ ㄗㄣˇ ㄇㄧㄠˋ ㄧㄤˋ ㄓㄨㄣˇ ㄇㄚ˙
009735,ㄉㄢˋ ㄊㄚ ㄉㄜ˙ ㄌㄨㄢˇ ㄔㄠˊ ㄉㄥˇ ㄕㄥ ㄓ ㄑㄧˋ ㄍㄨㄢ ㄈㄚ ㄩˋ ㄓㄥˋ ㄔㄤˇ
009736,ㄆㄢ ㄅㄧㄥ ㄕˋ ㄧˊ ㄨㄟˋ ㄆㄛ ㄧㄡˇ ㄊㄜˋ ㄉㄧㄢˇ ㄏㄜˊ ㄍㄜˋ ㄒㄧㄥˋ ㄉㄜ˙ ㄒㄨㄢˊ ㄕㄡˇ
009737,ㄨㄛˇ ㄊㄧㄢ ㄊㄧㄢ ㄔㄠˇ ㄘㄞˋ ㄗㄨㄛˋ ㄈㄢˋ ㄍㄟˇ ㄊㄚ ㄨㄟˋ ㄉㄜ˙ ㄅㄠˊ ㄅㄠˇ ㄉㄜ˙
009738,ㄉㄨㄟˋ ㄧㄡˇ ㄇㄣˊ ㄈㄥ ㄈㄥ ㄍㄨㄤ ㄍㄨㄤ ㄉㄜ˙ ㄌㄨㄣˊ ㄈㄢ ㄔㄨ ㄑㄩˋ ㄅㄧˇ ㄙㄞˋ
009739,ㄙㄨㄣ ㄉㄚˇ ㄉㄧㄢˋ ㄏㄨㄚˋ ㄉㄧㄢˇ ㄨㄤˊ ㄌㄧㄣˊ ㄧㄠˋ ㄊㄚ ㄐㄧㄠˋ ㄒㄩㄋˋ ㄔㄣˊ ㄇㄡˇ ㄌㄧㄤˋ
009740,ㄅㄧˇ ㄖㄨˊ ㄉㄚˋ ㄓㄚˊ ㄒㄧㄝ ㄕㄤˋ ㄕˋ ㄌㄜ˙ ㄐㄧㄡˇ ㄈㄚ ㄆㄤˊ ㄒㄧㄢˋ ㄑㄨㄢˋ
009741,ㄅㄨˋ ㄖㄢˊ ㄐㄧㄡˋ ㄏㄨㄟˋ ㄗㄠˋ ㄔㄥˊ ㄐㄧˊ ㄉㄚˋ ㄉㄜ˙ ㄨˋ ㄔㄨㄢˊ ㄏㄜˊ ㄘㄞ ㄘㄜˋ
009742,ㄓㄜˋ ㄇㄜ˙ ㄐㄧˊ ㄑㄧㄝˋ ㄉㄜ˙ ㄏㄨ ㄏㄨㄢˋ ㄨㄛˇ ㄕˋ ㄅㄨˊ ㄕˋ ㄒㄧㄤˊ ㄨㄛˇ ㄌㄜ˙
009743,ㄋㄚˋ ㄏㄨㄟㄖˋ ㄒㄧㄣ ㄑㄧㄥˊ ㄧㄝˊ ㄏㄣˇ ㄩˋ ㄇㄣ˙ ㄒㄧㄥˋ ㄏㄠˇ ㄊㄚ ㄇㄣ˙ ㄌㄞˊ ㄌㄜ˙
009744,ㄨㄥ ㄇㄟˇ ㄌㄧㄥˊ ㄗˋ ㄕㄚ ㄉㄜ˙ ㄗㄨㄟˋ ㄓㄨˇ ㄧㄠˋ ㄩㄢˊ ㄧㄣ ㄕˋ ㄍㄨㄥ ㄗㄨㄛˋ ㄧㄚˊ ㄌㄧˇ
009745,ㄅㄨˊ ㄧㄠˋ ㄈㄣˋ ㄋㄨˋ ㄧㄝˇ ㄅㄨˊ ㄧㄠˋ ㄕˋ ㄊㄨˊ ㄍㄞˇ ㄅㄧㄢˋ ㄧㄡˊ ㄒㄧ ㄍㄨㄟ ㄗㄜˊ
009746,ㄦˊ ㄑㄧㄝˇ ㄊㄚ ㄎㄜˊ ㄧˇ ㄓㄥˋ ㄔㄤˊ ㄒㄧㄥˊ ㄗㄡˇ ㄐㄧㄡˋ ㄕˋ ㄧㄡˊ ㄉㄧㄢˊ ㄅㄛˇ ㄨㄛ˙
009747,ㄕㄜˊ ㄉㄜ˙ ㄑㄧˊ ㄊㄚ ㄅㄨˋ ㄈㄣˋ ㄕㄨㄛ ㄋㄧˇ ㄇㄟˊ ㄧㄡˊ ㄧㄢˇ ㄐㄧㄥ˙ ㄅㄧˊ ㄗ˙ ㄗㄣˇ ㄇㄜ˙ ㄋㄥˋ ㄓ ㄧ ㄨㄛˇ ㄇㄣ˙ ㄒㄧㄤˋ ㄑㄧㄢˊ ㄗㄡˇ
009748,ㄑㄧˊ ㄕˊ ㄨㄛˇ ㄅㄨˊ ㄕˋ ㄊㄜˋ ㄅㄧㄝˊ ㄒㄧˇ ㄏㄨㄢ˙ ㄓㄠˋ ㄒㄧㄤˋ ㄌㄠˊ ㄐㄧˋ ㄨㄛˇ ㄗㄞˋ ㄋㄧˇ ㄒㄧㄣ ㄌㄧˇ ㄉㄜ˙ ㄧㄤˋ ㄗ˙ ㄐㄧㄡˋ ㄏㄠˇ ㄌㄜ˙
009749,ㄊㄚ ㄕㄨㄛ ㄙㄨㄟ ㄖㄢˊ ㄊㄚ ㄉㄜ˙ ㄍㄡˇ ㄉㄨㄟˋ ㄖㄣˊ ㄏㄣˇ ㄧㄡˊ ㄏㄠˇ ㄉㄢˋ ㄇㄟˇ ㄘˋ ㄌㄧㄡˋ ㄍㄡˇ ㄉㄡ ㄩㄥˋ ㄕㄥˊ ㄗ˙ ㄕㄨㄢ ㄓㄜ˙
009750,ㄅㄧˇ ㄙㄞˋ ㄓㄨㄥ ㄐㄧ ㄏㄨ ㄇㄟˇ ㄧ ㄇㄧㄥˊ ㄒㄨㄢˊ ㄕㄡˇ ㄉㄡ ㄕˋ ㄘ ㄧㄚˊ ㄌㄧㄝˊ ㄗㄨㄟˇ ㄊㄨㄥˋ ㄎㄨˇ ㄅㄨˋ ㄎㄢ ㄉㄜ˙ ㄅㄧㄠˇ ㄑㄧㄥˊ
009751,ㄉㄨㄟˋ ㄩˊ ㄅㄧˇ ㄙㄞˋ ㄓㄨㄥ ㄉㄜ˙ ㄘㄨ ㄧㄝˊ ㄔㄤˇ ㄇㄧㄢˋ ㄅㄨˋ ㄌㄨㄣˊ ㄉㄢ ㄖㄣˋ ㄨㄟˊ ㄅㄧˇ ㄙㄞˋ ㄐㄧ ㄌㄧㄝˋ ㄎㄜˊ ㄧˇ ㄌㄧˊ ㄐㄧㄝˇ
009752,ㄇㄧㄠˊ ㄇㄧㄠˇ ㄑㄧㄤˇ ㄒㄧㄢ ㄉㄧㄢˇ ㄌㄜ˙ ㄍㄢ ㄍㄨㄛˇ ㄆㄢˊ ㄕㄨㄟˊ ㄍㄨㄛˋ ㄆㄢˊ ㄍㄜˋ ㄧˊ ㄍㄜˋ ㄆㄧˊ ㄐㄧㄡˇ ㄏㄨㄥˊ ㄐㄧㄡˇ ㄖㄨㄛˋ ㄍㄢ
009753,ㄍㄨㄛ ㄐㄧㄣ ㄌㄨㄥˊ ㄆㄧㄥˊ ㄐㄧㄚˋ ㄌㄨˊ ㄩㄥˇ ㄕˋ ㄧㄝˋ ㄒㄧㄣ ㄗㄜˊ ㄖㄣˋ ㄍㄢˇ ㄐㄧㄠˋ ㄑㄧㄤˊ ㄗㄨˇ ㄓ ㄒㄧㄝˊ ㄊㄧㄤ˙ ㄋㄥˊ ㄌㄧˋ ㄑㄧㄤˊ
009754,ㄓㄨㄥ ㄍㄨㄛˊ ㄓㄥˋ ㄈㄨˊ ㄏㄣˇ ㄓㄡ ㄑㄨㄢˊ ㄨˊ ㄎㄜˇ ㄊㄧㄠ ㄊㄧˋ
009755,ㄎㄜˊ ㄧˇ ㄑㄩˋ ㄐㄧㄡˋ ㄐㄧㄢˋ ㄉㄜ˙ ㄓㄨˊ ㄍㄨㄢˇ ㄕㄨㄟˋ ㄨˋ ㄐㄩˊ ㄕㄣ ㄅㄠˋ ㄖㄨˊ ㄍㄨㄛˊ ㄧㄡˇ ㄐㄧㄠ ㄧˋ ㄆㄧㄥˊ ㄓㄥˋ ㄎㄜˊ ㄧˇ ㄒㄧㄝˇ ㄉㄞˋ
009756,ㄊㄞˊ ㄨㄢ ㄙ ㄈㄚˇ ㄐㄧ ㄍㄡˋ ㄐㄧㄣˋ ㄌㄞˊ ㄔㄡˇ ㄨㄣˊ ㄅㄨˊ ㄉㄨㄢˋ
009757,ㄐㄩˋ ㄊㄧˇ ㄎㄞˋ ㄊㄧㄥˊ ㄕㄣˊ ㄌㄧˋ ㄕˊ ㄐㄧㄢ ㄉㄢ ㄌㄧㄥˊ ㄒㄧㄢˋ ㄈㄚˇ ㄩㄢˋ ㄗㄞˋ ㄊㄨㄥ ㄅㄠˋ ㄓㄨㄥ ㄨㄟˋ ㄊㄧˊ ㄐㄧˊ
009758,ㄊㄚ ㄇㄟˊ ㄌㄨㄣˊ ㄅㄧㄠˇ ㄕˋ ㄍㄢˇ ㄒㄧㄝˋ ㄅㄧㄥˋ ㄑㄧㄥˊ ㄓㄨㄢˇ ㄉㄚˊ ㄉㄨㄟˋ ㄨㄣ ㄐㄧㄚ ㄅㄠˇ ㄗㄨㄥˊ ㄌㄧˇ ㄉㄜ˙ ㄨㄣˋ ㄏㄡˋ
009759,ㄉㄢˋ ㄧㄥ ㄘㄞˇ ㄦˊ ㄏㄡˋ ㄌㄞˊ ㄈㄚ ㄒㄧㄢˋ ㄋㄚˋ ㄘˋ ㄈㄣ ㄇㄧㄥˊ ㄕˋ ㄊㄚ ㄧㄡˋ ㄨㄤˋ ㄌㄜ˙ ㄇㄞˊ ㄌㄧˇ ㄨˋ
009760,ㄕㄥˇ ㄨㄟ ㄕㄥ ㄊㄧㄥ ㄓㄨㄢ ㄐㄧㄚ ㄨㄟˋ ㄗㄞ ㄑㄩˋ ㄑㄨㄢˊ ㄓㄨㄥˋ ㄐㄧㄤˊ ㄐㄧㄝˇ ㄧˋ ㄈㄤˊ ㄐㄧˊ ㄅㄧㄥˋ ㄓ ㄕˋ
009761,ㄌㄞˊ ㄓㄥˋ ㄓㄡ ㄕˊ ㄐㄧˇ ㄋㄧㄢˊ ㄌㄧㄡˊ ㄎㄨㄟ ㄩㄢˊ ㄉㄡ ㄇㄟˊ ㄋㄥˊ ㄉㄞˋ ㄌㄠˇ ㄅㄢˋ ㄔㄨ ㄑㄩˋ ㄨㄢˊ ㄨㄢ˙
009762,ㄕㄤˋ ㄒㄩㄜˊ ㄉㄜ˙ ㄕˇ ㄏㄡˋ ㄨㄛˇ ㄐㄧㄡˋ ㄏㄣˇ ㄌㄧㄢˋ ㄐㄧㄚ ㄆㄧㄥˊ ㄕˊ ㄧㄝˇ ㄏㄨㄟˋ ㄒㄧㄝˊ ㄉㄧㄢㄖˇ ㄉㄨㄥ ㄒㄧ˙
009763,ㄌㄧㄤˊ ㄇㄡˇ ㄐㄧㄝˋ ㄓㄜˋ ㄐㄧㄡˇ ㄐㄧㄖˋ ㄅㄨˋ ㄊㄧㄥˊ ㄉㄜ˙ ㄗㄞˋ ㄑㄧˊ ㄈㄨˋ ㄨˇ ㄇㄧㄢˋ ㄑㄧㄢˊ ㄕㄨˇ ㄌㄨㄛˋ ㄨㄛˇ
009764,ㄩˇ ㄒㄧㄤˊ ㄌㄧㄢˊ ㄉㄡˋ ㄉㄜ˙ ㄩㄥˇ ㄑㄧˋ ㄧㄝˇ ㄇㄟˊ ㄧㄡˇ ㄓˊ ㄧㄡˇ ㄗㄞˋ ㄅㄟˋ ㄌㄧ˙ ㄌㄧˇ ㄇㄚ˙ ㄉㄜ˙ ㄅㄣˇ ㄕˋ
009765,ㄐㄧㄣˊ ㄌㄧˇ ㄏㄣˊ ㄏㄠˇ ㄨㄢˊ ㄎㄜˊ ㄧˊ ㄔˊ ㄉㄠˋ ㄍㄜˋ ㄓㄨㄥˇ ㄔㄥˊ ㄉㄨ ㄊㄜˋ ㄙㄜˋ ㄒㄧㄠˇ ㄔ ㄧㄚ˙
009766,ㄔㄨㄤˋ ㄗㄠˋ ㄍㄥˋ ㄉㄨㄛ ㄉㄜ˙ ㄕㄤ ㄧㄢˋ ㄌㄧˋ ㄖㄨㄣˋ
009767,ㄕㄤˋ ㄌㄜ˙ ㄌㄧˇ ㄧˋ ㄅㄚ ㄋㄧˇ ㄐㄧㄡˋ ㄉㄨㄥˇ ㄌㄜ˙
009768,ㄌㄧㄥˋ ㄨㄛˇ ㄓˋ ㄐㄧㄣ ㄋㄢˇ ㄇㄤˋ ㄉㄜ˙ ㄏㄞˊ ㄧㄡˇ ㄓㄡ ㄗㄨㄥˊ ㄌㄧˇ ㄋㄚˋ ㄕㄨㄤˊ ㄌㄤˇ ㄉㄜ˙ ㄒㄧㄠˋ ㄕㄥ
009769,ㄓㄜˋ ㄘˋ ㄓㄨˇ ㄩㄢˊ ㄅㄚˊ ㄨㄛˇ ㄋㄢˊ ㄉㄠˋ ㄌㄜ˙
009770,ㄨㄞˋ ㄅㄧㄠˇ ㄏㄢ ㄏㄡˋ ㄑㄩㄜˋ ㄍㄨㄥ ㄩˊ ㄒㄧㄣ ㄐㄧˋ
009771,ㄊㄚ ㄐㄧㄤ ㄅㄟˋ ㄎㄨㄥˋ ㄈㄟ ㄈㄚˊ ㄔㄨㄤˇ ㄖㄨˋ ㄧˇ ㄐㄧˊ ㄇㄧㄠˇ ㄕˋ ㄈㄚˇ ㄊㄧㄥˊ ㄌㄧㄤˇ ㄗㄨㄥ ㄗㄨㄟˋ
009772,ㄗㄨㄟˋ ㄏㄡˋ ㄕˊ ㄗㄚˋ ㄠˇ ㄅㄨˊ ㄍㄨㄛˋ ㄊㄚ ㄊㄧㄥˊ ㄊㄧㄥ˙ ㄏㄜˊ ㄏㄞˇ ㄗㄡˇ ㄐㄧㄣˋ ㄌㄜ˙ ㄅㄧㄣ ㄍㄨㄢˇ
009773,ㄔㄥˇ ㄨㄣˊ ㄇㄧㄥˊ ㄒㄧㄥ ㄗㄡˇ ㄅㄨˋ ㄌㄧㄠˇ ㄔㄤˊ ㄒㄧㄢˋ
009774,ㄓㄜˋ ㄈㄨˊ ㄏㄜˊ ㄍㄨㄤˇ ㄉㄚˋ ㄈㄚ ㄓㄢˇ ㄓㄨㄥ ㄍㄨㄛˊ ㄐㄧㄚ ㄉㄜ˙ ㄌㄧˋ ㄧˋ ㄧㄝˊ ㄧㄡˇ ㄌㄧˋ ㄩˊ ㄊㄨㄟ ㄐㄧㄣˋ ㄑㄧ ㄏㄡˋ ㄅㄧㄢˋ ㄏㄨㄚˋ ㄍㄨㄛˊ ㄐㄧˋ ㄏㄜˊ ㄗㄨㄛˋ
009775,ㄅㄨˊ ㄧㄤˋ ㄌㄤˋ ㄈㄟˋ ㄕˊ ㄐㄧㄢ ㄔㄜˇ ㄉㄢˋ ㄌㄚ˙
009776,ㄔㄣˊ ㄐㄧˋ ㄇㄧㄥˊ ㄖㄣˋ ㄨㄟˊ ㄉㄨㄟˋ ㄈㄤ ㄑㄧㄠˊ ㄅㄨˋ ㄑㄧˇ ㄊㄚ ㄌㄧㄤˇ ㄖㄣˊ ㄈㄚ ㄕㄥ ㄓㄨㄚ ㄔㄜˇ
009777,ㄐㄧˋ ㄓㄜˊ ㄕㄨˇ ㄌㄟˊ ㄧˊ ㄒㄧㄚˋ ㄅㄧㄠ ㄑㄧㄢ ㄕㄤˋ ㄉㄜ˙ ㄕㄨˋ ㄗ˙ ㄗㄨㄟˋ ㄍㄠ ㄨㄟˊ ㄌㄧㄡˋ ㄕˊ ㄧ
009778,ㄌㄤ ㄍㄜˋ ㄓㄜˋ ㄓㄨㄥˊ ㄩˇ ㄑㄧˊ ㄕㄨㄛ ㄏㄨㄚˋ ㄇㄚ˙
009779,ㄙ ㄉㄧˇ ㄒㄧㄚˋ ㄧㄝˇ ㄅㄨˋ ㄘㄥˊ ㄐㄧㄝˋ ㄇㄧㄢˋ ㄍㄨㄛˋ
009780,ㄓㄨˋ ㄗㄞˋ ㄒㄧㄤ ㄒㄧㄚˋ ㄉㄜ˙ ㄕㄤ ㄅㄨˋ ㄑㄧˇ ㄧㄚ˙
009781,ㄧˊ ㄍㄜ˙ ㄧㄡˇ ㄌㄥˊ ㄐㄧㄠˇ ㄉㄜ˙ ㄕㄨ ㄕㄥ ㄇㄨˊ ㄧㄤˋ
009782,ㄊㄧˊ ㄉㄠˋ ㄕㄤˇ ㄑㄧㄡ ㄅㄨˋ ㄧㄥ ㄍㄞ ㄓˇ ㄖㄤˋ ㄖㄣˊ ㄐㄧㄢˇ ㄉㄢ ㄉㄜ˙ ㄒㄧㄤˇ ㄉㄠˋ ㄏㄨㄥˊ ㄙㄜˋ
009783,ㄉㄧˋ ㄦˋ ㄓㄢˋ ㄕˋ ㄦˋ ㄩㄝˋ ㄉㄜ˙ ㄋㄨㄥˊ ㄒㄧㄣ ㄅㄣ
009784,ㄊㄨˊ ㄨㄟˊ ㄔㄣˊ ㄍㄨㄤ ㄅㄧㄠ ㄕㄡˊ ㄆㄥˇ ㄒㄧㄢˋ ㄐㄧㄣ
009785,ㄅㄧˊ ㄘˇ ㄅㄧˊ ㄘˇ ㄅㄢˋ ㄐㄧㄣ ㄉㄚ ㄌㄧㄤˇ
009786,ㄋㄧˇ ㄕˋ ㄈㄡˊ ㄧㄡˇ ㄒㄧㄥˋ ㄑㄩˋ ㄩˇ ㄊㄚ ㄉㄜ˙ ㄐㄩˋ ㄌㄨㄥˊ ㄈㄥ ㄓㄥˋ ㄧˋ ㄑㄧˇ ㄈㄟˋ ㄊㄧㄢ ㄋㄜ˙
009787,ㄒㄧㄠˇ ㄇㄧㄥˊ ㄓㄤˇ ㄉㄜ˙ ㄒㄧㄤ ㄅㄧㄥ ㄍㄨㄣˋ ㄗㄞˋ ㄕㄨㄟˊ ㄌㄧˇ ㄧㄡˊ ㄩㄥˇ ㄧㄡˊ ㄓㄜ˙ ㄧㄡˊ ㄓㄣ˙ ㄇㄟˊ ㄌㄜ˙
009788,ㄋㄧˊ ㄍㄜˋ ㄙㄨㄥ ㄉㄨㄟˋ ㄘˇ ㄗㄢˋ ㄅㄨˋ ㄐㄩㄜˊ ㄎㄡˇ ㄧˋ ㄌㄧㄢˊ ㄔ ㄌㄜ˙ ㄌㄧㄡˋ ㄓ ㄏㄨㄣˊ ㄊㄨㄣˊ
009789,ㄐㄧㄤ ㄨㄢˊ ㄍㄨˋ ㄕˋ ㄅㄠˇ ㄓㄥˋ ㄋㄧˇ ㄎㄞ ㄒㄧㄣ
009790,ㄓㄤ ㄋㄩˇ ㄕˋ ㄧㄝˇ ㄕㄨㄣˋ ㄕㄡˇ ㄋㄚˊ ㄑㄧˇ ㄈㄤˋ ㄗㄞˋ ㄓㄣˇ ㄅㄧㄢ ㄉㄜ˙ ㄇㄨˋ ㄍㄨㄣˋ ㄔㄠˊ ㄋㄚˋ ㄇㄧㄥˊ ㄋㄢˊ ㄗˇ ㄊㄡˊ ㄕㄤˋ ㄌㄨㄣ ㄑㄩˋ
009791,ㄆㄚ ㄗㄨㄛˋ ㄉㄜ˙ ㄘㄞˋ ㄊㄜˋ ㄅㄧㄝˊ ㄏㄠˇ ㄔ ㄊㄨㄥˊ ㄕˋ ㄒㄧˇ ㄏㄨㄢ ㄌㄞˊ ㄘㄥˋ ㄉㄨㄣˋ ㄈㄢˋ ㄔ
009792,ㄙㄨㄛˊ ㄧˇ ㄍㄨˇ ㄍㄜ ㄓㄜˋ ㄘˋ ㄖㄣˊ ㄕˋ ㄅㄧㄢˋ ㄉㄨㄥˋ ㄕㄡ ㄉㄠˋ ㄨㄞˋ ㄐㄧㄝˋ ㄆㄨˇ ㄅㄧㄢˋ ㄍㄨㄢ ㄓㄨˋ
009793,ㄙㄨˋ ㄧㄚ ㄏㄨˊ ㄏㄨˊ ㄅㄧㄢˋ ㄉㄜ˙ ㄇㄞˋ ㄉㄧˋ ㄌㄧˇ ㄅㄟˋ ㄉㄨˊ ㄙˊ ㄉㄜˊ ㄧㄝˇ ㄐㄧ ㄏㄜˊ ㄒㄧˇ ㄑㄩㄜˋ ㄙㄨㄟˊ ㄔㄨ ㄏㄜˇ ㄐㄧㄢˋ
009794,ㄔㄨㄣ ㄩㄣˋ ㄑㄧ ㄐㄧㄢ ㄍㄨㄤˊ ㄊㄧㄝˇ ㄐㄧˊ ㄊㄨㄢˊ ㄖˋ ㄎㄞ ㄒㄧㄥˊ ㄉㄨㄥˋ ㄔㄜ ㄗㄨˇ ㄌㄧㄝˋ ㄔㄜ ㄦˋ ㄅㄞˊ ㄨˇ ㄕˊ ㄌㄧㄡˋ ㄉㄨㄟˋ
009795,ㄅㄠˋ ㄇㄧㄥˊ ㄕˊ ㄓㄠˋ ㄇㄧㄥˊ ㄧˋ ㄉㄧㄢˇ ㄏㄡˋ ㄇㄢˊ ㄧㄝˇ ㄇㄟˊ ㄗㄡˇ ㄍㄨㄞ ㄍㄨㄞ ㄗㄞˋ ㄖㄣˊ ㄑㄩㄋˊ ㄓㄨㄥ ㄆㄞˊ ㄉㄨㄟˋ ㄌㄧㄥˇ ㄎㄠˋ
009796,ㄉㄧㄢˋ ㄏㄨㄚˋ ㄋㄚˋ ㄊㄡˊ ㄖㄨㄛˋ ㄖㄨㄛˋ ㄉㄜ˙ ㄕㄨㄛ ㄨㄛˇ ㄐㄧㄡˋ ㄗㄢˋ ㄋㄧˇ ㄏㄡˋ ㄇㄧㄢˋ ㄨㄛˇ ㄐㄧㄡˋ ㄕˋ ㄋㄚˋ ㄍㄜ˙ ㄦˋ ㄅㄧ
009797,ㄋㄧˊ ㄋㄚˇ ㄋㄚˋ ㄇㄜ˙ ㄉㄨㄛ ㄈㄟˋ ㄏㄨㄚˋ ㄍㄟˊ ㄌㄠˇ ㄧㄤˊ ㄍㄨㄟˋ ㄏㄠˇ
009798,ㄍㄢ ㄉㄧㄝ ㄉㄧㄝ˙ ㄔㄥ ㄑㄧˇ ㄩˊ ㄙㄢˇ ㄇㄢˋ ㄇㄣˋ ㄗㄡˇ ㄌㄜ˙ ㄍㄨㄛˋ ㄑㄩˋ
009799,ㄩˊ ㄒㄩㄥˊ ㄕˋ ㄍㄜ˙ ㄕㄠˇ ㄧㄢˊ ㄉㄜ˙ ㄖㄣˊ ㄧˋ ㄒㄧㄣ ㄧˊ ㄧˋ ㄗㄞˋ ㄔ ㄇㄧㄢˋ
009800,ㄓˊ ㄧㄡˇ ㄌㄧˊ ㄌㄜ˙ ㄏㄨㄣ ㄨㄛˇ ㄘㄞˊ ㄌㄥˊ ㄒㄩㄜˊ ㄓㄜ˙ ㄍㄥˋ ㄐㄧㄢ ㄑㄧㄤˊ ㄧㄚ˙
009801,ㄆㄥˋ ㄕㄤˋ ㄓㄜˋ ㄧㄤˋ ㄉㄜ˙ ㄒㄧㄤˇ ㄏㄜˊ ㄧㄥˇ ㄐㄧㄡˋ ㄏㄨㄟˋ ㄈㄟ ㄔㄤˊ ㄎㄨㄣˋ ㄋㄢˊ
009802,ㄨㄢˋ ㄧ ㄕㄨㄟˋ ㄓㄠˊ ㄕˊ ㄨˊ ㄗˇ ㄐㄧㄡˋ ㄅㄟˋ ㄈㄤˋ ㄏㄨㄛˇ ㄕㄠ ㄌㄜ˙ ㄋㄜ˙
009803,ㄐㄧㄥ ㄑㄩ ㄓㄥˋ ㄈㄨˊ ㄩˇ ㄉㄨㄛ ㄈㄤ ㄒㄧㄝˊ ㄊㄧㄠˊ ㄔㄨㄥˊ ㄒㄧㄣ ㄕㄤˋ ㄌㄨˋ
009804,ㄊㄚ ㄇㄣ˙ ㄉㄢ ㄒㄧㄣ ㄧㄝˇ ㄒㄧㄤˋ ㄅㄢ ㄐㄧㄚ ㄏㄡˋ ㄎㄜˇ ㄋㄥˊ ㄔㄨㄥˊ ㄈㄢˇ
009805,ㄋㄩˇ ㄈㄤ ㄉㄚˊ ㄋㄧˇ ㄙㄨㄥˋ ㄌㄠˇ ㄋㄧㄤˊ ㄉㄜ˙ ㄧㄝˇ ㄓㄜˋ ㄇㄜ˙ ㄉㄚˋ
009806,ㄍㄨㄢ ㄓㄨㄥˋ ㄗㄨㄥˇ ㄏㄨㄟˋ ㄧㄡˇ ㄒㄧㄣ ㄔㄨㄥˇ ㄅㄨˊ ㄈㄨˋ ㄋㄧㄢˋ ㄐㄧㄡˋ ㄖㄣˊ
009807,ㄙㄨㄟˊ ㄏㄡˋ ㄒㄧㄢˋ ㄔㄤˇ ㄓㄨㄥˋ ㄖㄣˊ ㄧˋ ㄊㄨㄥˊ ㄑㄧˇ ㄏㄨㄥ ㄅㄧ ㄏㄨㄣ
009808,ㄊㄚ ㄕㄨㄛ ㄓㄜˋ ㄓㄨㄥˇ ㄆㄢ ㄧㄢˊ ㄕˋ ㄗㄨㄟˋ ㄔㄨㄣˊ ㄐㄧㄥˋ ㄉㄜ˙ ㄩㄣˋ ㄉㄨㄥˋ
009809,ㄏㄨㄛˇ ㄘㄨㄥˊ ㄙㄢ ㄐㄧㄠˋ ㄒㄧㄥˊ ㄉㄜ˙ ㄎㄨ ㄌㄨㄥ˙ ㄎㄞ ㄕˋ ㄖㄢˊ ㄕㄠ
009810,ㄐㄧˋ ㄓㄜˊ ㄓㄠˇ ㄉㄠˋ ㄌㄜ˙ ㄑㄧㄣˇ ㄕˋ ㄅㄨˋ ㄓˋ ㄓㄜˇ ㄒㄧㄠˊ ㄇㄚˇ
009811,ㄍㄤ ㄖㄣˋ ㄕˋ ㄐㄧㄡˋ ㄧㄤˋ ㄇㄟˋ ㄗˇ ㄗㄠˋ ㄆㄧㄢˋ ㄗㄞˋ ㄧㄠˊ ㄕˊ ㄎㄨㄞˋ ㄑㄧㄢˋ ㄉㄜ˙ ㄅㄚ˙
009812,ㄉㄨㄛˊ ㄇㄨˋ ㄘㄨㄟˇ ㄘㄢ ㄉㄜ˙ ㄉㄥ ㄍㄨㄤ ㄐㄧㄠ ㄓ ㄓㄜ˙ ㄐㄧ ㄑㄧㄥˊ ㄆㄣˇ ㄆㄞˋ ㄉㄧˋ ㄧㄣ ㄩㄝˋ
009813,ㄌㄠˇ ㄅㄚˋ ㄈㄟ ㄕㄣ ㄧˋ ㄐㄧㄠˇ ㄕㄨㄛ ㄋㄧˇ ㄍㄜ ㄗㄞˋ ㄊㄢˊ ㄓㄥˋ ㄕˋ ㄋㄧˇ ㄍㄢˋ ㄇㄚˊ
009814,ㄇㄚˇ ㄉㄜˊ ㄅㄠˇ ㄉㄜ˙ ㄌㄧˇ ㄌㄨㄣˋ ㄎㄜˋ ㄕㄤˋ ㄉㄜ˙ ㄖㄣˊ ㄒㄧㄣ ㄏㄨㄢˋ ㄙㄢˋ ㄌㄧㄤˇ ㄍㄜˋ ㄌㄧˋ ㄅㄞˋ ㄌㄧˇ ㄊㄨㄟˋ ㄕㄜˋ ㄉㄜ˙ ㄖㄣˊ ㄕㄨˋ ㄉㄠˋ ㄌㄜ˙ ㄕˊ ㄨˊ ㄍㄜˋ
009815,ㄏㄨㄚ ㄩㄢˊ ㄎㄡˇ ㄩˇ ㄐㄧㄤ ㄐㄩㄋˋ ㄅㄚˋ ㄉㄠˋ ㄓㄥˋ ㄓㄡ ㄎㄢˋ ㄏㄨㄤˊ ㄏㄜˊ ㄅㄧˋ ㄖㄢˊ ㄒㄧㄢ ㄉㄠˋ ㄏㄨㄚ ㄩㄢˊ ㄎㄡˇ
009816,ㄗㄞˋ ㄌㄧㄣˊ ㄋㄩˇ ㄕˋ ㄒㄧㄣ ㄓㄨㄥ ㄒㄧㄠˇ ㄖㄨㄥˊ ㄘㄨㄥˊ ㄒㄧㄠˇ ㄍㄨㄞ ㄑㄧㄠˊ ㄉㄨㄥˇ ㄕˋ ㄐㄧㄡˋ ㄒㄧㄤˋ ㄊㄚ ㄉㄜ˙ ㄊㄧㄢ ㄒㄧㄣ ㄒㄧㄠˇ ㄇㄧㄢˊ ㄠˇ
009817,ㄑㄧㄣ ㄕㄨˇ ㄇㄣˊ ㄙ ㄏㄠ ㄇㄟˊ ㄧㄡˇ ㄏㄨㄞˊ ㄧˊ ㄐㄧㄤ ㄆㄧㄣˊ ㄖˋ ㄐㄧ ㄗㄢˇ ㄉㄜ˙ ㄘㄨㄣˊ ㄎㄨㄢˇ ㄐㄧㄠ ㄉㄤˋ ㄌㄜ˙ ㄊㄚ ㄉㄜ˙ ㄕㄡˇ ㄕㄤˋ
009818,ㄧˊ ㄕㄥ ㄐㄧㄢˇ ㄔㄚˊ ㄈㄚ ㄒㄧㄢˋ ㄉㄧㄝ ㄉㄧㄝ˙ ㄓˊ ㄔㄤˊ ㄔㄨㄢ ㄎㄨㄥˇ ㄌㄧˋ ㄐㄧˇ ㄨㄟˋ ㄊㄚ ㄕˊ ㄕ ㄌㄜˋ ㄕㄡˇ ㄕㄨˋ
009819,ㄖㄣˊ ㄇㄣ˙ ㄕㄡˊ ㄆㄥˇ ㄒㄧㄢ ㄏㄨㄚ ㄗㄞˋ ㄌㄧㄣˊ ㄕˊ ㄕㄜˋ ㄓ ㄉㄜ˙ ㄉㄥˇ ㄏㄡˋ ㄑㄩ ㄌㄧˇ ㄏㄨㄢˊ ㄏㄨㄢˇ ㄑㄧㄢˊ ㄒㄧㄥˊ
009820,ㄧㄡˋ ㄖㄣˊ ㄉㄢ ㄨㄟˋ ㄅㄨˋ ㄉㄜˊ ㄐㄩˋ ㄐㄩㄜˊ ㄗㄨˇ ㄋㄠˊ
009821,ㄆㄧㄥˊ ㄕˊ ㄨㄛˊ ㄧㄝˇ ㄅㄛˊ ㄞˋ ㄔㄨ ㄇㄣˊ ㄗㄞˋ ㄐㄧㄚ ㄎㄢˋ ㄎㄢ˙ ㄅㄠˋ ㄓˇ ㄒㄧㄝˊ ㄒㄧㄝˊ ㄅㄧˇ ㄐㄧˋ ㄕㄚˊ ㄉㄜ˙
009822,ㄎㄜˇ ㄋㄧㄢˊ ㄍㄢ ㄓㄜˋ ㄏㄨㄟㄖˋ ㄗㄨㄛˋ ㄒㄧㄢ ㄉㄜ˙ ㄐㄧㄡˇ ㄘㄞˋ ㄐㄧㄚˋ ㄑㄧㄢˊ ㄓㄤˇ ㄉㄜ˙ ㄗㄨㄟˋ ㄌㄧˊ ㄆㄨˇ
009823,ㄓㄜˋ ㄧˊ ㄘˋ ㄅㄠˇ ㄉㄧㄠˋ ㄔㄨㄢˊ ㄓ ㄅㄟˋ ㄙˋ ㄙㄡ ㄖˋ ㄅㄣˇ ㄔㄨㄢˊ ㄐㄧˊ ㄓˊ ㄕㄥ ㄐㄧ ㄅㄠˋ ㄨㄟˊ ㄉㄨㄥˋ ㄊㄢˋ ㄅㄨˋ ㄉㄜˊ
009824,ㄅㄧㄢˋ ㄆㄛˋ ㄋㄟˋ ㄅㄛ ㄌㄧ˙ ㄙㄨㄟˋ ㄅㄧㄢˋ ㄉㄧˋ
009825,ㄅㄨˋ ㄏㄠˇ ㄆㄢˋ ㄉㄨㄢˋ ㄐㄩˋ ㄊㄧˇ ㄕˊ ㄐㄧㄢ
009826,ㄎㄠˊ ㄍㄨˇ ㄓㄨㄣ ㄐㄧㄚ ㄍㄢˇ ㄉㄠˋ ㄋㄠˊ ㄊㄡˊ
009827,ㄍㄥˊ ㄋㄩˇ ㄕˋ ㄍㄢˊ ㄐㄧㄣˇ ㄅㄠˋ ㄌㄜ˙ ㄐㄧㄥˇ
009828,ㄙㄡ ㄏㄨˊ ㄗㄜˊ ㄘㄨㄥˊ ㄑㄧ ㄕ˙ ㄙㄢ ㄉㄧㄝˊ ㄕˋ ㄨˇ ㄕˊ ㄙㄢ ㄉㄧㄝˊ ㄈㄨˊ ㄅㄞˇ ㄈㄣ ㄓ ㄦˋ ㄕ ㄑㄧ
009829,ㄕㄣˊ ㄇㄜ˙ ㄕˊ ㄏㄡˋ ㄍㄟˊ ㄨㄛˇ ㄏㄨㄢˋ ㄍㄜ˙ ㄘㄞˇ ㄆㄧㄥˊ ㄕㄡˇ ㄐㄧ
009830,ㄨㄛˇ ㄉㄜ˙ ㄆㄨˇ ㄊㄨㄥ ㄏㄨㄚˋ ㄏㄞˊ ㄕˋ ㄊㄧㄥˇ ㄅㄧㄠ ㄓㄨㄣˇ ㄉㄜ˙ ㄅㄚ˙
009831,ㄓˋ ㄩˊ ㄉㄤ ㄔㄨ ㄅㄠˋ ㄎㄠˇ ㄋㄢˊ ㄎㄜ ㄉㄚˋ ㄊㄞ ㄧㄝˊ ㄓˇ ㄕˋ ㄒㄧㄤˇ ㄊㄠˊ ㄅㄧˋ ㄍㄠ ㄎㄠˇ ㄙㄨㄟˊ ㄅㄧㄢˋ ㄎㄠˇ ㄓㄜ˙ ㄨㄢˊ ㄨㄢ˙
009832,ㄩˊ ㄕˋ ㄌㄟˊ ㄐㄩㄋ ㄘㄨㄥˊ ㄗˋ ㄐㄧˇ ㄉㄜ˙ ㄖㄣˊ ㄕㄥ ㄏㄜˊ ㄌㄧˊ ㄒㄧㄤˇ ㄐㄧㄤˊ ㄑㄧˇ
009833,ㄊㄚ ㄐㄧㄢˋ ㄓㄜˋ ㄏㄠˇ ㄨㄢˊ ㄓㄥˋ ㄔㄡˊ ㄒㄧˊ ㄐㄧㄠˊ ㄕㄨㄟˇ ㄇㄟˊ ㄔㄨ ㄉㄠˋ ㄕㄨㄣˋ ㄉㄚˋ ㄕˋ ㄉㄠˋ ㄌㄜ˙ ㄒㄧㄚˋ ㄑㄩˋ
009834,ㄧˊ ㄍㄜˋ ㄖㄣˊ ㄎㄨ ㄗㄨㄛˋ ㄗㄞˋ ㄧㄣ ㄢˋ ㄉㄜ˙ ㄐㄧㄠˇ ㄌㄨㄛˋ ㄌㄧˇ ㄐㄧㄡ ㄓㄜ˙ ㄉㄚˋ ㄊㄨㄟˇ ㄨㄣˋ ㄗˋ ㄐㄧˊ ㄗㄣˇ ㄇㄜ˙ ㄅㄢˋ
009835,ㄇㄟˊ ㄖㄣˊ ㄍㄠˋ ㄙㄨˋ ㄊㄚ ㄉㄧˋ ㄧ ㄘˋ ㄐㄧㄢˋ ㄇㄧㄢˋ ㄉㄟˇ ㄑㄧㄢ ㄒㄩˋ ㄒㄧㄝ ㄅㄧㄝˊ ㄖㄤˋ ㄋㄧˇ ㄏㄞˊ ㄋㄢˊ ㄎㄢ
009836,ㄧㄡˇ ㄌㄜ˙ ㄎㄜ ㄒㄩㄜˊ ㄓˊ ㄧㄣˇ ㄓˊ ㄒㄧㄥˊ ㄙㄡ ㄐㄧㄡˋ ㄖㄣˋ ㄨˋ ㄉㄜ˙ ㄍㄨㄢ ㄅㄧㄥ ㄉㄨㄣˋ ㄕˊ ㄉㄡˋ ㄓˋ ㄅㄟˋ ㄗㄥ
009837,ㄊㄚ ㄔㄨㄢ ㄕㄤˋ ㄑㄧㄢˊ ㄕㄨㄟˇ ㄧ ㄕㄣ ㄕㄤˋ ㄕㄨㄢ ㄌㄜ˙ ㄍㄣ ㄕㄥˊ ㄗ˙ ㄧˋ ㄏㄣˇ ㄒㄧㄣ ㄊㄧㄠˋ ㄌㄜ˙ ㄒㄧㄚˋ ㄑㄩˋ
009838,ㄉㄠˋ ㄌㄜ˙ ㄏㄨˊ ㄊㄡˊ ㄌㄧㄤˇ ㄍㄜ˙ ㄒㄧㄠˇ ㄏㄞˊ ㄈㄚ ㄐㄩㄜˊ ㄅㄨˊ ㄉㄨㄟˋ ㄐㄧㄣˋ ㄒㄧㄤˇ ㄊㄞˊ ㄖㄤ ㄖㄤ˙ ㄧㄠˋ ㄏㄨㄟˊ ㄐㄧㄚ
009839,ㄊㄨㄥˊ ㄕˊ ㄐㄧㄤ ㄐㄧㄚ ㄉㄚˋ ㄙㄚˊ ㄕㄨㄟˇ ㄔㄜ ㄙㄨㄥˋ ㄕㄨㄟˇ ㄌㄧˋ ㄉㄨˋ ㄍㄨˇ ㄌㄧˋ ㄐㄩ ㄇㄧㄣˊ ㄕㄨㄟˊ ㄐㄧㄥˇ ㄑㄩˊ ㄕㄨㄟˇ
009840,ㄌㄧㄤˇ ㄋㄧㄢˊ ㄑㄧㄢˊ ㄒㄩㄥˊ ㄐㄧㄝˊ ㄗㄞˋ ㄋㄢˊ ㄐㄧㄥ ㄙㄢ ㄆㄞˊ ㄌㄡˊ ㄈㄨˋ ㄐㄧㄣˋ ㄎㄞ ㄌㄜ˙ ㄧˋ ㄐㄧㄚ ㄗㄨˊ ㄌㄧㄠˊ ㄉㄧㄢˋ
009841,ㄧˊ ㄍㄜˋ ㄐㄩˋ ㄉㄚˋ ㄉㄜ˙ ㄆㄧˊ ㄗㄤˋ ㄨㄢˊ ㄓㄥˇ ㄉㄜ˙ ㄊㄨㄛ ㄔㄨ ㄅㄛ ㄌㄧˊ ㄐㄧㄝˊ ㄗㄚ ㄅㄧㄥˋ ㄔㄥˊ ㄍㄨㄥ ㄑㄧㄝ ㄔㄨˊ
009842,ㄓㄨㄥ ㄖˋ ㄍㄨㄢ ㄒㄧ˙ ㄩㄝˋ ㄌㄞˊ ㄩㄝˋ ㄇㄧㄣˋ ㄑㄧㄝ˙ ㄒㄩㄜˊ ㄒㄧˊ ㄏㄢˋ ㄩˇ ㄉㄜ˙ ㄖˋ ㄅㄣˇ ㄖㄣˊ ㄧˋ ㄅㄨˊ ㄐㄧˋ ㄑㄧˊ ㄕㄨˋ
009843,ㄍㄨㄢ ㄧㄣ ㄐㄧㄢˋ ㄧˋ ㄅㄨˋ ㄖㄨ ㄖㄤˋ ㄌㄧㄤˇ ㄏㄡˊ ㄒㄨㄢˇ ㄗㄜˊ ㄗㄨㄟˋ ㄞˋ ㄉㄜ˙ ㄕㄨㄟˊ ㄍㄨㄛˇ ㄓㄨㄥˋ ㄕㄥ ㄐㄧㄝ ㄇㄧˊ ㄇㄤˊ
009844,ㄉㄤ ㄖㄢˊ ㄕㄤˋ ㄨㄤˊ ㄧㄝˇ ㄅㄨˋ ㄍㄨㄤ ㄕ˙ ㄎㄢˋ ㄑㄧˊ ㄧㄝˇ ㄌㄧㄠˊ ㄌㄧㄠ ㄊㄧㄢ ㄔㄚˊ ㄔㄚˊ ㄧㄡˊ ㄐㄧㄢˋ ㄕㄣˊ ㄇㄜ˙ ㄉㄜ˙
009845,ㄋㄨㄢˊ ㄋㄨㄢˇ ㄍㄨㄟˋ ㄒㄧㄚˋ ㄌㄜ˙ ㄨㄛˇ ㄗㄞˋ ㄧㄝˇ ㄅㄨˊ ㄈㄢˋ ㄘㄨㄛˋ ㄨ˙ ㄌㄜ˙ ㄇㄚ ㄇㄚ˙ ㄋㄧˇ ㄍㄢˊ ㄐㄧㄣˇ ㄑㄩˋ ㄧ ㄩㄢˋ ㄅㄚ˙
009846,ㄧㄢˊ ㄑㄧㄡ ㄌㄧㄥˊ ㄕㄨㄛ ㄗˋ ㄕˋ ㄩㄥˋ ㄏㄟ ㄙㄜˋ ㄐㄧˋ ㄏㄠˋ ㄅㄧˊ ㄒㄧㄝˇ ㄉㄜ˙ ㄅㄨˊ ㄕˋ ㄩㄥˋ ㄉㄠ ㄗˋ ㄎㄜˋ ㄉㄜ˙
009847,ㄕˊ ㄒㄧㄚˋ ㄋㄧˇ ㄅㄟˋ ㄐㄧㄝˇ ㄍㄨˋ ㄌㄜ˙ ㄗㄞˋ ㄇㄟˇ ㄍㄨㄛˊ ㄕㄣˋ ㄨㄟˊ ㄌㄧㄡˊ ㄒㄧㄥˊ ㄔㄥˊ ㄌㄜ˙ ㄧˊ ㄐㄩˋ ㄕˊ ㄇㄠˊ ㄩˇ
009848,ㄒㄧㄥˊ ㄇㄢˇ ㄕˋ ㄈㄤˋ ㄏㄡˋ ㄉㄜ˙ ㄍㄠ ㄧˋ ㄑㄧㄤˊ ㄅㄨˋ ㄙ ㄏㄨㄟˊ ㄍㄞˇ ㄅㄧㄥˋ ㄖㄢˇ ㄕㄤˋ ㄉㄨˇ ㄅㄛˊ ㄉㄜ˙ ㄜˋ ㄒㄧˊ
009849,ㄉㄧˋ ㄦˋ ㄊㄧㄢ ㄧㄡˇ ㄦˋ ㄅㄞˇ ㄌㄧㄥˊ ㄙㄨㄢˋ ㄐㄧㄚ ㄔㄤˇ ㄈㄤˊ ㄏㄜˊ ㄅㄚ ㄅㄞˇ ㄌㄧㄥˊ ㄨˇ ㄐㄧㄚ ㄕㄤ ㄆㄨˋ ㄅㄟˋ ㄉㄧㄥˋ ㄍㄡˋ
009850,ㄋㄧˇ ㄓㄜˋ ㄆㄛˋ ㄈㄣ ㄕㄨˋ ㄐㄧㄡˋ ㄕˋ ㄒㄧㄠˇ ㄕˊ ㄏㄡˋ ㄌㄨㄢˋ ㄑㄧˋ ㄅㄚ ㄗㄠ ㄕㄨ ㄎㄢˋ ㄊㄞˋ ㄉㄨㄛ ㄉㄜ˙ ㄩㄢˊ ㄧㄣ
009851,ㄅㄤ ㄍㄨㄢ ㄓㄣ ㄏㄠˇ ㄕㄣˊ ㄇㄜ˙ ㄉㄡ ㄨㄞㄖˊ ㄕㄣˊ ㄇㄜ˙ ㄉㄡ ㄏㄨㄟˋ ㄕㄣˊ ㄇㄜ˙ ㄉㄜ˙ ㄓㄨㄢˋ ㄑㄧㄢˊ ㄏㄜ ㄏㄜ
009852,ㄗㄞˋ ㄔㄣˊ ㄕㄨㄟˊ ㄅㄧㄢˇ ㄉㄢ ㄖㄣˋ ㄊㄞˊ ㄅㄟˇ ㄕˋ ㄧˋ ㄩㄢˊ ㄕˊ ㄙㄨ ㄏㄨㄢˋ ㄓˋ ㄘㄥˊ ㄉㄢ ㄖㄣˋ ㄅㄧㄢˇ ㄓㄨˋ ㄌㄧˇ
009853,ㄍㄤ ㄎㄞ ㄕˇ ㄊㄚ ㄏㄞˊ ㄌㄧㄢˋ ㄒㄧˊ ㄍㄨˇ ㄓㄥ ㄧㄣ ㄨㄟˋ ㄊㄢˊ ㄑㄧㄣˊ ㄕㄡˊ ㄓˇ ㄉㄡ ㄇㄛˊ ㄆㄛˋ ㄌㄜ˙ ㄊㄚ ㄩㄝˋ ㄅㄨˋ ㄏㄢˊ ㄎㄨˇ
009854,ㄒㄧˋ ㄒㄧ ㄔㄨㄢˇ ㄇㄛˊ ㄙˋ ㄏㄨ ㄧㄝˇ ㄆㄛ ㄨㄟˊ ㄈㄨˊ ㄏㄜˊ ㄓㄥˋ ㄓㄡ ㄏㄨㄤˊ ㄏㄜˊ ㄍㄨㄥ ㄌㄨˋ ㄉㄚˋ ㄑㄧㄠˊ ㄉㄜ˙ ㄑㄧㄢˊ ㄕˋ ㄐㄧㄣ ㄕㄥ
009855,ㄊㄚ ㄒㄧˇ ㄏㄨㄢ ㄎㄞ ㄨㄢˊ ㄒㄧㄠˋ ㄅㄧˇ ㄖㄨˊ ㄨㄛˊ ㄐㄩˇ ㄑㄧㄤ ㄐㄩㄜˇ ㄌㄜ˙ ㄕˊ ㄈㄣ ㄓㄨㄥ ㄊㄚ ㄐㄧㄡˋ ㄗㄡˇ ㄍㄨㄛˋ ㄌㄞˊ ㄕㄨㄛ ㄌㄟˋ ㄅㄚ˙
009856,ㄧㄡˊ ㄩˊ ㄌㄨㄛˋ ㄕㄨㄟˇ ㄏㄡˋ ㄌㄧㄢˊ ㄑㄧㄤˋ ㄌㄜ˙ ㄐㄧˇ ㄎㄡ ㄕㄨㄟˇ ㄕㄤˋ ㄢˋ ㄏㄡˋ ㄉㄜ˙ ㄆㄛˊ ㄆㄛ˙ ㄐㄧㄥ ㄏㄨㄥˊ ㄨㄟˋ ㄉㄧㄥˋ ㄌㄧㄝˇ ㄙㄜˋ ㄘㄤ ㄅㄞˊ
009857,ㄒㄧㄣ ㄏㄨㄚˊ ㄕㄜˋ ㄐㄧˋ ㄓㄜˇ ㄗㄨˋ ㄐㄧㄢˋ ㄧˋ ㄙㄡ ㄉㄤ ㄉㄧˋ ㄩˊ ㄔㄨㄢˊ ㄎㄠˋ ㄐㄧㄣˋ ㄌㄜ˙ ㄗㄞˋ ㄑㄧㄢˊ ㄏㄞˇ ㄓㄨㄥ ㄉㄜ˙ ㄓㄨㄥ ㄍㄨㄛˊ ㄩˊ ㄔㄨㄢˊ
009858,ㄒㄧ ㄖˋ ㄊㄨˇ ㄋㄧㄖˋ ㄅㄧㄢˋ ㄕˊ ㄕㄤˋ ㄌㄚˋ ㄇㄟˋ ㄖㄤˋ ㄉㄚˋ ㄓㄨㄥˋ ㄎㄢˋ ㄉㄤˋ ㄌㄜ˙ ㄧˊ ㄍㄜˋ ㄅㄨˊ ㄉㄨㄢˋ ㄔㄥˊ ㄓㄤˇ ㄉㄜ˙ ㄏㄞˇ ㄑㄧㄥ
009859,ㄧㄣ ㄨㄟˋ ㄆㄢˊ ㄔㄢ˙ ㄐㄧ ㄏㄨ ㄏㄠˋ ㄐㄧㄣˋ ㄙㄢ ㄖㄣˊ ㄓˇ ㄋㄥˊ ㄎㄠˋ ㄌㄧㄣˊ ㄐㄩ ㄏㄜˊ ㄅㄠˇ ㄢ ㄉㄜ˙ ㄐㄧㄝ ㄐㄧˋ ㄇㄧㄢˊ ㄑㄧㄤˇ ㄉㄨˋ ㄖˋ
009860,ㄏㄨㄥˊ ㄍㄨㄤ ㄌㄨˋ ㄕㄤˋ ㄉㄜ˙ ㄑㄧㄣˊ ㄜ ㄆㄤˊ ㄍㄨㄥ ㄐㄧㄥˇ ㄑㄩ ㄧˊ ㄉㄨˋ ㄖㄤˋ ㄖㄣˊ ㄇㄣ˙ ㄖㄣˋ ㄨㄟˊ ㄓㄜˋ ㄌㄧˇ ㄐㄧㄡˋ ㄕˋ ㄜˋ ㄆㄤˊ ㄍㄨㄥ
009861,ㄓㄜˋ ㄨㄟˋ ㄌㄠˇ ㄅㄛˊ ㄔˊ ㄌㄠˇ ㄖㄣˊ ㄇㄧㄢˇ ㄈㄟˋ ㄓㄥˋ ㄕㄤˋ ㄔㄜ ㄘㄞˊ ㄑㄩˇ ㄍㄜˋ ㄓㄨㄥˇ ㄅㄢˋ ㄈㄚˇ ㄒㄧㄥˋ ㄙㄠ ㄖㄠˊ ㄋㄩˇ ㄔㄥˊ ㄎㄜˋ
009862,ㄆㄧㄥˊ ㄒㄧㄥˋ ㄉㄜ˙ ㄧㄡˇ ㄕㄢ ㄧㄠˋ ㄅㄞˊ ㄌㄨㄛˊ ㄅㄛ˙ ㄍㄢ ㄕㄨˇ ㄇㄚˋ ㄌㄧㄥˊ ㄕㄨˇ ㄋㄢˊ ㄍㄨㄚ ㄒㄧ ㄏㄨㄥˊ ㄕˋ ㄇㄛˊ ㄍㄨˋ ㄉㄥˇ
009863,ㄓㄜˋ ㄈㄥ ㄎㄨㄤˊ ㄉㄜ˙ ㄧˊ ㄇㄨˋ ㄧㄝˊ ㄒㄩˇ ㄓˊ ㄧㄡˊ ㄉㄥˇ ㄉㄠˋ ㄉㄚˋ ㄔㄠˊ ㄊㄨㄟˋ ㄑㄩˋ ㄇㄛˊ ㄩㄥˊ ㄓㄜˇ ㄘㄞˊ ㄏㄨㄟˋ ㄈㄨˊ ㄔㄨ ㄕㄨㄟˇ ㄋㄧㄢˋ
009864,ㄧˊ ㄏㄡˋ ㄅㄧˋ ㄔㄥˊ ㄊㄨㄥˊ ㄓˋ ㄕㄨㄞˋ ㄅㄨˋ ㄘㄢ ㄐㄧㄚ ㄌㄜ˙ ㄌㄧㄤˇ ㄘˋ ㄌㄧㄢˊ ㄕㄨㄟˊ ㄅㄠˇ ㄨㄟˋ ㄓㄢˋ ㄘㄜˋ ㄧㄥˋ ㄌㄜ˙ ㄙㄨˋ ㄅㄟˇ ㄉㄚˋ ㄓㄢˋ ㄉㄜ˙ ㄕㄥˋ ㄌㄧˋ
009865,ㄨㄟˋ ㄌㄜ˙ ㄋㄥˊ ㄆㄠˊ ㄑㄧˇ ㄦˇ ㄈㄤ ㄅㄧㄢˋ ㄊㄚ ㄇㄣ˙ ㄓˇ ㄅㄟ ㄓㄜ˙ ㄐㄧㄢˇ ㄉㄢ ㄉㄜ˙ ㄍㄨㄥ ㄐㄩˋ ㄏㄨˋ ㄒㄧㄤ ㄓㄠˋ ㄧㄥ˙ ㄓㄜ˙ ㄋㄥˊ ㄆㄠˇ ㄐㄧㄡˋ ㄆㄠˇ
009866,ㄘㄨㄥˊ ㄑㄧㄢˊ ㄧㄡˇ ㄍㄜ˙ ㄉㄚˋ ㄏㄨㄟ ㄌㄤˊ ㄋㄩˇ ㄘㄞ ㄉㄚˋ ㄏㄨㄟ ㄌㄤˊ ㄕˋ ㄕㄨㄟˊ
009867,ㄕㄡ ㄈㄟˋ ㄋㄧㄢˊ ㄒㄧㄢˋ ㄈㄣ ㄅㄧㄝˊ ㄔˊ ㄒㄩˋ ㄓˋ ㄦˋ ㄌㄧㄥˊ ㄙㄢ ㄦˋ ㄋㄧㄢˊ ㄐㄧˊ ㄦˋ ㄌㄧㄥˊ ㄙˋ ㄌㄧㄥˊ ㄋㄧㄢˇ
009868,ㄖㄨˊ ㄍㄨㄛˇ ㄔ ㄑㄧˇ ㄌㄞˊ ㄈㄟ ㄔㄤˊ ㄒㄧˋ ㄋㄧˋ ㄗㄜˇ ㄕㄨㄛ ㄇㄧㄥˊ ㄩˋ ㄇㄧˊ ㄈㄣˇ ㄐㄧㄚ ㄉㄜ˙ ㄅㄨˋ ㄉㄨㄛ
009869,ㄖㄣˊ ㄇㄣ˙ ㄓˇ ㄏㄨㄟˋ ㄆㄟˋ ㄈㄨ ㄋㄚˋ ㄒㄧㄝ ㄧㄡˇ ㄔㄨㄤˋ ㄗㄠˋ ㄒㄧㄥˋ ㄍㄨㄥˋ ㄒㄧㄝˋ ㄉㄜ˙ ㄖㄣˊ
009870,ㄐㄧㄠ ㄍㄨㄥ ㄌㄧㄤˊ ㄨㄛˊ ㄅㄚˇ ㄗㄨㄟˋ ㄏㄠˇ ㄉㄜ˙ ㄒㄧㄠˇ ㄇㄞˋ ㄩˋ ㄇㄧˇ ㄙㄨㄥˋ ㄉㄠˋ ㄌㄧㄤˊ ㄍㄨㄢˊ ㄙㄨㄛˇ
009871,ㄅㄨˊ ㄏㄨㄟˋ ㄧㄚ ㄓㄨˋ ㄖㄣˊ ㄇㄚˋ ㄖㄣˊ ㄕˋ ㄅㄨˊ ㄉㄨㄟˋ ㄉㄜ˙
009872,ㄘㄠˊ ㄏㄨㄥˊ ㄌㄧㄤˋ ㄕㄨㄛ ㄏㄞˊ ㄧㄡˊ ㄐㄧˇ ㄍㄜ˙ ㄎㄨㄥ ㄓㄜ˙ ㄇㄟˊ ㄍㄨㄢ ㄒㄧ˙ ㄖㄤˋ ㄨㄛˇ ㄔㄠ ㄔㄠ˙
009873,ㄓㄠˋ ㄍㄨ ㄋㄧㄤ˙ ㄅㄟ ㄓㄜ˙ ㄍㄜ˙ ㄕㄨㄤ ㄐㄧㄢ ㄅㄠ ㄗㄨㄛˋ ㄒㄧㄚˋ ㄕˊ ㄕㄨㄣˋ ㄕˋ ㄈㄤˋ ㄗㄞˋ ㄧˋ ㄅㄧㄢ
009874,ㄨㄛˇ ㄕㄨㄛ ㄧㄢˋ ㄅㄨˊ ㄒㄧㄚˋ ㄓㄜ˙ ㄎㄡˇ ㄑㄧˋ
009875,ㄇㄚ ㄙ ㄑㄧㄥˊ ㄕㄨ ㄋㄜ˙
009876,ㄧㄥ ㄍㄞ ㄕˋ ㄅㄧˇ ㄇㄛˋ ㄓˇ ㄧㄢˋ ㄅㄚ˙
009877,ㄩˊ ㄇㄟˊ ㄐㄩㄜˊ ㄉㄧㄥˋ ㄆㄠ ㄈㄨˋ ㄔㄢˇ
009878,ㄨㄛˇ ㄅㄨˋ ㄔ ㄋㄧˇ ㄋㄚˋ ㄊㄠˋ
009879,ㄗㄡˇ ㄔㄚˋ ㄅㄨˊ ㄉㄨㄛ ㄐㄧˇ ㄈㄣ ㄓㄨㄥ
009880,ㄉㄠˋ ㄕㄨㄟˇ ㄉㄜ˙ ㄒㄩㄜˊ ㄕㄥ ㄓˇ ㄊㄧㄥ ㄉㄠˋ ㄑㄧㄢˊ ㄅㄢˋ ㄐㄩˋ ㄗㄨㄣ ㄑㄧˊ ㄇㄧㄥˋ ㄗㄞˋ ㄑㄧㄥ ㄑㄧˋ ㄩˊ ㄕㄨㄟˇ ㄅㄧㄢ ㄉㄠˋ ㄅㄧㄢ ㄐㄧㄠˋ ㄑㄩˋ ㄋㄧˇ ㄉㄜ˙
009881,ㄌㄧㄤˇ ㄖㄣˊ ㄧˋ ㄔㄤˇ ㄜˋ ㄉㄡˋ ㄕㄥˋ ㄈㄨˋ ㄋㄢˊ ㄈㄣ ㄓˊ ㄏㄠˊ ㄅㄚˇ ㄇㄠˊ ㄊㄡˊ ㄉㄨㄟˋ ㄓㄨㄣˇ ㄗㄞˋ ㄉㄨˊ ㄧㄥ ㄩˇ ㄉㄜ˙ ㄒㄧㄝˋ ㄐㄧㄥˇ ㄩㄢ ㄉㄠˋ ㄋㄧˇ ㄋㄜ˙
009882,ㄓㄡ ㄅㄧㄢ ㄐㄩ ㄇㄧㄣˊ ㄕˊ ㄔㄤˊ ㄏㄨㄟˋ ㄎㄢˋ ㄉㄠˋ ㄧㄡˇ ㄧㄢ ㄑㄧˋ ㄘㄨㄥˊ ㄌㄩˊ ㄔㄤˇ ㄌㄧㄥˊ ㄌㄧˋ ㄉㄜ˙ ㄉㄚˋ ㄧㄢ ㄘㄨㄥ ㄓㄨㄥ ㄆㄞˊ ㄔㄨ
009883,ㄕˊ ㄖㄣˋ ㄕㄣ ㄓㄣˋ ㄕˋ ㄙ ㄈㄚˇ ㄐㄩˊ ㄈㄨˋ ㄐㄩˊ ㄓㄤˇ ㄉㄜ˙ ㄒㄩˊ ㄐㄧㄢˋ ㄕㄡˋ ㄇㄧㄥˋ ㄕㄜˋ ㄐㄧˋ ㄧˊ ㄊㄠˋ ㄓㄥˋ ㄉㄞˇ ㄈㄤ ㄢˋ
009884,ㄑㄧㄢˊ ㄨㄟˇ ㄔㄤˊ ㄉㄨㄟˋ ㄧㄣˇ ㄕˊ ㄘㄨㄥˊ ㄅㄨˋ ㄊㄧㄠ ㄊㄧˋ ㄐㄧˋ ㄅㄨˋ ㄔㄡ ㄧㄢ ㄧㄝˇ ㄅㄨˋ ㄏㄜ ㄐㄧㄡˇ ㄧㄣˇ ㄔㄚˊ ㄧㄝˇ ㄅㄨˋ ㄐㄧㄤˇ ㄐㄧㄡ˙
009885,ㄧˇ ㄏㄠˋ ㄨㄛˇ ㄕㄥ ㄖˋ ㄐㄧㄡˋ ㄅㄨˋ ㄋㄥˊ ㄌㄧㄥˊ ㄌㄧˇ ㄨˋ ㄌㄜ˙ ㄏㄜ ㄏㄜ ㄎㄜˇ ㄋㄥˊ ㄊㄚ ㄕˋ ㄨㄟˋ ㄌㄜ˙ ㄕㄥˊ ㄌㄧˇ ㄨˋ ㄅㄚˇ
009886,ㄑㄧˊ ㄍㄜ˙ ㄖㄣˊ ㄇㄧㄢˋ ㄇㄧㄣˋ ㄒㄧㄤ ㄑㄩˋ ㄖㄢˊ ㄏㄨㄛ˙ ㄕㄨㄛ ㄋㄧˊ ㄗㄡˇ ㄘㄨㄛˋ ㄉㄧˋ ㄈㄤˋ ㄌㄜ˙ ㄨㄛˇ ㄇㄣ˙ ㄕˋ ㄏㄨˊ ㄌㄨ˙ ㄨㄚˊ
009887,ㄨˊ ㄧㄚ ㄉㄜ˙ ㄙˇ ㄕˋ ㄗˋ ㄐㄧˇ ㄗㄠ ㄔㄥˊ ㄉㄜ˙ ㄩㄢˊ ㄧㄣ ㄓˇ ㄗㄞˋ ㄩˊ ㄊㄚ ㄇㄟˊ ㄧㄡˇ ㄗㄨㄛˋ ㄉㄧㄠˋ ㄔㄚˊ ㄕˋ ㄊㄢˋ ㄏㄨㄛˊ ㄉㄨㄥˋ
009888,ㄐㄧㄝˊ ㄓ ㄇㄨˋ ㄑㄧㄢˊ ㄨㄚ ㄐㄩㄜˊ ㄍㄨㄥ ㄗㄨㄛˋ ㄧˇ ㄐㄧㄥ ㄐㄧㄝˊ ㄕㄨˋ ㄇㄨˋ ㄑㄧㄢˊ ㄧㄚ ㄌㄨㄥˋ ㄐㄧ ㄓㄥˋ ㄗㄞˋ ㄏㄤ ㄕˊ ㄉㄧˋ ㄐㄧ
009889,ㄍㄞ ㄖㄣˊ ㄕˋ ㄊㄧˊ ㄒㄧㄥˇ ㄅㄨˊ ㄧㄠˋ ㄙㄨㄟˊ ㄧˋ ㄧˊ ㄑㄧˋ ㄑㄨㄢˇ ㄓ ㄍㄟˋ ㄕˋ ㄇㄧㄣˊ ㄔㄨ ㄒㄧㄥˊ ㄉㄞˋ ㄌㄞˋ ㄢ ㄑㄨㄢ ㄧㄣˇ ㄏㄨㄢˋ
009890,ㄓㄜˋ ㄌㄟˋ ㄨㄣˊ ㄗˋ ㄉㄜ˙ ㄊㄨˊ ㄇㄡˇ ㄍㄨㄥ ㄐㄩˋ ㄅㄨˊ ㄗㄞˋ ㄕˋ ㄐㄧ ㄏㄠˋ ㄅㄧˇ ㄦˊ ㄕ ㄌㄟˋ ㄙ ㄇㄟˊ ㄏㄨㄟ ㄉㄜ˙ ㄨˋ ㄓˋ
009891,ㄋㄢˊ ㄧㄡˇ ㄕˋ ㄓㄜ˙ ㄧㄤˋ ㄨㄛˇ ㄐㄧˋ ㄉㄜ˙ ㄨㄛˇ ㄕˋ ㄗㄞˋ ㄧˊ ㄍㄜ˙ ㄩㄝˋ ㄙㄣˋ ㄇㄥˊ ㄌㄨㄥˊ ㄉㄡ ㄨㄢˇ ㄕㄤˋ ㄒㄧㄚˋ ㄋㄧˇ ㄑㄧㄡˊ ㄉㄜ˙ ㄏㄨㄣ
009892,ㄐㄧㄥˇ ㄈㄤ ㄔㄚˊ ㄒㄩㄋˊ ㄌㄜˋ ㄨˋ ㄌㄧㄠˋ ㄌㄧㄥˊ ㄑㄩˇ ㄉㄢ ㄐㄩˋ ㄖˋ ㄑㄧ ㄩˇ ㄢ ㄓㄨㄤ ㄕˊ ㄐㄧㄢ ㄒㄧㄤ ㄈㄨˊ
009893,ㄐㄩˋ ㄒㄧ ㄓㄜˋ ㄍㄜ˙ ㄌㄧㄡˊ ㄉㄨㄥˋ ㄉㄜ˙ ㄌㄨㄛˋ ㄊㄨㄛ˙ ㄓㄠˋ ㄒㄧㄤˋ ㄊㄢ ㄅㄧㄥˋ ㄨㄟˋ ㄅㄢˋ ㄌㄧˇ ㄖㄣˋ ㄏㄜˊ ㄕㄡˇ ㄒㄩˋ
009894,ㄊㄨㄥˊ ㄕˊ ㄧˋ ㄙㄨㄢˋ ㄢˋ ㄉㄜ˙ ㄉㄧㄢˋ ㄗˊ ㄅㄢˇ ㄧㄝˇ ㄐㄧㄤ ㄕㄤˋ ㄨㄤˇ ㄖㄣˋ ㄏㄜˊ ㄖㄣˊ ㄉㄡ ㄎㄜˊ ㄧˇ ㄔㄚˊ ㄩㄝˋ
009895,ㄑㄧˇ ㄔㄨ ㄏㄜˊ ㄔㄥˋ ㄇㄧㄥˊ ㄌㄡˇ ㄓㄜ˙ ㄧˊ ㄨㄟˋ ㄋㄩˇ ㄒㄧㄥˋ ㄧㄡˇ ㄖㄣˊ ㄉㄜ˙ ㄍㄜ ㄅㄛ˙ ㄅㄧㄢ ㄗㄡˇ ㄅㄧㄢ ㄌㄧㄠˊ
009896,ㄋㄥˊ ㄅㄟˋ ㄒㄨㄢˇ ㄗㄨㄛˋ ㄐㄧ ㄒㄧㄣ ㄍㄜˊ ㄗˋ ㄌㄧㄠˋ ㄉㄜ˙ ㄕㄡ ㄘㄤˊ ㄓㄜˇ ㄧㄝ ㄌㄨˇ ㄕㄣ ㄍㄢˇ ㄖㄨㄥˊ ㄒㄧㄥˋ
009897,ㄓㄜˋ ㄏㄜˊ ㄍㄠ ㄘㄥˊ ㄍㄨㄢˊ ㄌㄧˊ ㄓㄜˇ ㄐㄧㄥ ㄕㄣˊ ㄧㄚ ㄌㄧˋ ㄉㄚˋ ㄧㄥˋ ㄔㄡˊ ㄉㄨㄛ ㄧㄡˊ ㄏㄣˇ ㄉㄚˋ ㄍㄨㄢ ㄒㄧ˙
009898,ㄗㄢˊ ㄇㄣ˙ ㄇㄨˋ ㄇㄧㄣˊ ㄑㄩㄋˊ ㄓㄨㄥˋ ㄊㄜˋ ㄅㄧㄝˊ ㄖㄜˋ ㄒㄧㄣ ㄊㄜˋ ㄅㄧㄝˊ ㄏㄠˋ ㄎㄜˋ ㄈㄟ ㄔㄤˊ ㄕㄢˋ ㄌㄧㄤˇ
009899,ㄇㄟˇ ㄧˊ ㄍㄜˋ ㄏㄨㄛˇ ㄐㄧㄢˋ ㄍㄨㄢ ㄉㄡ ㄕㄨㄣˋ ㄌㄧˋ ㄉㄜ˙ ㄕㄥ ㄕㄤˋ ㄑㄩˋ ㄌㄜ˙ ㄖㄢˊ ㄖㄢˇ ㄖㄨㄛˋ ㄒㄧㄥ ㄍㄨㄤ
009900,ㄇㄟˇ ㄊㄧㄢ ㄅㄚˇ ㄌㄠˊ ㄙㄠ ㄋㄚˊ ㄔㄨ ㄌㄞˊ ㄕㄞ ㄕㄞ˙ ㄊㄞˋ ㄧㄤ˙ ㄒㄧㄣ ㄑㄧㄥˊ ㄐㄧㄡˋ ㄅㄨˊ ㄏㄨㄟˋ ㄑㄩㄜˋ ㄍㄞˋ
009901,ㄗㄨㄛˊ ㄖˋ ㄓㄜˋ ㄇㄧㄣˊ ㄕㄤ ㄓㄜˊ ㄩˇ ㄧ ㄕㄥ ㄑㄨㄢˊ ㄅㄨˋ ㄨㄟˋ ㄐㄧㄥˇ ㄈㄤ ㄧ ㄈㄚˇ ㄒㄧㄥˊ ㄕˋ ㄐㄩ ㄌㄧㄡˊ
009902,ㄒㄧㄢˊ ㄨㄟˇ ㄔㄤˊ ㄒㄧㄤˇ ㄉㄠˋ ㄕㄤˋ ㄏㄞˇ ㄌㄞˊ ㄅㄢˋ ㄒㄩㄜˊ ㄒㄧㄠˋ ㄕˋ ㄐㄧㄥ ㄍㄨㄛˋ ㄕㄣ ㄙ ㄕㄨˇ ㄌㄩˋ ㄉㄜ˙
009903,ㄊㄚ ㄐㄧㄢˋ ㄨㄛˇ ㄧˊ ㄐㄧㄣˋ ㄇㄣˊ ㄐㄧㄡˋ ㄇㄚˋ ㄔ ㄈㄢˋ ㄕˊ ㄧㄝˇ ㄇㄚˋ ㄋㄚˋ ㄉㄜ˙ ㄨㄛˇ ㄊㄞˊ ㄅㄨˋ ㄑㄧˇ ㄊㄡˊ
009904,ㄌㄧˇ ㄕㄨˋ ㄉㄜˊ ㄗㄞˋ ㄌㄧˊ ㄎㄞ ㄓ ㄑㄧㄢˊ ㄓˇ ㄕㄨㄛ ㄌㄜ˙ ㄧˊ ㄐㄩˋ ㄓㄨˋ ㄊㄨㄛˊ ㄕㄚ ㄈㄨˋ ㄑㄧㄣˇ ㄌㄜ˙
009905,ㄓㄜˋ ㄓㄨㄥˇ ㄔㄜ ㄆㄧㄠˋ ㄏㄜˊ ㄅㄠˊ ㄒㄧㄢˇ ㄉㄢ ㄎㄨㄣˊ ㄅㄤˇ ㄔㄨ ㄕㄡˋ ㄕㄨˇ ㄩˊ ㄔㄨㄥˊ ㄈㄨˋ ㄒㄧㄥˋ ㄍㄡˋ ㄇㄞˇ
009906,ㄅㄞˋ ㄆㄧㄢˋ ㄋㄧ ㄉㄜ˙ ㄋㄢˊ ㄧㄡˇ ㄒㄧ ㄇㄧˇ ㄌㄨˋ ㄐㄧㄝ ㄔㄤˋ ㄑㄧㄥˊ ㄍㄜ ㄖㄤˋ ㄊㄚ ㄈㄟ ㄔㄤˇ ㄎㄞ ㄒㄧㄣ
009907,ㄍㄨㄢ ㄉㄚˋ ㄕˋ ㄇㄡˊ ㄉㄚˋ ㄐㄩˊ ㄔㄨ ㄉㄚˋ ㄘㄜˋ ㄕˇ ㄓㄨㄥ ㄕ˙ ㄍㄞ ㄩㄢˋ ㄉㄜ˙ ㄅㄢˋ ㄩㄢˋ ㄈㄤ ㄓㄣ
009908,ㄊㄚ ㄇㄣ˙ ㄑㄧˊ ㄓㄜˋ ㄇㄛˊ ㄊㄨㄛ ㄏㄨㄟˊ ㄐㄧㄚ ㄓㄥˋ ㄏㄠˇ ㄨㄟˋ ㄋㄨㄥˊ ㄇㄤˊ ㄕˊ ㄉㄜ˙ ㄈㄨˋ ㄇㄨˇ ㄅㄤ ㄇㄤˊ
009909,ㄉㄢˋ ㄕˋ ㄧㄣ ㄨㄟˋ ㄏㄞˊ ㄇㄟˊ ㄉㄠˋ ㄊㄨㄟˋ ㄐㄧㄡˋ ㄋㄧㄢˊ ㄌㄧㄥˊ ㄓˇ ㄋㄥˊ ㄅㄞ ㄓㄜ˙ ㄓˇ ㄊㄡ˙ ㄞˊ ㄖˋ ㄗ˙
009910,ㄓㄜˋ ㄐㄧˇ ㄊㄧㄢ ㄩˊ ㄕㄨㄟˇ ㄅㄨˊ ㄉㄨㄢˋ ㄖㄣˊ ㄇㄣ˙ ㄏㄣˋ ㄅㄨˋ ㄉㄜˊ ㄉㄞ ㄗㄞˋ ㄐㄧㄚ ㄌㄧˇ ㄅㄨˋ ㄔㄨ ㄇㄣˊ
009911,ㄇㄟˊ ㄒㄧㄤˇ ㄉㄠˋ ㄒㄩˊ ㄩㄣ ㄓㄤ ㄏㄞˇ ㄒㄧㄤˊ ㄌㄧㄤˇ ㄖㄣˊ ㄐㄧㄡˋ ㄘˇ ㄨㄢˊ ㄑㄧˇ ㄌㄜ˙ ㄖㄣˊ ㄐㄧㄢ ㄓㄥ ㄈㄚ
009912,ㄊㄥˊ ㄘㄨㄣ ㄘˇ ㄈㄢ ㄈㄚ ㄧㄢˊ ㄎㄜˇ ㄋㄥˊ ㄕˋ ㄨㄟˋ ㄌㄜ˙ ㄊㄨ ㄒㄧㄢˇ ㄧㄝˇ ㄊㄧㄢˊ ㄉㄜ˙ ㄌㄧㄥˊ ㄉㄠˇ ㄋㄥˊ ㄌㄧˋ
009913,ㄔㄥˊ ㄔㄤˊ ㄍㄥ ㄕㄥ ㄗㄞˋ ㄑㄧㄥ ㄨㄤˊ ㄔㄠˊ ㄐㄧㄚ ㄑㄧㄥˋ ㄋㄧㄢˊ ㄐㄧㄢ ㄢ ㄏㄨㄟ ㄉㄜ˙ ㄑㄧㄢˊ ㄕㄢ ㄒㄧㄠˇ ㄒㄧㄢˋ
009914,ㄋㄢˊ ㄏㄞˊ ㄏㄞˇ ㄩˋ ㄗㄨㄥ ㄏㄜˊ ㄅㄨˊ ㄐㄧˇ ㄐㄧ ㄉㄧˋ ㄇㄚˇ ㄊㄨㄛ˙ ㄒㄧㄤˋ ㄇㄨˋ ㄓㄥˋ ㄗㄞˋ ㄌㄨㄣˋ ㄓㄥˋ ㄓㄨㄥ
009915,ㄧㄝˇ ㄐㄧㄡˋ ㄕˋ ㄕㄨㄛ ㄐㄧㄣ ㄨㄢˇ ㄔㄥˊ ㄉㄨ ㄕˋ ㄇㄧㄣˊ ㄐㄧˊ ㄧㄡˋ ㄎㄜˇ ㄋㄥˊ ㄗㄞˋ ㄘˋ ㄎㄢˋ ㄉㄠˋ ㄆㄧㄠ ㄒㄩㄜˇ
009916,ㄙㄨㄟˊ ㄓㄜ˙ ㄊㄧㄢ ㄑㄧˋ ㄓㄨㄢˇ ㄖㄜˋ ㄍㄜˋ ㄉㄧˋ ㄉㄜ˙ ㄧㄡˊ ㄩㄥˇ ㄔㄤˊ ㄙㄨㄛˇ ㄎㄞ ㄕˇ ㄩㄢˊ ㄊㄡˊ ㄘㄨㄢˊ ㄉㄨㄥˋ
009917,ㄍㄥˋ ㄖㄤˋ ㄒㄩˋ ㄒㄧㄢ ㄕㄥ˙ ㄋㄚˋ ㄇㄣˋ ㄉㄜ˙ ㄕˋ ㄈㄤˊ ㄎㄜˋ ㄉㄜ˙ ㄕㄡˇ ㄐㄧㄝˋ ㄧㄝˋ ㄉㄚˇ ㄅㄨˋ ㄊㄨㄥ ㄌㄜ˙
009918,ㄩˋ ㄉㄠˋ ㄉㄧㄢ ㄅㄛˇ ㄕˊ ㄧㄥ ㄊㄧㄥ ㄘㄨㄥˊ ㄔㄥˊ ㄨˋ ㄩㄢˊ ㄉㄜ˙ ㄢ ㄑㄨㄢˊ ㄓˇ ㄌㄧㄥˋ ㄏㄨㄟˊ ㄗㄨㄛˋ ㄨㄟˋ ㄗㄨㄛˋ ㄏㄠˇ
009919,ㄊㄚ ㄗㄞˋ ㄏㄡˋ ㄇㄧㄢˋ ㄉㄞ ㄍㄨㄢˋ ㄌㄜ˙ ㄆㄚˋ ㄗˋ ㄐㄧˇ ㄧˋ ㄔㄚ ㄕㄣ ㄏㄡˋ ㄉㄜ˙ ㄖㄣˊ ㄏㄨㄟˋ ㄅㄨˋ ㄇㄢˇ ㄅㄨˋ ㄍㄢˇ ㄆㄞˊ ㄐㄧㄣˋ ㄑㄩˋ
009920,ㄅㄤˋ ㄨㄢˇ ㄑㄧ ㄍㄜ˙ ㄒㄧㄠˇ ㄖㄣˊ ㄏㄨㄟˊ ㄌㄞ˙ ㄌㄜ˙ ㄅㄞˊ ㄒㄩˇ ㄍㄨㄥ ㄓㄨˇ ㄕㄨㄛ ㄋㄧˇ ㄇㄣˊ ㄐㄧㄡˋ ㄕˋ ㄨㄛˇ ㄇㄧㄥˋ ㄓㄨㄥ ㄉㄜ˙ ㄑㄧ ㄍㄜ˙ ㄒㄧㄠ ㄞˋ ㄖㄣˊ ㄅㄚ˙
009921,ㄊㄚ ㄅㄣˊ ㄒㄧㄤˇ ㄕㄨㄛ ㄐㄧㄠˋ ㄩˋ ㄐㄩˊ ㄍㄨㄢˇ ㄓㄜˋ ㄍㄜ˙ ㄊㄚ ㄇㄣ˙ ㄕˋ ㄧˊ ㄌㄨˋ ㄉㄜ˙ ㄓㄜˋ ㄧㄤˋ ㄧˋ ㄍㄨㄢˇ ㄑㄧˇ ㄅㄨˊ ㄕˋ ㄐㄧˋ ㄋㄩˊ ㄑㄧˇ ㄆㄧㄠˊ ㄎㄜˋ
009922,ㄧˋ ㄓㄨㄥˊ ㄅㄧㄠˇ ㄕˋ ㄕㄤ ㄆㄧˇ ㄙㄨㄛˊ ㄧㄡˇ ㄑㄨㄢˊ ㄉㄜ˙ ㄘㄞˊ ㄨˋ ㄓㄥˋ ㄑㄨㄢˋ ㄧㄝˇ ㄔㄥ ㄕㄤ ㄆㄧㄣˇ ㄓㄥˋ ㄑㄨㄢˋ ㄖㄨˊ ㄊㄧˊ ㄏㄨㄛˋ ㄉㄢ ㄐㄧㄠ ㄏㄨㄛˋ ㄉㄢ
009923,ㄏㄨㄟˋ ㄧㄡˊ ㄏㄣˇ ㄈㄥ ㄈㄨˋ ㄉㄜ˙ ㄉㄨㄥ ㄒㄧ˙ ㄌㄧㄡˊ ㄒㄧㄚˋ ㄌㄞˊ ㄕㄨㄛ ㄉㄡ ㄕㄨㄛˋ ㄅㄨˋ ㄨㄢˊ
009924,ㄓㄜˋ ㄐㄩˋ ㄏㄨㄚˋ ㄒㄧㄤˋ ㄘㄨㄥˊ ㄊㄧㄢ ㄦˊ ㄐㄧㄤˋ ㄒㄧㄚˋ ㄉㄜ˙ ㄙˋ ㄓㄡ ㄧˊ ㄆㄧㄢˋ ㄐㄧˋ ㄐㄧㄥˋ
009925,ㄐㄧˋ ㄓㄜˊ ㄙㄨㄛˇ ㄗㄞˋ ㄉㄜ˙ ㄕˋ ㄕㄡˋ ㄏㄞˋ ㄖㄣˊ ㄐㄧㄚ ㄕㄨˊ ㄙㄨㄛˇ ㄗㄞˋ ㄉㄜ˙ ㄧㄡˋ ㄑㄩ
009926,ㄅㄨˋ ㄍㄨㄢˇ ㄏㄚ ㄉㄚˋ ㄧㄝˊ ㄑㄩˋ ㄋㄚˇ ㄊㄚ ㄉㄡ ㄧˊ ㄅㄨˋ ㄅㄨˋ ㄌㄧˊ ㄉㄜ˙ ㄍㄣ ㄓㄜ˙
009927,ㄉㄚˋ ㄐㄧㄚ ㄊㄞˊ ㄊㄡˊ ㄨㄤˋ ㄑㄩˋ ㄧˋ ㄓ ㄌㄠˊ ㄕㄨˇ ㄓㄥˋ ㄆㄚ ㄗㄞˋ ㄉㄧㄠˋ ㄉㄧㄥˇ ㄕㄤˋ
009928,ㄨㄛˇ ㄐㄩㄜˊ ㄉㄧㄥˋ ㄍㄨㄛˋ ㄋㄧㄢˊ ㄐㄧㄡˋ ㄘˊ ㄓˊ ㄐㄧㄝ ㄕㄡˊ ㄨㄛˇ ㄅㄚˋ ㄉㄜ˙ ㄈㄟˋ ㄆㄧㄣˇ ㄓㄢˋ
009929,ㄗㄨㄟˋ ㄓㄨㄥ ㄓㄨㄥ ㄍㄨㄛˋ ㄋㄢˊ ㄗˇ ㄆㄧㄥ ㄆㄤ ㄑㄧㄡˊ ㄉㄨㄟˋ ㄏㄨㄛˋ ㄉㄜˊ ㄘˊ ㄐㄧㄤˇ ㄒㄧㄤˋ
009930,ㄈㄤˊ ㄒㄩㄋˋ ㄎㄤˋ ㄏㄢˋ ㄌㄧㄤˊ ㄕㄡˇ ㄓㄨㄚ ㄎㄤ ㄏㄢˋ ㄒㄧㄤ ㄉㄨㄟˋ ㄓㄨㄚ ㄉㄜ˙ ㄅㄨˊ ㄍㄡˋ
009931,ㄊㄨˊ ㄇㄣˊ ㄐㄧㄤ ㄒㄧㄚˋ ㄧㄡˊ ㄉㄧˋ ㄑㄩ ㄎㄞ ㄈㄚ ㄎㄞ ㄈㄤˋ ㄉㄜ˙ ㄐㄧㄣˋ ㄓㄢˇ ㄖㄨˊ ㄏㄜˊ
009932,ㄓㄜˋ ㄧㄠ ㄑㄧㄡˊ ㄓㄨㄥ ㄍㄨㄛˊ ㄅㄧˋ ㄒㄩ ㄧㄡˇ ㄧˊ ㄍㄜˋ ㄐㄧㄢ ㄑㄧㄤˊ ㄉㄜ˙ ㄓㄥˋ ㄉㄤˇ ㄌㄧㄥˊ ㄉㄠˇ
009933,ㄗㄞˋ ㄕㄨㄛ ㄨㄢ ㄩˊ ㄌㄧˋ ㄧˋ ㄕㄤˋ ㄉㄜ˙ ㄕˋ ㄢˊ ㄌㄧㄚˇ ㄉㄡ ㄅㄨˋ ㄏㄠˇ ㄎㄞ ㄎㄡˇ
009934,ㄇㄧㄥˊ ㄉㄞˋ ㄨㄚˇ ㄌㄚˋ ㄉㄚˊ ㄉㄚˊ ㄖㄨˋ ㄑㄧㄣ ㄇㄧㄥˊ ㄐㄧㄥˋ ㄧㄝˇ ㄕˋ ㄊㄨㄥ ㄍㄨㄛˋ ㄘˇ ㄉㄧˋ
009935,ㄋㄧˊ ㄇㄧˊ ㄊㄧㄢˇ ㄓㄜ˙ ㄏㄞˊ ㄗ˙ ㄅㄚˇ ㄊㄚ ㄕㄣ ㄕㄤˋ ㄉㄜ˙ ㄇㄠˊ ㄊㄧㄢˇ ㄍㄢ ㄐㄧㄥˋ
009936,ㄕˋ ㄈㄡˇ ㄓㄜˋ ㄘˋ ㄉㄜ˙ ㄍㄨㄛˊ ㄅㄧㄠ ㄒㄧㄡ ㄉㄧㄥˋ ㄅㄟ ㄉㄚˋ ㄑㄧˇ ㄅㄤˇ ㄐㄧㄚˋ ㄌㄜ˙
009937,ㄆㄢˋ ㄐㄩㄜˊ ㄏㄡˋ ㄧㄠˊ ㄇㄡˇ ㄑㄧ ㄗ˙ ㄏㄨˊ ㄇㄡˇ ㄅㄨˋ ㄈㄨˊ ㄊㄧˊ ㄑㄧˇ ㄕㄤˋ ㄙㄨˋ
009938,ㄧㄡˊ ㄘˇ ㄎㄜˊ ㄧˇ ㄎㄢˋ ㄔㄨ ㄏㄢˊ ㄍㄤ ㄉㄜ˙ ㄐㄧㄥ ㄐㄧˋ ㄒㄧㄠˋ ㄧㄣˋ ㄌㄞˊ ㄗˋ ㄏㄜˊ ㄔㄨˋ
009939,ㄌㄧㄥˊ ㄉㄚˊ ㄕㄨㄛ ㄕˋ ㄩˊ ㄐㄧㄚ ㄍㄞˇ ㄅㄧㄢˋ ㄌㄜ˙ ㄊㄚ ㄏㄜˊ ㄇㄚˇ ㄦˊ ㄉㄜ˙ ㄕㄥ ㄏㄨㄛ˙
009940,ㄌㄡˊ ㄒㄧㄚˋ ㄉㄜ˙ ㄅㄠˇ ㄢ ㄍㄠˋ ㄙㄨˋ ㄐㄧˋ ㄓㄜˇ ㄓㄜˋ ㄌㄧˇ ㄅㄨˋ ㄗㄨ ㄧㄝˇ ㄅㄨˊ ㄇㄞˋ
009941,ㄒㄧˊ ㄐㄧㄣˋ ㄆㄧㄥˊ ㄕㄨㄛ ㄓㄨㄥ ㄙ ㄌㄧㄤˇ ㄍㄨㄛˊ ㄖㄣˊ ㄇㄧㄣˊ ㄔㄨㄢˊ ㄊㄨㄥˊ ㄧㄡˇ ㄧˋ ㄕㄣ ㄏㄡˋ
009942,ㄔㄨㄢˊ ㄨㄣˊ ㄩㄝˋ ㄌㄞˊ ㄩㄝˋ ㄉㄨㄛ ㄏㄡˋ ㄌㄞˊ ㄌㄧㄢˊ ㄌㄠˇ ㄔㄞˋ ㄗˋ ㄐㄧˇ ㄉㄡ ㄆㄚˋ ㄌㄜ˙
009943,ㄨㄛˇ ㄋㄨˋ ㄏㄡˇ ㄧˋ ㄕㄥ ㄔㄨㄥ ㄕㄤˋ ㄑㄩˋ ㄐㄩˊ ㄑㄧˋ ㄓㄨㄢ ㄊㄡ˙ ㄗㄚˊ ㄌㄜ˙ ㄍㄨㄛˋ ㄑㄩˋ
009944,ㄨㄛˇ ㄒㄧㄢˋ ㄗㄞˋ ㄏㄞˊ ㄅㄨˊ ㄏㄨㄟˋ ㄓㄜˋ ㄐㄧㄡˋ ㄏㄨㄟˊ ㄑㄩˋ ㄨㄣˋ ㄨㄟˋ ㄈㄚ ㄇㄧㄥˊ ㄨㄛˇ ㄉㄜ˙ ㄖㄣˊ
009945,ㄒㄧㄢˇ ㄖㄢˊ ㄌㄨㄛˋ ㄧㄤˊ ㄒㄧㄥˋ ㄋㄨˊ ㄢˋ ㄅㄨˊ ㄐㄩˋ ㄅㄟˋ ㄕㄤˋ ㄕㄨ ㄌㄧㄤˇ ㄉㄜ˙ ㄑㄧㄢˊ ㄊㄧˊ
009946,ㄌㄧㄥˋ ㄨㄞˋ ㄐㄧㄝˊ ㄏㄜˋ ㄒㄩㄋˋ ㄧㄡˇ ㄨㄣˊ ㄔㄨㄣˊ ㄒㄧㄢˋ ㄧㄢˇ ㄒㄧㄢˋ ㄇㄟˊ ㄇㄠˋ ㄉㄜ˙ ㄉㄨㄥˋ ㄗㄨㄛˋ
009947,ㄗㄨㄛˊ ㄨㄢˇ ㄏㄨㄚˊ ㄒㄧ ㄉㄨ ㄕˋ ㄇㄠˋ ㄐㄧˋ ㄓㄜˇ ㄉㄧㄢˋ ㄏㄨㄚˋ ㄘㄞˊ ㄈㄤˊ ㄌㄜ˙ ㄧㄣˇ ㄑㄧˊ
009948,ㄋㄧㄝˋ ㄌㄚ ㄐㄧˋ ㄎㄜˋ ㄨㄟˋ ㄊㄡˋ ㄌㄨˋ ㄓㄜˋ ㄒㄧㄝ ㄏㄤˊ ㄍㄨㄥ ㄍㄨㄥ ㄙ ㄙㄨㄣ ㄅㄣ˙ ㄇㄧㄥˊ ㄔㄥ
009949,ㄘㄨㄥˊ ㄩㄣˋ ㄒㄧㄥˊ ㄍㄨㄟˇ ㄐㄧˋ ㄕㄤˋ ㄌㄞˊ ㄕㄨㄛ ㄊㄚ ㄧㄝˇ ㄅㄨˋ ㄎㄜˇ ㄋㄥˊ ㄕˋ ㄒㄧㄥ ㄒㄧㄥ˙
009950,ㄇㄨˋ ㄑㄧㄢˊ ㄎㄢˋ ㄖㄨˊ ㄍㄨㄛˇ ㄐㄧˋ ㄒㄩˋ ㄐㄧㄚ ㄒㄧ ㄧㄝˇ ㄘㄨㄣˊ ㄗㄞˋ ㄌㄧㄤˇ ㄋㄢˊ ㄨㄣˋ ㄊㄧˊ
009951,ㄗㄥ ㄅㄠˇ ㄧˊ ㄗㄞˋ ㄐㄧㄢˊ ㄇㄨˋ ㄌㄨˋ ㄓˋ ㄒㄧㄢˋ ㄔㄤˇ ㄉㄚˋ ㄅㄠˋ ㄍㄨㄢ ㄓㄨㄥˋ ㄑㄧㄡˇ ㄕˋ
009952,ㄉㄢˋ ㄖㄣˋ ㄆㄧㄥˊ ㄓㄡ ㄇㄡˊ ㄗㄣˇ ㄇㄜ˙ ㄐㄧㄠˋ ㄋㄢˊ ㄗˇ ㄖㄥˊ ㄏㄢ ㄕㄨㄟˋ ㄅㄨˋ ㄒㄧㄥˇ
009953,ㄌㄠˇ ㄉㄚˋ ㄧㄝ˙ ㄕㄨㄛ ㄒㄧㄠˇ ㄗ˙ ㄋㄧˇ ㄉㄤˊ ㄨㄛˇ ㄘㄞˊ ㄌㄨˋ ㄌㄜ˙ ㄓ ㄉㄠˋ ㄅㄛ˙
009954,ㄇㄟˊ ㄌㄧㄠˋ ㄉㄠˋ ㄔㄨㄤˇ ㄒㄧㄚˋ ㄉㄚˋ ㄏㄡˊ ㄈㄛˊ ㄉㄜ˙ ㄚ ㄨㄟˇ ㄏㄞˊ ㄅㄨˋ ㄓ ㄏㄨㄟˊ ㄍㄞˇ
009955,ㄎㄚˇ ㄓㄚ ㄈㄟ ㄅㄨˋ ㄌㄨㄛˊ ㄕˋ ㄊㄨㄥˇ ㄓˋ ㄧˇ ㄗㄠ ㄩˋ ㄅㄨˋ ㄌㄨㄛˋ ㄋㄟˋ ㄏㄨㄥˋ
009956,ㄓㄜˋ ㄍㄜ˙ ㄏㄞˊ ㄗ˙ ㄉㄜ˙ ㄕㄥ ㄇㄧㄥˋ ㄧˊ ㄅㄢˋ ㄌㄞˊ ㄩㄢˊ ㄩˊ ㄌㄧㄥˋ ㄧˋ ㄨㄟˋ ㄋㄧˇ ㄕˋ ㄐㄨㄢ ㄗㄥˋ ㄅㄥˇ ㄌㄥˇ ㄉㄨㄥˋ ㄌㄨㄢˊ ㄗˇ
009957,ㄔㄨ ㄒㄧㄢˋ ㄓㄜˋ ㄓㄨㄥˇ ㄋㄧˊ ㄑㄧㄡˋ ㄋㄟˋ ㄍㄜˊ ㄉㄜ˙ ㄐㄩˊ ㄇㄧㄢˋ ㄐㄧˋ ㄕˋ ㄧㄝˇ ㄊㄧㄢˊ ㄧㄡˇ ㄧˋ ㄨㄟˊ ㄓ ㄧㄝˇ ㄕˊ ㄕㄨˇ ㄨˊ ㄋㄞˋ
009958,ㄐㄧˇ ㄑㄧㄥ ㄍㄠ ㄙㄨˋ ㄐㄧˇ ㄋㄢˊ ㄏㄨㄚˋ ㄕㄢ ㄓㄤ ㄑㄧㄡ ㄗㄡ ㄆㄧㄥˊ ㄓㄡ ㄘㄨㄣ ㄗ ㄅㄛˊ ㄌㄧㄣˊ ㄗ ㄓㄢˋ
009959,ㄓㄠˋ ㄌㄧㄥˊ ㄈㄟ ㄉㄜ˙ ㄏㄨㄚˋ ㄈㄢˇ ㄧㄥˋ ㄌㄜ˙ ㄕㄣˇ ㄧㄤˊ ㄙㄞˋ ㄑㄩ ㄙㄨㄛˊ ㄧㄡˇ ㄠˋ ㄩㄣˋ ㄓ ㄩㄢˋ ㄓㄜˇ ㄉㄜ˙ ㄍㄨㄥˋ ㄊㄨㄥˊ ㄒㄧㄣ ㄕㄥ
009960,ㄧㄥ ㄨㄟˋ ㄨㄛˇ ㄇㄣ˙ ㄙㄨㄛˇ ㄈㄚ ㄔㄨ ㄉㄜ˙ ㄌㄧˋ ㄌㄧㄤˋ ㄅㄧˋ ㄏㄨㄟˋ ㄧㄣ ㄋㄢˊ ㄉㄨˋ ㄐㄧㄚ ㄉㄚˋ ㄦˊ ㄐㄧㄢˇ ㄖㄨㄛˋ
009961,ㄈㄚ ㄕㄥ ㄕˋ ㄍㄨˋ ㄉㄜ˙ ㄌㄡˊ ㄊㄧ ㄍㄨㄞˊ ㄐㄧㄠˇ ㄔㄨˋ ㄖㄥˊ ㄎㄜˇ ㄎㄢˋ ㄉㄠˋ ㄒㄩㄜˋ ㄐㄧˋ
009962,ㄒㄧㄤˇ ㄍㄨㄛˋ ㄐㄧㄣˋ ㄍㄨㄥ ㄢ ㄎㄜˇ ㄋㄥˊ ㄕㄣ ㄍㄠ ㄅㄨˊ ㄍㄡˋ ㄌㄠˇ ㄏㄢㄖˋ ㄧㄝˇ ㄅㄨˊ ㄖㄤˋ ㄨㄛ˙ ㄐㄧㄣˋ ㄑㄩˋ
009963,ㄌㄨˋ ㄕㄤˋ ㄍㄨㄢ ㄑㄧㄚˊ ㄏㄣˇ ㄉㄨㄛ ㄨㄟˋ ㄌㄜ˙ ㄈㄤ ㄅㄧㄢˋ ㄔㄜˋ ㄌㄧˊ ㄓˊ ㄏㄠˇ ㄑㄧㄥ ㄓㄨㄤ ㄑㄧㄢˊ ㄐㄧㄣˋ
009964,ㄩㄢˊ ㄌㄞˊ ㄅㄧㄝˋ ㄦˋ ㄍㄞˋ ㄘˊ ㄐㄧㄡˋ ㄕˋ ㄇㄟˇ ㄍㄨㄛˊ ㄨㄟ ㄖㄢˇ ㄍㄨㄥ ㄙ ㄌㄧㄢˊ ㄏㄜˊ ㄔㄨㄤˋ ㄕˇ ㄧㄚ˙
009965,ㄓ ㄏㄡˋ ㄊㄚ ㄇㄣ˙ ㄧˋ ㄐㄧㄚ ㄙㄢ ㄎㄡˇ ㄐㄧㄤ ㄩˇ ㄕㄨㄤ ㄈㄤ ㄈㄨˋ ㄇㄨˇ ㄨㄤˇ ㄎㄜˋ ㄌㄧˊ ㄉㄠˇ ㄌㄩˋ ㄧㄡˊ
009966,ㄒㄧㄝˋ ㄒㄧㄝˋ ㄗㄨㄥˊ ㄌㄧˇ ㄧㄝˊ ㄍㄢˇ ㄒㄧㄝˋ ㄍㄨㄤˇ ㄉㄚˋ ㄨㄤˊ ㄧㄡˇ ㄉㄜ˙ ㄘㄢ ㄩˋ ㄨㄛˇ ㄇㄣ˙ ㄇㄧㄥˊ ㄋㄧㄢˊ ㄗㄞˋ ㄐㄧㄢˋ
009967,ㄕˋ ㄕˊ ㄕㄤˋ ㄕˋ ㄘㄨㄥˊ ㄌㄞˊ ㄇㄟˊ ㄧㄡˇ ㄧˊ ㄍㄜˋ ㄑㄧ ㄕㄢˋ ㄆㄚ ㄜˋ ㄉㄜ˙ ㄖㄣˊ ㄋㄥˊ ㄗㄨㄛˋ ㄔㄨ ㄍㄨㄛˋ ㄕㄠ ㄉㄚˋ ㄧˋ ㄉㄧㄢˇ ㄉㄜ˙ ㄔㄥˊ ㄐㄧㄡˋ
009968,ㄨㄛˇ ㄏㄨㄟˋ ㄉㄚˇ ㄎㄞ ㄧㄡˊ ㄐㄧㄢˋ ㄋㄧˇ ㄎㄜˊ ㄧˇ ㄘㄨㄥˊ ㄋㄚˋ ㄌㄧˇ ㄐㄧˋ ㄒㄩˋ
009969,ㄇㄟˇ ㄈㄤ ㄉㄨㄟˋ ㄐㄧㄣˋ ㄑㄧ ㄉㄨㄥ ㄏㄞˇ ㄐㄩˊ ㄕˋ ㄅㄧㄠˇ ㄕˋ ㄍㄨㄢ ㄑㄧㄝˋ
009970,ㄐㄩˋ ㄒㄧ ㄠ ㄅㄚ ㄇㄚˇ ㄧˋ ㄐㄧㄚ ㄖㄣˊ ㄉㄨㄟˋ ㄓㄜˋ ㄗㄨㄛˋ ㄉㄨㄥ ㄐㄧˋ ㄅㄞˊ ㄍㄨㄥ ㄐㄧˊ ㄨㄟˊ ㄇㄢˇ ㄧˋ
009971,ㄅㄚˊ ㄙㄠˇ ㄨㄢˊ ㄋㄧˇ ㄏㄨㄟˋ ㄏㄣˊ ㄧㄡˇ ㄔㄥˊ ㄐㄧㄡˋ ㄍㄢˇ ㄉㄜ˙ ㄕˋ ㄧ ㄕˋ ㄋㄧˇ ㄐㄧㄡˋ ㄒㄧㄣˋ ㄌㄜ˙
009972,ㄋㄨㄛˋ ㄇㄢˋ ㄓㄢˋ ㄗㄞˋ ㄏㄨㄚˊ ㄅㄢˇ ㄔㄜ ㄕㄤˋ ㄍㄜˋ ㄐㄧㄡˋ ㄍㄜˋ ㄨㄟˋ ㄓㄨㄣˇ ㄅㄟˋ ㄔㄨ ㄈㄚ ㄌㄚ˙
009973,ㄊㄚˇ ㄏㄜˊ ㄉㄜ˙ ㄏㄢˊ ㄧㄝˋ ㄑㄧ ㄨㄣ ㄐㄧㄤˋ ㄉㄠˋ ㄌㄜ˙ ㄌㄧㄥˊ ㄒㄧㄚˋ ㄙㄢ ㄕˊ ㄉㄨㄛ ㄕㄜˋ ㄕˋ ㄉㄨˋ
009974,ㄑㄧˊ ㄐㄧㄢ ㄌㄧㄢˊ ㄆㄛ ㄌㄧㄡˋ ㄉㄧㄢˇ ㄌㄧㄡˋ ㄌㄧㄡˋ ㄉㄧㄢˊ ㄨˇ ㄌㄧㄡˋ ㄉㄧㄢˇ ㄙˋ ㄌㄧㄡˋ ㄉㄧㄢˇ ㄙㄢ ㄨˊ ㄉㄥˇ ㄉㄨㄛ ㄍㄜ˙ ㄓㄨㄥˋ ㄧㄠˋ ㄍㄨㄢ ㄎㄡˇ
009975,ㄙㄨㄢˋ ㄇㄧㄥˋ ㄑㄧˊ ㄕˊ ㄓˇ ㄕˋ ㄖㄣˊ ㄇㄣ˙ ㄉㄜ˙ ㄧˋ ㄓㄨㄥˇ ㄗˋ ㄨㄛˇ ㄢ ㄨㄟˋ ㄏㄜˊ ㄗˋ ㄨˇ ㄢˋ ㄕˊ ㄦˊ ㄧˇ ㄨㄛˇ ㄇㄣ˙ ㄏㄞˊ ㄕˋ ㄧㄠˋ ㄒㄧㄤ ㄒㄧㄣˋ ㄎㄜ ㄒㄩㄜˊ ㄘㄞˊ ㄏㄠˇ
009976,ㄓㄜˋ ㄧˊ ㄑㄧㄝˋ ㄉㄡ ㄌㄧㄥˋ ㄖㄣˊ ㄏㄨㄞ ㄒㄧㄣ ㄍㄨˊ ㄨˇ ㄚ ㄋㄨㄟˋ ㄒㄧ ㄇㄟˊ ㄌㄧˇ ㄧㄡˊ ㄅㄨˋ ㄐㄧㄢ ㄔˋ ㄉㄠˋ ㄗㄨㄟˋ ㄏㄡˋ
009977,ㄓˊ ㄓˋ ㄍㄨㄥ ㄖㄣˊ ㄑㄧㄢˊ ㄧˊ ㄨㄢ ㄧˋ ㄑㄧㄢ ㄋㄧㄢˊ ㄊㄚ ㄧㄡˋ ㄗㄞˋ ㄘˋ ㄔㄨ ㄒㄧㄢˋ
009978,ㄐㄧㄣˇ ㄌㄧㄤˋ ㄕㄠˇ ㄨㄢˊ ㄉㄧㄢˋ ㄋㄠˇ ㄕㄠˇ ㄎㄢ ㄉㄧㄢˋ ㄕˋ ㄕㄠˊ ㄉㄚˇ ㄧㄡˊ ㄒㄧˋ
009979,ㄘㄨㄥˊ ㄨˇ ㄉㄠˋ ㄑㄧ ㄑㄧㄢˊ ㄏㄡˋ ㄧㄝˇ ㄐㄧㄡˋ ㄕˊ ㄌㄧㄡˋ ㄍㄜ˙ ㄩㄝˋ ㄉㄜ˙ ㄕˊ ㄐㄧㄢ
009980,ㄧˊ ㄐㄧㄣˋ ㄎㄚ ㄈㄟ ㄉㄧㄢˋ ㄊㄚ ㄐㄧㄡˋ ㄧˋ ㄐㄧㄢˋ ㄧˇ ㄓㄤ ㄕㄨˊ ㄒㄧ ㄉㄜ˙ ㄌㄧㄢˇ
009981,ㄏㄠˇ ㄗㄞˋ ㄓㄨㄥˋ ㄉㄧˋ ㄒㄩㄥ ㄎㄢˋ ㄉㄠˋ ㄌㄜ˙ ㄅㄚˇ ㄊㄚ ㄓㄟ ㄌㄜ˙ ㄏㄨㄟˊ ㄌㄞˊ
009982,ㄧㄡˇ ㄧˊ ㄍㄜ˙ ㄖㄣˊ ㄕㄨㄛ ㄍㄜ ㄋㄨㄢㄖˇ ㄨㄛˇ ㄇㄣ˙ ㄆㄠˇ ㄍㄨㄛˋ ㄊㄚ ㄘㄞˊ ㄋㄥˊ ㄏㄨㄛˊ
009983,ㄊㄨㄥˇ ㄌㄜ˙ ㄊㄚ ㄧˇ ㄏㄡˋ ㄇㄛˊ ㄏㄨ ㄐㄧˋ ㄉㄜ˙ ㄊㄚ ㄇㄟˊ ㄗㄚˇ ㄉㄨㄥˋ ㄌㄜ˙
009984,ㄘㄨㄥˊ ㄒㄧㄠˇ ㄉㄠˋ ㄉㄚˋ ㄍㄜˊ ㄑㄧˇ ㄧˋ ㄇㄟˊ ㄧㄡˇ ㄕㄡ ㄉㄠˋ ㄍㄨㄛˊ ㄧㄚ ㄙㄨㄟˋ ㄑㄧㄢˊ
009985,ㄨˇ ㄊㄞˊ ㄒㄧㄚˋ ㄉㄜ˙ ㄋㄧˇ ㄏㄨㄟˋ ㄉㄨㄟˋ ㄨˇ ㄊㄞˊ ㄕㄤˋ ㄉㄜ˙ ㄋㄧˇ ㄕㄨㄛ ㄕㄣˊ ㄇㄜ˙
009986,ㄉㄢˋ ㄎㄠˇ ㄕㄥ ㄆㄨˇ ㄅㄧㄢˋ ㄖㄣˋ ㄨㄟˊ ㄕˋ ㄊㄧˊ ㄉㄜ˙ ㄍㄨㄞˋ ㄉㄨㄛ ㄍㄨㄛˋ ㄋㄢˊ
009987,ㄨㄛˇ ㄒㄧ ㄨㄤˋ ㄇㄟˇ ㄍㄜˋ ㄖㄣˊ ㄉㄡ ㄋㄥˊ ㄍㄡˋ ㄗㄨㄣ ㄓㄨㄥˋ ㄨㄛˇ ㄇㄣ˙ ㄉㄜ˙ ㄧㄣˇ ㄙ
009988,ㄇㄢˋ ㄊㄧㄢ ㄉㄜ˙ ㄏㄨㄥˊ ㄒㄧㄚ ㄕˇ ㄐㄧㄣˋ ㄍㄟˊ ㄌㄧㄤˇ ㄖㄣˊ ㄗㄥ ㄊㄧㄢ ㄑㄧˋ ㄈㄣ
009989,ㄨㄢˇ ㄕㄤˋ ㄐㄧㄚ ㄨㄢˊ ㄅㄢ ㄎㄞ ㄔㄜ ㄏㄨㄟˊ ㄐㄧㄚ ㄊㄞˋ ㄌㄟˋ ㄌㄜ˙ ㄇㄧˊ ㄇㄧㄣˊ ㄏㄨ ㄏㄨ ㄎㄞ ㄓㄜˋ ㄔㄜ ㄗㄡˇ ㄧˊ ㄅㄢˋ ㄉㄜ˙ ㄕˊ ㄏㄡˋ ㄉㄤ ㄧˋ ㄕㄥ
009990,ㄍㄞ ㄔㄜ ㄐㄧㄤ ㄙㄣ ㄖㄣˊ ㄓㄨㄤˋ ㄉㄠˇ ㄏㄡˋ ㄗㄞˋ ㄉㄚˋ ㄨˋ ㄓㄨㄥ ㄊㄠˊ ㄘㄨㄢˋ
009991,ㄓㄜˋ ㄖㄣˊ ㄧˋ ㄉㄨㄛ ㄙㄨㄛˋ ㄈㄤ ㄒㄧㄤˋ ㄆㄢˊ ㄧㄝ ㄅㄚˇ ㄅㄨˋ ㄨㄣˇ ㄌㄜ˙ ㄔㄚˋ ㄉㄧㄢˇ ㄓㄨㄤˋ ㄕㄤˋ ㄌㄜ˙ ㄍㄠ ㄙㄨˋ ㄅㄧㄢ ㄉㄠˋ ㄏㄨˋ ㄌㄢˊ
009992,ㄋㄚˋ ㄋㄩˇ ㄏㄞˊ ㄨㄟˇ ㄑㄩ ㄉㄜ˙ ㄕㄨㄛ ㄨㄛˊ ㄧˋ ㄏㄨㄟˊ ㄊㄡˊ ㄐㄧㄢˋ ㄧˊ ㄧˇ ㄐㄧㄥ ㄐㄧㄣˋ ㄑㄩˋ ㄌㄜ˙ ㄨㄛˇ ㄅㄨˋ ㄍㄢˇ ㄐㄧㄣˋ ㄑㄩˋ ㄚ˙
009993,ㄒㄧㄠˇ ㄇㄧㄥˊ ㄧㄠˊ ㄧㄠ ㄊㄡˊ ㄕㄨㄛ ㄅㄨˊ ㄕˋ ㄨㄛˊ ㄓˇ ㄕˋ ㄇㄟˊ ㄋㄧˇ ㄎㄢˋ ㄉㄨㄛ ㄌㄜ˙ ㄒㄧㄤˇ ㄏㄨㄢˋ ㄍㄜ˙ ㄎㄡˇ ㄨㄟˋ ㄦˊ ㄧˇ
009994,ㄐㄧㄝ ㄒㄧㄚˋ ㄌㄞˊ ㄏㄨㄥˊ ㄋㄧㄤˊ ㄧㄠ ㄑㄧㄡˊ ㄐㄧˋ ㄓㄜˇ ㄐㄧㄠ ㄈㄟˋ ㄐㄧˋ ㄓㄜˊ ㄅㄧㄠˇ ㄕˋ ㄅㄨˋ ㄓ ㄅㄧㄠˊ ㄐㄧㄝˇ ㄕㄣ ㄨㄣˋ ㄓㄥˋ ㄏㄠˋ ㄇㄚˇ
009995,ㄌㄧˇ ㄉㄨㄥ ㄨㄥˊ ㄅㄧㄠˇ ㄕˋ ㄗˋ ㄐㄧˇ ㄉㄤ ㄕˊ ㄗㄞˋ ㄈㄚˇ ㄊㄧㄥˊ ㄕㄤˋ ㄈㄚ ㄅㄧㄠˇ ㄌㄜ˙ ㄧˊ ㄘˋ ㄉㄨˊ ㄊㄜˋ ㄉㄜ˙ ㄍㄨㄥ ㄙㄨˋ ㄧˋ ㄐㄧㄢˋ
009996,ㄌㄧㄥˋ ㄧˋ ㄋㄢˊ ㄗˇ ㄆㄨ ㄌㄜ˙ ㄕㄤˋ ㄌㄞˊ ㄕㄡˊ ㄌㄧˇ ㄋㄚˊ ㄓㄜ˙ ㄇㄧㄥˊ ㄏㄨㄤˋ ㄏㄨㄤˋ ㄉㄜ˙ ㄔㄤˊ ㄉㄠ ㄒㄧㄤˋ ㄊㄚ ㄒㄩㄥ ㄎㄡˇ ㄓˊ ㄘˋ
009997,ㄐㄧㄣ ㄊㄧㄢ ㄎㄨㄞˋ ㄉㄧˋ ㄩㄢˊ ㄋㄚˊ ㄓㄜ˙ ㄧˊ ㄉㄜ˙ ㄎㄨㄞˋ ㄉㄧˋ ㄗㄞˋ ㄅㄢˋ ㄍㄨㄥ ㄕˋ ㄏㄢˇ ㄑㄧㄥˊ ㄨㄤˊ ㄕˋ ㄋㄚˇ ㄍㄜˋ ㄧㄡˇ ㄊㄚ ㄎㄨㄞˋ ㄉㄧˋ
009998,ㄓㄜˋ ㄔㄤˇ ㄎㄤˋ ㄧˋ ㄏㄨㄛˊ ㄉㄨㄥˋ ㄐㄧㄡ ㄐㄧㄥˋ ㄕˋ ㄖㄨˊ ㄏㄜˊ ㄈㄚ ㄓㄢ ㄧㄢˇ ㄅㄧㄢˋ ㄉㄜ˙ ㄧㄡˋ ㄐㄧㄡ ㄐㄧㄥˋ ㄕˋ ㄕㄨㄟˊ ㄕㄤ ㄏㄞˋ ㄌㄜ˙ ㄕㄨㄟˊ
009999,ㄧㄣ ㄏㄨㄚˋ ㄍㄨㄛˊ ㄈㄥ ㄒㄧㄠˋ ㄐㄧ ㄇㄨˋ ㄉㄧˋ ㄕㄜˋ ㄐㄧˋ ㄍㄣ ㄐㄩˋ ㄑㄧˊ ㄕㄨˇ ㄒㄧㄤˋ ㄕㄜˋ ㄐㄧˋ
010000,ㄗㄞˋ ㄩˋ ㄓㄨㄥ ㄓㄤ ㄇㄧㄥˊ ㄅㄠˊ ㄏㄨㄟˇ ㄏㄣˋ ㄐㄧㄠ ㄐㄧㄚ ㄒㄧㄝˇ ㄌㄜ˙ ㄧˊ ㄈㄣˋ ㄔㄢˋ ㄏㄨㄟˇ ㄕㄨ
